RA,IAA,IEG,IPS,IDA,IPV,IAN,INDE,Fase,Pedra,Idade,Gênero,Atingiu PV,IPP,Escola,Ano,Tipo_Escola,Risco_Defasagem,delta_IDA,is_new
RA-1,8.3,4.1,5.6,4.0,7.278,5.0,5.783,7,Ametista,19.0,Feminino,Não,,,2022,Privada,1,0.0,1
RA-1,,,,,,10.0,,FASE 8,,,Feminino,,,,2023,Privada,0,0.0,0
RA-1,,0.0,,,,10.0,,8E,,21.0,Feminino,,,Universidade Santo Amaro (UNISA),2024,Privada,0,0.0,0
RA-10,8.3,5.2,5.0,4.1,7.056,5.0,5.784,7,,18.0,Feminino,Não,,,2022,Privada,1,0.0,1
RA-100,8.8,7.8,5.0,7.6,7.25,10.0,7.618,4,Ametista,13.0,Feminino,Não,,,2022,Privada,0,0.0,1
RA-1000,8.5,9.4,3.77,7.0,8.92,10.0,7.9162,ALFA,Ametista,8.0,Feminino,,6.25,,2023,Privada,0,0.0,1
RA-1000,9.002,9.5454545455,6.26,7.75,7.835,10.0,8.364790909100002,1N,Topázio,9.0,Feminino,,8.125,EE Helio Luiz Dobrochinski Prof,2024,Pública,0,0.75,0
RA-1001,9.0,9.1,7.52,7.8,9.17,5.0,8.1162,ALFA,Topázio,9.0,Feminino,,7.5,,2023,Privada,1,0.0,1
RA-1001,7.502,9.347826087,7.51,7.75,7.92,5.0,7.7964318841,1N,Ametista,10.0,Feminino,,7.916666667,EE Helio Luiz Dobrochinski Prof,2024,Pública,1,-0.04999999999999982,0
RA-1002,9.0,9.7,7.52,7.0,8.92,5.0,7.9012,ALFA,Ametista,9.0,Feminino,,6.25,,2023,Privada,1,0.0,1
RA-1002,9.002,7.833333333500001,7.51,9.25,8.25,5.0,7.967866666700001,ALFA,Ametista,10.0,Feminino,,7.5,EM Cecilia Cristina de Oliveira Rodrigues,2024,Privada,1,2.25,0
RA-1003,9.0,8.5,7.52,4.0,8.75,10.0,7.6522,ALFA,Ametista,8.0,Masculino,,7.5,,2023,Privada,0,0.0,1
RA-1003,8.002,8.6944444445,7.51,8.25,7.5,5.0,7.627588888900001,ALFA,Ametista,9.0,Masculino,,6.875,EM Maria Ignez Concelles Irma Ines,2024,Privada,1,4.25,0
RA-1004,9.0,9.6,7.52,7.9,7.42,10.0,8.3137,ALFA,Topázio,8.0,Feminino,,6.875,,2023,Privada,0,0.0,1
RA-1004,9.502,9.25,7.51,7.5,7.5,5.0,7.801200000000001,ALFA,Ametista,9.0,Feminino,,7.5,EM Pedro Antonio de Almeida,2024,Privada,1,-0.40000000000000036,0
RA-1005,9.5,7.9,7.52,8.8,8.165,10.0,8.4252,ALFA,Topázio,8.0,Masculino,,7.5,,2023,Privada,0,0.0,1
RA-1006,9.0,9.3,7.52,8.7,8.0,10.0,8.5922,ALFA,Topázio,8.0,Feminino,,7.5,,2023,Privada,0,0.0,1
RA-1006,8.502,8.4444444445,7.51,5.0,7.5,5.0,7.040088888900001,ALFA,Ametista,9.0,Feminino,,7.5,EM Pedro Antonio de Almeida,2024,Privada,1,-3.6999999999999993,0
RA-1007,9.0,7.4,7.52,8.3,7.68,10.0,8.0782,ALFA,Topázio,,Masculino,,7.5,,2023,Privada,0,0.0,1
RA-1008,9.0,8.6,7.52,8.4,7.5,10.0,8.13595,ALFA,Topázio,8.0,Masculino,,5.9375,,2023,Privada,0,0.0,1
RA-1008,7.002,6.483957219,7.51,7.0,7.5,5.0,6.8667414438000005,ALFA,Agata,9.0,Masculino,,7.1875,EE Joaquim Mendes Feliz,2024,Pública,1,-1.4000000000000004,0
RA-1009,0.0,9.0,3.77,8.8,7.84,10.0,7.245,ALFA,Ametista,8.0,Masculino,,7.5,,2023,Privada,0,0.0,1
RA-1009,8.002,6.8863636365000005,2.51,7.5,6.553333333,5.0,6.395389393900001,ALFA,Agata,9.0,Masculino,,6.5625,EE Dom Pedro Villas Boas de Souza,2024,Pública,1,-1.3000000000000007,0
RA-101,7.9,8.3,7.5,7.6,6.833,5.0,7.305,4,,15.0,Feminino,Não,,,2022,Privada,1,0.0,1
RA-1010,9.5,10.0,3.77,9.4,8.59,10.0,8.70645,ALFA,Topázio,8.0,Masculino,,7.8125,,2023,Privada,0,0.0,1
RA-1011,9.5,8.6,3.77,5.2,7.675,10.0,7.33095,ALFA,Ametista,,Masculino,,7.1875,,2023,Privada,0,0.0,1
RA-1012,10.0,9.9,3.77,6.6,7.845,10.0,7.96495,ALFA,Ametista,8.0,Feminino,,7.1875,,2023,Privada,0,0.0,1
RA-1012,9.502,9.523809524,2.51,9.75,8.443333333,5.0,8.057128571400002,ALFA,Topázio,9.0,Feminino,,8.125,EE Joaquim Mendes Feliz,2024,Pública,1,3.1500000000000004,0
RA-1013,9.0,9.6,4.39,8.3,5.76,10.0,7.6237,ALFA,Ametista,7.0,Masculino,,5.625,,2023,Privada,0,0.0,1
RA-1013,9.002,5.6937799039999994,2.51,7.75,4.72,5.0,5.7839559808,ALFA,Quartzo,8.0,Masculino,,5.0,EE Dom Pedro Villas Boas de Souza,2024,Pública,1,-0.5500000000000007,0
RA-1014,9.0,9.7,3.77,8.2,8.255,10.0,8.2582,ALFA,Topázio,,Feminino,,7.5,,2023,Privada,0,0.0,1
RA-1014,8.502,7.8863636365000005,2.51,5.25,7.0,5.0,6.315972727300001,ALFA,Agata,8.0,Feminino,,6.875,EE Dom Pedro Villas Boas de Souza,2024,Pública,1,-2.9499999999999993,0
RA-1015,10.0,9.3,6.27,6.3,7.786666667,5.0,7.538908333,FASE 1,Ametista,10.0,Feminino,,7.34375,,2023,Privada,1,0.0,1
RA-1015,7.918,7.8214285715,7.51,4.0,5.66,10.0,6.643252381000002,2B,Agata,11.0,Feminino,,6.041666667,EE Alexandre Rodrigues Nogueira,2024,Pública,0,-2.3,0
RA-1016,10.0,9.5,7.52,6.7,7.73,5.0,7.762575,FASE 1,Ametista,10.0,Feminino,,7.34375,,2023,Privada,1,0.0,1
RA-1017,0.0,8.0,5.02,7.7,8.116666667,5.0,6.505333333,FASE 1,Agata,,Masculino,,7.5,,2023,Privada,1,0.0,1
RA-1017,9.502,7.8095238095,6.26,5.0,7.443333333,10.0,7.345521428500001,2C,Ametista,12.0,Masculino,,7.1875,EE João Ortiz Rodrigues,2024,Pública,0,-2.7,0
RA-1018,0.0,8.5,5.02,6.3,8.06,10.0,6.824,FASE 1,Agata,,Masculino,,7.5,,2023,Privada,0,0.0,1
RA-1018,8.502,7.727272727,6.26,8.25,8.45,5.0,7.7054045454,1A,Ametista,10.0,Masculino,,8.4375,EE Dom Pedro Villas Boas de Souza,2024,Pública,1,1.9500000000000002,0
RA-1019,7.5,9.1,5.02,4.3,7.836666667,10.0,7.177033333,FASE 1,Ametista,8.0,Feminino,,6.875,,2023,Privada,0,0.0,1
RA-1019,9.502,9.3073593075,6.26,8.75,8.616666667,10.0,8.692255194900001,1A,Topázio,9.0,Feminino,,7.8125,EM Etelvina Delfim Simões,2024,Privada,0,4.45,0
RA-102,6.7,7.7,6.9,5.7,6.0,10.0,6.922,4,Ametista,14.0,Masculino,Não,,,2022,Privada,0,0.0,1
RA-1020,10.0,9.1,2.52,6.1,8.056666667,10.0,7.612283333,FASE 1,Ametista,9.0,Feminino,,7.1875,,2023,Privada,0,0.0,1
RA-1020,9.002,9.7727272725,6.88,9.0,8.84,10.0,8.9544954545,1A,Topázio,10.0,Feminino,,8.4375,EE Dom Pedro Villas Boas de Souza,2024,Pública,0,2.9000000000000004,0
RA-1021,8.0,9.2,3.77,3.3,7.893333333,10.0,6.964616667,FASE 1,Agata,,Masculino,,7.1875,,2023,Privada,0,0.0,1
RA-1021,9.502,9.318181818,7.51,8.0,7.95,5.0,8.0985863636,1A,Topázio,10.0,Masculino,,8.4375,EE Dom Pedro Villas Boas de Souza,2024,Pública,1,4.7,0
RA-1022,8.5,8.5,3.77,4.7,7.893333333,10.0,7.164616667,FASE 1,Ametista,9.0,Masculino,,7.1875,,2023,Privada,0,0.0,1
RA-1022,9.502,9.318181818,6.26,6.5,8.116666667,5.0,7.613169697000002,1A,Ametista,10.0,Masculino,,7.5,EE Dom Pedro Villas Boas de Souza,2024,Pública,1,1.7999999999999998,0
RA-1023,10.0,10.0,6.27,9.1,9.06,10.0,9.1342,FASE 1,Topázio,,Feminino,,8.75,,2023,Privada,0,0.0,1
RA-1023,9.502,9.511904762,9.375,9.5,9.563333333,10.0,9.498580952300001,2B,Topázio,10.0,Feminino,,8.958333333,EE Dom Pedro Villas Boas de Souza,2024,Pública,0,0.40000000000000036,0
RA-1024,0.0,10.0,6.27,9.8,8.95,5.0,7.788875,FASE 1,Ametista,10.0,Feminino,,9.21875,,2023,Privada,1,0.0,1
RA-1024,8.002,10.0,7.51,10.0,8.783333333,5.0,8.6516166666,1B,Topázio,11.0,Feminino,,8.4375,Escola João Paulo II,2024,Privada,1,0.1999999999999993,0
RA-1025,8.5,8.9,7.52,7.5,7.836666667,10.0,8.215158333,FASE 1,Topázio,9.0,Masculino,,7.65625,,2023,Privada,0,0.0,1
RA-1025,9.002,7.727272727,7.51,9.0,7.783333333,5.0,7.897071212,1A,Ametista,10.0,Masculino,,8.4375,EE Dom Pedro Villas Boas de Souza,2024,Pública,1,1.5,0
RA-1026,8.5,9.8,7.52,3.2,7.06,2.5,6.494825,FASE 1,Agata,,Feminino,,6.40625,,2023,Privada,1,0.0,1
RA-1027,9.5,9.7,7.52,6.0,8.333333333,5.0,7.748866667,FASE 1,Ametista,10.0,Feminino,,7.5,,2023,Privada,1,0.0,1
RA-1027,9.502,10.0,7.51,5.25,8.39,10.0,8.220866666700001,2B,Topázio,11.0,Feminino,,7.916666667,EE Bairro Boa Vista,2024,Pública,0,-0.75,0
RA-1028,0.0,9.2,7.52,5.0,7.946666667,5.0,6.415708333,FASE 1,Agata,11.0,Masculino,,7.34375,,2023,Privada,1,0.0,1
RA-1028,8.002,7.055335968,5.63,7.5,8.393333333,5.0,7.1404338602,1B,Ametista,12.0,Masculino,,6.875,EE Olivia de Faria Nogueira,2024,Pública,1,2.5,0
RA-1029,10.0,6.3,3.77,5.4,8.006666667,10.0,7.058533333,FASE 1,Ametista,9.0,Feminino,,7.5,,2023,Privada,0,0.0,1
RA-1029,9.002,8.7954545455,6.885,8.75,7.25,5.0,7.797790909100001,1C,Ametista,10.0,Feminino,,7.5,EE Dom Pedro Villas Boas de Souza,2024,Pública,1,3.3499999999999996,0
RA-103,7.9,8.7,7.5,7.3,7.708,10.0,8.107,4,Ágata,13.0,Feminino,Não,,,2022,Privada,0,0.0,1
RA-103,8.3,9.2,5.0,7.1,8.09,10.0,8.0239,FASE 5,Topázio,14.0,Feminino,,8.125,,2023,Privada,0,-0.20000000000000018,0
RA-103,8.334,9.603174603333335,6.26,9.166666666666666,8.872,10.0,8.775268254,5A,Topázio,15.0,Feminino,,7.875,Colégio Arco Íris Evolução,2024,Privada,0,2.0666666666666664,0
RA-1030,8.5,9.7,3.77,6.9,8.39,5.0,7.4027,FASE 1,Ametista,,Masculino,,6.875,,2023,Privada,1,0.0,1
RA-1030,7.418,8.28320802,4.385,8.0,7.61,10.0,7.7401916040000005,2D,Ametista,12.0,Masculino,,7.8125,EE Paschoal Carlos Magno,2024,Pública,0,1.0999999999999996,0
RA-1031,8.0,8.8,7.52,5.9,7.006666667,5.0,7.0602,FASE 1,Ametista,10.0,Masculino,,6.666666667,,2023,Privada,1,0.0,1
RA-1031,9.502,8.6363636365,7.51,6.25,5.83,5.0,6.8757227273,1C,Agata,11.0,Masculino,,5.3125,EE Joaquim Mendes Feliz,2024,Pública,1,0.34999999999999964,0
RA-1032,8.5,9.5,7.52,6.0,7.563333333,5.0,7.434033333,FASE 1,Ametista,,Masculino,,7.291666667,,2023,Privada,1,0.0,1
RA-1032,8.502,9.75,7.51,8.0,7.92,5.0,8.01645,1C,Topázio,11.0,Masculino,,7.8125,EE Joaquim Mendes Feliz,2024,Pública,1,2.0,0
RA-1033,9.0,8.9,7.52,7.9,9.006666667,5.0,8.126033333,FASE 1,Topázio,,Feminino,,8.125,,2023,Privada,1,0.0,1
RA-1034,7.5,9.0,7.52,8.3,8.393333333,5.0,7.9642,FASE 1,Ametista,10.0,Masculino,,8.333333333,,2023,Privada,1,0.0,1
RA-1034,7.502,8.0833333335,7.51,7.5,8.223333333,10.0,8.0333666666,2B,Topázio,11.0,Masculino,,7.708333333,EE Alexandre Rodrigues Nogueira,2024,Pública,0,-0.8000000000000007,0
RA-1035,0.0,8.3,7.52,5.8,7.78,10.0,6.888833333,FASE 1,Agata,9.0,Masculino,,7.708333333,,2023,Privada,0,0.0,1
RA-1035,9.502,9.0227272725,7.51,7.0,7.92,5.0,7.833495454500001,1C,Ametista,10.0,Masculino,,8.4375,EE Dom Pedro Villas Boas de Souza,2024,Pública,1,1.2000000000000002,0
RA-1036,0.0,9.6,3.77,8.0,8.336666667,5.0,6.970583333,FASE 1,Agata,11.0,Feminino,,9.0625,,2023,Privada,1,0.0,1
RA-1036,10.002,9.0890269155,7.51,7.0,7.7475,10.0,8.2841303831,2H,Topázio,12.0,Feminino,,7.65625,EE João Ortiz Rodrigues,2024,Pública,0,-1.0,0
RA-1037,9.0,8.4,7.52,6.7,8.17,5.0,7.655575,FASE 1,Ametista,10.0,Masculino,,8.59375,,2023,Privada,1,0.0,1
RA-1038,8.0,9.3,7.52,6.5,8.17,5.0,7.736825,FASE 1,Ametista,10.0,Feminino,,8.90625,,2023,Privada,1,0.0,1
RA-1038,8.002,7.5438596495,7.51,8.5,7.273333333,10.0,7.9646385965,2I,Ametista,11.0,Feminino,,7.5,EE Dom Pedro Villas Boas de Souza,2024,Pública,0,2.0,0
RA-1039,8.0,9.9,7.52,6.2,8.056666667,5.0,7.686033333,FASE 1,Ametista,,Masculino,,8.125,,2023,Privada,1,0.0,1
RA-1039,8.002,9.722222222,7.51,7.25,6.77,5.0,7.549644444400001,2I,Ametista,13.0,Masculino,,7.5,EE Joaquim Mendes Feliz,2024,Pública,1,1.0499999999999998,0
RA-104,7.9,8.7,7.5,3.7,6.708,2.5,6.315,4,,18.0,Masculino,Não,,,2022,Privada,1,0.0,1
RA-104,0.0,7.7,2.52,2.6,5.6275,2.5,4.25,FASE 5,Quartzo,,Masculino,,5.625,,2023,Privada,1,-1.1,0
RA-1040,10.0,9.3,7.52,6.6,8.06,5.0,7.81545,FASE 1,Ametista,,Masculino,,7.8125,,2023,Privada,1,0.0,1
RA-1040,9.502,8.5416666665,7.51,8.25,7.273333333,5.0,7.764199999900001,2I,Ametista,12.0,Masculino,,7.5,EE Joaquim Mendes Feliz,2024,Pública,1,1.6500000000000004,0
RA-1041,10.0,7.2,7.52,3.3,8.003333333,5.0,6.724116667,FASE 1,Agata,10.0,Feminino,,7.8125,,2023,Privada,1,0.0,1
RA-1042,0.0,6.5,3.77,4.3,7.666666667,5.0,5.331166667,FASE 1,Quartzo,,Masculino,,7.708333333,,2023,Privada,1,0.0,1
RA-1043,10.0,7.9,6.27,2.5,7.833333333,5.0,6.5447,FASE 1,Agata,10.0,Masculino,,7.708333333,,2023,Privada,1,0.0,1
RA-1043,10.002,7.994071146,7.51,8.25,6.553333333,5.0,7.539847562500002,1H,Ametista,11.0,Masculino,,7.291666667,EE João Ortiz Rodrigues,2024,Pública,1,5.75,0
RA-1044,8.0,9.7,7.52,6.1,8.336666667,5.0,7.629533333,FASE 1,Ametista,10.0,Feminino,,7.5,,2023,Privada,1,0.0,1
RA-1044,7.502,9.523809524,7.51,7.0,7.21,10.0,7.966711904800001,2G,Ametista,11.0,Feminino,,7.1875,EE Olivia de Faria Nogueira,2024,Pública,0,0.9000000000000004,0
RA-1045,9.5,9.4,7.52,7.9,8.28,5.0,8.089033333,FASE 1,Topázio,11.0,Feminino,,7.708333333,,2023,Privada,1,0.0,1
RA-1046,0.0,8.5,3.77,6.3,8.223333333,10.0,6.835833333,FASE 1,Agata,9.0,Masculino,,8.541666667,,2023,Privada,0,0.0,1
RA-1047,10.0,8.5,3.77,6.9,7.893333333,10.0,7.848366667,FASE 1,Ametista,9.0,Masculino,,8.125,,2023,Privada,0,0.0,1
RA-1048,8.5,9.5,3.77,8.2,8.5,5.0,7.811366667,FASE 1,Ametista,10.0,Feminino,,8.541666667,,2023,Privada,1,0.0,1
RA-1048,8.502,6.833333333500001,6.255,6.25,8.283333333,10.0,7.5198666666000005,2A,Ametista,11.0,Feminino,,7.708333333,Estuda em outra cidade,2024,Privada,0,-1.9499999999999993,0
RA-1049,10.0,7.7,7.52,6.3,7.943333333,5.0,7.443366667,FASE 1,Ametista,10.0,Masculino,,8.125,,2023,Privada,1,0.0,1
RA-1049,9.502,8.03030303,7.51,4.5,6.745,5.0,6.821885606,1J,Agata,11.0,Masculino,,7.65625,EE João Ortiz Rodrigues,2024,Pública,1,-1.7999999999999998,0
RA-105,7.9,8.2,5.6,6.7,7.417,2.5,6.846,4,Ametista,17.0,Masculino,Não,,,2022,Privada,1,0.0,1
RA-1050,9.0,9.2,6.27,7.2,8.223333333,5.0,7.764366667,FASE 1,Ametista,11.0,Masculino,,8.125,,2023,Privada,1,0.0,1
RA-1051,8.5,8.9,6.27,8.4,8.613333333,10.0,8.534866667,FASE 1,Topázio,9.0,Feminino,,8.75,,2023,Privada,0,0.0,1
RA-1052,0.0,9.0,7.52,5.3,7.833333333,10.0,6.960333333,FASE 1,Agata,,Masculino,,7.916666667,,2023,Privada,0,0.0,1
RA-1052,5.834,9.128787879,6.26,8.25,8.4975,5.0,7.744032575800001,1J,Ametista,10.0,Masculino,,8.59375,EM Maria Ignez Concelles Irma Ines,2024,Privada,1,2.95,0
RA-1053,0.0,9.1,6.27,8.6,8.616666667,10.0,7.776166667,FASE 1,Ametista,9.0,Masculino,,8.958333333,,2023,Privada,0,0.0,1
RA-1054,8.5,8.6,7.52,6.6,7.836666667,5.0,7.459533333,FASE 1,Ametista,,Masculino,,7.5,,2023,Privada,1,0.0,1
RA-1054,9.502,7.3291925465,7.51,6.25,6.75,5.0,6.985788509300001,2G,Agata,13.0,Masculino,,7.1875,EE Leonice de Aquino Oliveira,2024,Pública,1,-0.34999999999999964,0
RA-1055,0.0,7.2,7.52,5.5,7.276666667,5.0,5.9765,FASE 1,Quartzo,11.0,Masculino,,7.291666667,,2023,Privada,1,0.0,1
RA-1055,10.002,5.7954545455,7.51,5.5,5.87,5.0,6.403040909100001,1J,Agata,12.0,Masculino,,7.1875,EE Loris Nassif Mattar Profa,2024,Pública,1,0.0,0
RA-1056,8.5,9.6,7.52,8.1,8.113333333,10.0,8.551741667,FASE 1,Topázio,9.0,Masculino,,7.96875,,2023,Privada,0,0.0,1
RA-1056,8.502,9.2857142855,7.51,8.25,8.335,5.0,8.192009523800001,1L,Topázio,10.0,Masculino,,9.166666667,EM Amanda Consuelo da Cunha,2024,Privada,1,0.15000000000000036,0
RA-1057,10.0,10.0,7.52,6.3,8.34,10.0,8.4827,FASE 1,Topázio,9.0,Feminino,,8.125,,2023,Privada,0,0.0,1
RA-1057,10.002,10.0,6.26,8.0,8.17,5.0,8.2352,1L,Topázio,10.0,Feminino,,8.75,EE Helio Luiz Dobrochinski Prof,2024,Pública,1,1.7000000000000002,0
RA-1058,10.0,8.7,3.14,5.4,7.62,10.0,7.356533333,FASE 1,Ametista,,Feminino,,7.083333333,,2023,Privada,0,0.0,1
RA-1058,9.168,8.095238095,6.88,7.75,8.085,5.0,7.703347619,1K,Ametista,10.0,Feminino,,8.125,EE Helio Luiz Dobrochinski Prof,2024,Pública,1,2.3499999999999996,0
RA-1059,10.0,9.8,2.52,7.6,8.673333333,5.0,7.763741667,FASE 1,Ametista,,Masculino,,7.96875,,2023,Privada,1,0.0,1
RA-1059,8.002,10.0,6.26,7.5,9.23,10.0,8.678450000000002,2M,Topázio,11.0,Masculino,,9.0625,EE Helio Luiz Dobrochinski Prof,2024,Pública,0,-0.09999999999999964,0
RA-106,9.2,8.0,9.4,7.4,8.375,5.0,7.973,4,Topázio,15.0,Feminino,Sim,,,2022,Privada,1,0.0,1
RA-106,7.9,9.1,5.0,7.3,7.5075,10.0,7.769658333,FASE 5,Ametista,15.0,Feminino,,7.03125,,2023,Privada,0,-0.10000000000000053,0
RA-106,9.168,8.761904762,5.635,5.666666666666667,7.872,10.0,7.721664285733334,6A,Ametista,16.0,Feminino,,7.8125,Colégio Arco Íris Evolução,2024,Privada,0,-1.6333333333333329,0
RA-1060,9.0,8.6,3.14,5.7,8.673333333,5.0,7.095741667,FASE 1,Ametista,,Masculino,,7.96875,,2023,Privada,1,0.0,1
RA-1060,9.585,6.0,6.26,3.25,6.163333333,10.0,6.448416666600001,2M,Agata,12.0,Masculino,,7.8125,EE Donizetti Aparecido Leite Professor,2024,Pública,0,-2.45,0
RA-1061,9.5,9.7,3.14,9.3,8.836666667,5.0,8.196533333,FASE 1,Topázio,10.0,Masculino,,8.75,,2023,Privada,1,0.0,1
RA-1061,8.502,10.0,6.26,8.5,8.73,10.0,8.76595,2M,Topázio,11.0,Masculino,,8.4375,EE Helio Luiz Dobrochinski Prof,2024,Pública,0,-0.8000000000000007,0
RA-1062,7.4,7.7,3.77,6.2,8.503333333,10.0,7.448841667,FASE 1,Ametista,,Masculino,,8.59375,,2023,Privada,0,0.0,1
RA-1062,8.002,9.047619048,5.63,7.25,8.085,5.0,7.6147238096,1L,Ametista,10.0,Masculino,,8.75,EM Alfredo Schunk,2024,Privada,1,1.0499999999999998,0
RA-1063,9.5,9.5,7.52,5.9,7.89,5.0,7.490825,FASE 1,Ametista,,Masculino,,6.40625,,2023,Privada,1,0.0,1
RA-1063,5.25,9.75,7.51,7.75,6.11,5.0,7.279250000000001,2N,Ametista,12.0,Masculino,,7.8125,EE Donizetti Aparecido Leite Professor,2024,Pública,1,1.8499999999999996,0
RA-1064,8.5,9.8,7.52,8.6,8.84,5.0,8.4777,FASE 1,Topázio,10.0,Masculino,,9.375,,2023,Privada,1,0.0,1
RA-1064,9.502,9.7368421055,7.51,8.5,8.783333333,10.0,8.9802350877,2N,Topázio,11.0,Masculino,,8.75,EE Helio Luiz Dobrochinski Prof,2024,Pública,0,-0.09999999999999964,0
RA-1065,8.5,9.6,7.52,7.0,8.84,5.0,8.03395,FASE 1,Topázio,,Feminino,,8.4375,,2023,Privada,1,0.0,1
RA-1065,9.502,8.8152173915,6.26,9.25,8.84,10.0,8.8634934783,2N,Topázio,11.0,Feminino,,9.0625,EE Helio Luiz Dobrochinski Prof,2024,Pública,0,2.25,0
RA-1066,8.5,6.6,7.52,6.2,8.783333333,5.0,7.262616667,FASE 1,Ametista,10.0,Feminino,,8.4375,,2023,Privada,1,0.0,1
RA-1066,9.502,8.3954451345,6.26,7.25,7.386666667,10.0,7.9326223603,2L,Ametista,11.0,Feminino,,7.5,EM Cecilia Cristina de Oliveira Rodrigues,2024,Privada,0,1.0499999999999998,0
RA-1067,0.0,7.9,7.52,5.4,9.006666667,5.0,6.541458333,FASE 1,Agata,10.0,Masculino,,8.28125,,2023,Privada,1,0.0,1
RA-1067,10.002,8.333333332999999,7.51,6.75,8.59,5.0,7.840033333300001,1K,Ametista,11.0,Masculino,,8.541666667,EM Cecilia Cristina de Oliveira Rodrigues,2024,Privada,1,1.3499999999999996,0
RA-1068,8.5,9.3,6.89,9.0,9.283333333,5.0,8.472533333,FASE 1,Topázio,,Masculino,,9.166666667,,2023,Privada,1,0.0,1
RA-1068,9.502,9.068181818,7.51,9.5,8.73,10.0,9.0150030303,2R,Topázio,11.0,Masculino,,8.541666667,EE Maria André Schunck Dona,2024,Pública,0,0.5,0
RA-1069,9.0,7.8,7.52,7.1,8.226666667,5.0,7.590033333,FASE 1,Ametista,11.0,Masculino,,8.125,,2023,Privada,1,0.0,1
RA-1069,9.002,7.0760869565,7.51,6.25,7.75,10.0,7.678917391300001,2K,Ametista,12.0,Masculino,,8.125,EE Maria André Schunck Dona,2024,Pública,0,-0.8499999999999996,0
RA-107,7.5,6.4,7.5,4.6,6.5,5.0,6.258,4,Topázio,15.0,Feminino,Não,,,2022,Privada,1,0.0,1
RA-107,0.0,8.5,5.0,7.0,7.5875,10.0,6.845208333,FASE 5,Agata,15.0,Feminino,,7.34375,,2023,Privada,0,2.4000000000000004,0
RA-107,7.5,7.9949874686666655,7.51,4.666666666666667,6.964,5.0,6.676130827066667,5D,Agata,16.0,Feminino,,7.5,EE Mario Francisco de Amorim,2024,Pública,1,-2.333333333333333,0
RA-1070,9.0,7.8,3.14,5.8,8.67,5.0,6.939033333,FASE 1,Agata,11.0,Masculino,,7.708333333,,2023,Privada,1,0.0,1
RA-1070,9.002,9.3073593075,5.635,2.25,6.6225,5.0,6.287171861500001,1P,Agata,12.0,Masculino,,6.875,EE Donizetti Aparecido Leite Professor,2024,Pública,1,-3.55,0
RA-1071,9.0,8.6,7.52,3.5,6.396666667,5.0,6.414033333,FASE 1,Agata,11.0,Masculino,,5.625,,2023,Privada,1,0.0,1
RA-1071,8.002,4.188311688500001,7.51,4.5,2.996666667,5.0,4.8048623378,2R,Quartzo,12.0,Masculino,,4.166666667,EE Maria André Schunck Dona,2024,Pública,1,1.0,0
RA-1072,9.0,8.6,5.0,6.7,8.7125,10.0,8.0152,FASE 2,Topázio,11.0,Masculino,,8.125,,2023,Privada,0,0.0,1
RA-1072,8.751,5.627886710333333,8.755,8.166666666666666,7.545,10.0,7.8153856754,3B,Ametista,12.0,Masculino,,7.96875,EE Leonice de Aquino Oliveira,2024,Pública,0,1.466666666666666,0
RA-1073,0.0,8.8,2.52,6.2,9.045,5.0,6.384333333,FASE 2,Agata,,Feminino,,8.333333333,,2023,Privada,1,0.0,1
RA-1073,9.168,6.370972886666667,7.5,6.5,5.7875,10.0,7.0859945773333335,3A,Ametista,13.0,Feminino,,6.875,EE Mario Francisco de Amorim,2024,Pública,0,0.2999999999999998,0
RA-1074,0.0,9.8,2.52,6.0,7.8775,5.0,6.195833333,FASE 2,Agata,12.0,Feminino,,7.083333333,,2023,Privada,1,0.0,1
RA-1075,0.0,9.6,5.0,5.5,9.0025,5.0,6.591333333,FASE 2,Agata,12.0,Feminino,,7.708333333,,2023,Privada,1,0.0,1
RA-1075,7.5,8.5154061625,3.755,6.0,7.553333333,5.0,6.8100812324,2A,Agata,13.0,Feminino,,7.708333333,EE Leonice de Aquino Oliveira,2024,Pública,1,0.5,0
RA-1076,9.0,9.7,2.52,8.5,8.8775,5.0,7.901033333,FASE 2,Ametista,,Feminino,,8.333333333,,2023,Privada,1,0.0,1
RA-1076,8.334,7.777033492666668,8.125,6.333333333333333,6.5425,10.0,7.479598365200001,3A,Ametista,13.0,Feminino,,7.03125,EE Mario Francisco de Amorim,2024,Pública,0,-2.166666666666667,0
RA-1077,0.0,9.7,2.52,7.3,8.4225,10.0,7.2115,FASE 2,Ametista,,Masculino,,8.75,,2023,Privada,0,0.0,1
RA-1077,0.0,7.703703703666666,6.885,2.0,6.37,10.0,5.543865740733334,3D,Quartzo,12.0,Masculino,,6.40625,EE Alexandre Rodrigues Nogueira,2024,Pública,0,-5.3,0
RA-1078,5.3,6.8,2.52,6.4,8.2975,5.0,6.472333333,FASE 2,Agata,14.0,Masculino,,8.958333333,,2023,Privada,1,0.0,1
RA-1079,9.0,8.1,2.52,7.6,7.13,5.0,6.916533333,FASE 2,Agata,,Masculino,,7.083333333,,2023,Privada,1,0.0,1
RA-1079,7.5,4.516498316333333,2.51,6.333333333333333,4.1625,10.0,5.4253413299333335,3B,Quartzo,13.0,Masculino,,4.21875,EE Alexandre Rodrigues Nogueira,2024,Pública,0,-1.2666666666666666,0
RA-108,4.6,7.7,5.0,5.0,6.125,2.5,5.547,4,Ágata,17.0,Feminino,Não,,,2022,Privada,1,0.0,1
RA-108,5.8,7.3,2.52,2.9,5.59,5.0,4.9308,FASE 5,Quartzo,,Feminino,,4.375,,2023,Privada,1,-2.1,0
RA-1080,7.9,10.0,5.0,1.5,8.13,5.0,6.571966667,FASE 2,Agata,12.0,Masculino,,8.541666667,,2023,Privada,1,0.0,1
RA-1081,10.0,10.0,2.52,6.5,8.59,5.0,7.666033333,FASE 2,Ametista,14.0,Feminino,,8.958333333,,2023,Privada,1,0.0,1
RA-1081,6.667,9.523809523666666,5.005,8.833333333333334,8.95,10.0,8.5452952381,4C,Topázio,15.0,Feminino,,9.166666667,Colégio Arco Íris Evolução,2024,Privada,0,2.333333333333334,0
RA-1082,9.5,9.5,2.52,5.0,8.4225,5.0,7.1617,FASE 2,Ametista,,Feminino,,8.75,,2023,Privada,1,0.0,1
RA-1082,7.502,7.5714285715,10.0,3.75,6.943333333,5.0,6.6114857142,2A,Agata,13.0,Feminino,,7.083333333,EE Leonice de Aquino Oliveira,2024,Pública,1,-1.25,0
RA-1083,6.8,10.0,5.0,7.5,8.38,10.0,8.2345,FASE 2,Topázio,10.0,Feminino,,8.75,,2023,Privada,0,0.0,1
RA-1084,8.4,10.0,2.52,6.8,8.38,10.0,7.9948,FASE 2,Ametista,11.0,Feminino,,8.75,,2023,Privada,0,0.0,1
RA-1084,8.751,7.705263158,5.63,3.6666666666666665,7.4575,10.0,6.9071109649333335,3A,Agata,12.0,Feminino,,7.03125,EE Leonice de Aquino Oliveira,2024,Pública,0,-3.1333333333333333,0
RA-1085,0.0,9.8,2.52,6.7,8.13,5.0,6.563833333,FASE 2,Agata,12.0,Feminino,,8.958333333,,2023,Privada,1,0.0,1
RA-1086,8.5,9.4,2.52,5.7,8.755,5.0,7.2382,FASE 2,Ametista,12.0,Feminino,,8.75,,2023,Privada,1,0.0,1
RA-1087,10.0,9.5,2.52,5.4,8.0475,5.0,7.2067,FASE 2,Ametista,12.0,Feminino,,8.75,,2023,Privada,1,0.0,1
RA-1087,7.917,8.393265993333333,8.755,2.6666666666666665,6.58,10.0,6.913936532,3B,Agata,13.0,Feminino,,7.1875,EE Mario Francisco de Amorim,2024,Pública,0,-2.733333333333334,0
RA-1088,9.5,9.8,2.52,6.8,7.9225,5.0,7.4717,FASE 2,Ametista,13.0,Masculino,,8.75,,2023,Privada,1,0.0,1
RA-1089,9.0,9.5,2.52,7.0,8.3375,10.0,7.9947,FASE 2,Ametista,,Feminino,,8.75,,2023,Privada,0,0.0,1
RA-1089,9.168,7.039682539666667,8.13,6.833333333333333,6.995,10.0,7.6221531746,3D,Ametista,12.0,Feminino,,7.1875,EE Bairro Boa Vista,2024,Pública,0,-0.16666666666666696,0
RA-109,8.8,10.0,8.8,8.4,8.667,5.0,8.512,4,,16.0,Masculino,Sim,,,2022,Privada,1,0.0,1
RA-109,8.3,9.9,7.52,8.3,8.59,5.0,8.3184,FASE 6,Topázio,,Masculino,,8.75,,2023,Privada,1,-0.09999999999999964,0
RA-1090,9.0,9.6,2.52,9.0,7.88,5.0,7.844033333,FASE 2,Ametista,13.0,Masculino,,8.958333333,,2023,Privada,1,0.0,1
RA-1090,9.585,7.621832358666666,7.51,6.333333333333333,7.4175,10.0,7.7652831384,3D,Ametista,14.0,Masculino,,7.8125,EE Alexandre Rodrigues Nogueira,2024,Pública,0,-2.666666666666667,0
RA-1091,8.5,9.0,2.52,9.5,9.1725,5.0,8.032533333,FASE 2,Topázio,12.0,Masculino,,8.958333333,,2023,Privada,1,0.0,1
RA-1092,7.8,9.8,2.52,6.9,8.2975,5.0,7.41,FASE 2,Ametista,12.0,Masculino,,8.75,,2023,Privada,1,0.0,1
RA-1093,7.0,9.3,2.52,9.2,8.2975,10.0,8.197533333,FASE 2,Topázio,11.0,Masculino,,8.958333333,,2023,Privada,0,0.0,1
RA-1093,7.5,7.722222222333333,8.13,8.666666666666666,8.8825,10.0,8.5079027778,3D,Topázio,12.0,Masculino,,8.90625,EE Mario Francisco de Amorim,2024,Pública,0,-0.5333333333333332,0
RA-1094,7.8,9.5,2.52,8.5,8.3375,10.0,8.1779,FASE 2,Topázio,11.0,Feminino,,8.75,,2023,Privada,0,0.0,1
RA-1094,9.168,9.523809523666666,2.51,7.333333333333333,8.1675,10.0,8.0164785714,3D,Topázio,12.0,Feminino,,8.4375,EE Leonice de Aquino Oliveira,2024,Pública,0,-1.166666666666667,0
RA-1095,0.0,9.8,2.52,5.3,8.005,5.0,6.238,FASE 2,Agata,,Masculino,,8.75,,2023,Privada,1,0.0,1
RA-1095,7.5,7.84502924,7.51,2.3333333333333335,5.125,10.0,6.108547514666667,3D,Agata,14.0,Masculino,,5.46875,EE Mario Francisco de Amorim,2024,Pública,0,-2.9666666666666663,0
RA-1096,9.5,9.9,2.52,9.6,8.0875,10.0,8.615533333,FASE 2,Topázio,,Feminino,,8.958333333,,2023,Privada,0,0.0,1
RA-1096,9.168,9.866666666666667,8.755,8.5,9.09,10.0,9.189883333333334,3B,Topázio,11.0,Feminino,,9.0625,EE Leonice de Aquino Oliveira,2024,Pública,0,-1.0999999999999996,0
RA-1097,9.5,8.6,5.0,5.4,6.96,5.0,6.9547,FASE 2,Agata,,Masculino,,8.125,,2023,Privada,1,0.0,1
RA-1097,10.002,4.849791144666667,6.25,3.0,5.88,5.0,5.475324895633334,3C,Quartzo,15.0,Masculino,,6.041666667,EE Paschoal Carlos Magno,2024,Pública,1,-2.4000000000000004,0
RA-1098,9.5,9.5,2.52,6.4,7.92,5.0,7.2787,FASE 2,Ametista,13.0,Feminino,,8.125,,2023,Privada,1,0.0,1
RA-1098,8.751,5.822406257,7.51,3.5,6.7475,10.0,6.5744562514,3D,Agata,14.0,Feminino,,7.34375,EE Alexandre Rodrigues Nogueira,2024,Pública,0,-2.9000000000000004,0
RA-1099,9.0,9.6,2.52,5.2,8.34,5.0,7.113533333,FASE 2,Ametista,13.0,Feminino,,8.333333333,,2023,Privada,1,0.0,1
RA-1099,8.334,8.133333333333333,10.0,3.8333333333333335,6.6225,10.0,7.332483333333334,3G,Ametista,14.0,Feminino,,7.8125,EE Leonice de Aquino Oliveira,2024,Pública,0,-1.3666666666666667,0
RA-11,9.2,4.2,5.0,3.0,6.389,5.0,5.323,7,Quartzo,18.0,Feminino,Não,,,2022,Privada,1,0.0,1
RA-110,9.2,9.7,5.6,6.7,8.0,10.0,8.15,4,Ametista,14.0,Masculino,Não,,,2022,Privada,0,0.0,1
RA-110,8.3,8.6,5.0,7.5,8.2975,10.0,8.0879,FASE 5,Topázio,15.0,Masculino,,8.75,,2023,Privada,0,0.7999999999999998,0
RA-110,9.168,9.696969697,6.255,8.5,8.504,10.0,8.6324939394,5A,Topázio,16.0,Masculino,,7.5,Colégio Arco Íris Evolução,2024,Privada,0,1.0,0
RA-1100,10.0,9.2,5.0,7.1,8.283333333,10.0,8.261033333,FASE 2,Topázio,,Masculino,,8.541666667,,2023,Privada,0,0.0,1
RA-1100,7.5,7.1000000000000005,7.51,4.666666666666667,5.6175,10.0,6.649708333333334,3G,Agata,12.0,Masculino,,6.71875,EE João Ortiz Rodrigues,2024,Pública,0,-2.4333333333333327,0
RA-1101,0.0,7.2,5.0,5.3,8.116666667,10.0,6.446666667,FASE 2,Agata,,Masculino,,8.333333333,,2023,Privada,0,0.0,1
RA-1102,9.5,9.5,5.0,7.5,7.56,10.0,8.123033333,FASE 2,Topázio,,Masculino,,7.708333333,,2023,Privada,0,0.0,1
RA-1102,8.751,9.390476190333333,8.13,9.333333333333334,7.07,10.0,8.440611904733334,3H,Topázio,12.0,Masculino,,5.9375,EE Leonice de Aquino Oliveira,2024,Pública,0,1.833333333333334,0
RA-1103,9.0,8.7,5.0,5.0,8.006666667,10.0,7.574866667,FASE 2,Ametista,10.0,Masculino,,8.333333333,,2023,Privada,0,0.0,1
RA-1103,8.502,7.763975155000001,7.51,7.25,7.54,10.0,7.861995031000001,2H,Ametista,11.0,Masculino,,7.5,EE Loris Nassif Mattar Profa,2024,Pública,0,2.25,0
RA-1104,5.7,10.0,2.52,6.4,9.063333333,5.0,7.265533333,FASE 2,Ametista,13.0,Feminino,,8.541666667,,2023,Privada,1,0.0,1
RA-1105,0.0,9.0,2.52,6.0,8.673333333,5.0,6.299166667,FASE 2,Agata,13.0,Feminino,,8.125,,2023,Privada,1,0.0,1
RA-1106,8.5,9.3,5.0,5.1,8.003333333,5.0,7.1642,FASE 2,Ametista,12.0,Masculino,,8.333333333,,2023,Privada,1,0.0,1
RA-1106,8.334,5.4312354313333335,7.51,0.0,7.5,10.0,5.936272086266667,3F,Quartzo,13.0,Masculino,,7.65625,EE João Ortiz Rodrigues,2024,Pública,0,-5.1,0
RA-1107,9.0,9.4,5.0,7.5,8.783333333,5.0,7.9327,FASE 2,Ametista,12.0,Feminino,,8.958333333,,2023,Privada,1,0.0,1
RA-1107,8.751,6.2,2.51,2.5,6.785,10.0,5.9731,3G,Quartzo,13.0,Feminino,,7.5,EE João Ortiz Rodrigues,2024,Pública,0,-5.0,0
RA-1108,0.0,9.3,5.0,4.7,8.283333333,5.0,6.310833333,FASE 2,Agata,12.0,Masculino,,8.541666667,,2023,Privada,1,0.0,1
RA-1108,9.168,3.7546583853333337,8.13,3.6666666666666665,5.422,10.0,6.017215010400001,3F,Agata,13.0,Masculino,,7.1875,EE João Ortiz Rodrigues,2024,Pública,0,-1.0333333333333337,0
RA-1109,10.0,6.4,5.0,3.4,7.836666667,5.0,6.277533333,FASE 2,Agata,14.0,Masculino,,7.5,,2023,Privada,1,0.0,1
RA-111,7.5,9.4,8.1,8.0,8.667,10.0,8.646,4,Ametista,13.0,Feminino,Sim,,,2022,Privada,0,0.0,1
RA-111,7.5,8.7,5.0,6.0,8.0875,10.0,7.566458333,FASE 5,Ametista,14.0,Feminino,,7.65625,,2023,Privada,0,-2.0,0
RA-111,9.168,9.488636363666666,6.26,8.333333333333334,8.74,10.0,8.667693939400001,5B,Topázio,15.0,Feminino,,8.125,Colégio Arco Íris Evolução,2024,Privada,0,2.333333333333334,0
RA-1110,4.6,9.2,5.0,6.8,8.73,5.0,7.248566667,FASE 2,Ametista,12.0,Feminino,,8.541666667,,2023,Privada,1,0.0,1
RA-1111,0.0,8.9,2.52,5.4,8.173333333,10.0,6.559166667,FASE 2,Agata,,Feminino,,8.125,,2023,Privada,0,0.0,1
RA-1111,6.249,4.600414078666667,7.5,5.0,5.824,10.0,6.116032815733334,3F,Agata,12.0,Feminino,,6.5625,EE Leonice de Aquino Oliveira,2024,Pública,0,-0.40000000000000036,0
RA-1112,9.5,7.9,2.52,6.3,8.616666667,5.0,7.088866667,FASE 2,Ametista,12.0,Masculino,,8.333333333,,2023,Privada,1,0.0,1
RA-1112,9.585,9.02791197,8.135,4.0,4.705,10.0,6.8560823939999995,3I,Agata,13.0,Masculino,,5.375,EE Joaquim Mendes Feliz,2024,Pública,0,-2.3,0
RA-1113,0.0,6.0,7.52,5.0,7.173333333,5.0,5.636666667,FASE 2,Quartzo,,Masculino,,7.5,,2023,Privada,1,0.0,1
RA-1114,8.5,9.8,2.52,4.9,8.56,10.0,7.5667,FASE 2,Ametista,11.0,Feminino,,8.125,,2023,Privada,0,0.0,1
RA-1114,8.751,9.533333333333333,2.51,5.0,7.836,10.0,7.437466666666667,3M,Ametista,12.0,Feminino,,8.375,EM Cecilia Cristina de Oliveira Rodrigues,2024,Privada,0,0.09999999999999964,0
RA-1115,0.0,8.3,7.52,4.0,7.56,10.0,6.474,FASE 2,Agata,,Feminino,,7.5,,2023,Privada,0,0.0,1
RA-1115,8.002,4.2676767675,7.51,6.25,5.826666667,10.0,6.570068686900001,2M,Agata,12.0,Feminino,,7.5,EE Donizetti Aparecido Leite Professor,2024,Pública,0,2.25,0
RA-1116,9.5,9.2,5.0,4.9,7.39,5.0,6.956533333,FASE 2,Agata,13.0,Masculino,,7.083333333,,2023,Privada,1,0.0,1
RA-1116,0.0,3.3555555556666667,6.26,2.3333333333333335,5.066,5.0,3.7894777778,3M,Quartzo,15.0,Masculino,,5.125,EM Cecilia Cristina de Oliveira Rodrigues,2024,Privada,1,-2.566666666666667,0
RA-1117,9.0,9.6,7.52,7.3,7.946666667,10.0,8.382366667,FASE 2,Topázio,,Feminino,,7.708333333,,2023,Privada,0,0.0,1
RA-1117,8.751,8.314814814666667,7.51,5.666666666666667,6.833333333,10.0,7.601562962866668,3K,Ametista,12.0,Feminino,,8.125,EE Maria André Schunck Dona,2024,Pública,0,-1.6333333333333329,0
RA-1118,5.3,8.8,7.52,6.0,8.28,5.0,7.163833333,FASE 2,Ametista,,Feminino,,7.708333333,,2023,Privada,1,0.0,1
RA-1118,7.084,7.846439628666666,9.38,3.8333333333333335,6.866,10.0,7.0305545924,3M,Ametista,14.0,Feminino,,6.75,EM Alfredo Schunk,2024,Privada,0,-2.1666666666666665,0
RA-1119,7.3,9.7,3.77,5.9,8.453333333,5.0,7.192,FASE 2,Ametista,13.0,Feminino,,7.708333333,,2023,Privada,1,0.0,1
RA-1119,9.585,8.716666666666667,7.51,5.666666666666667,7.698,5.0,7.388266666666667,3M,Ametista,14.0,Feminino,,7.625,EM Cecilia Cristina de Oliveira Rodrigues,2024,Privada,1,-0.2333333333333334,0
RA-112,7.9,7.8,6.3,8.5,8.833,5.0,7.836,4,Ametista,15.0,Feminino,Sim,,,2022,Privada,1,0.0,1
RA-112,6.7,8.1,5.0,7.4,7.9225,5.0,7.141308333,FASE 5,Ametista,,Feminino,,7.96875,,2023,Privada,1,-1.0999999999999996,0
RA-112,7.083,7.978174603333333,7.51,8.0,8.004,10.0,8.052609920666667,6A,Topázio,17.0,Feminino,,7.96875,Colégio Arco Íris Evolução,2024,Privada,0,0.5999999999999996,0
RA-1120,9.5,9.6,7.52,8.3,9.676666667,10.0,9.103366667,FASE 2,Topázio,11.0,Feminino,,8.958333333,,2023,Privada,0,0.0,1
RA-1121,0.0,9.9,6.26,8.0,9.84,10.0,8.049,FASE 2,Topázio,,Masculino,,8.75,,2023,Privada,0,0.0,1
RA-1121,9.585,10.0,7.51,6.666666666666667,8.28,10.0,8.407166666633334,3K,Topázio,12.0,Masculino,,7.083333333,EE Maria André Schunck Dona,2024,Pública,0,-1.333333333333333,0
RA-1122,0.0,9.3,6.89,6.9,8.616666667,10.0,7.3715,FASE 2,Ametista,11.0,Masculino,,7.291666667,,2023,Privada,0,0.0,1
RA-1122,8.751,9.861111111,7.51,5.333333333333333,7.22,10.0,7.817322222166666,3K,Ametista,12.0,Masculino,,7.083333333,EE Maria André Schunck Dona,2024,Pública,0,-1.5666666666666673,0
RA-1123,7.3,8.9,7.52,5.3,7.113333333,5.0,6.9565,FASE 2,Agata,,Masculino,,7.083333333,,2023,Privada,1,0.0,1
RA-1124,9.5,8.0,7.52,3.0,7.786666667,5.0,6.667866667,FASE 2,Agata,14.0,Feminino,,7.083333333,,2023,Privada,1,0.0,1
RA-1125,4.7,7.9,7.52,4.0,6.95,10.0,6.655366667,FASE 2,Agata,,Feminino,,6.666666667,,2023,Privada,0,0.0,1
RA-1126,0.0,5.2,3.77,,7.06,5.0,,FASE 2,,12.0,Feminino,,7.291666667,,2023,Privada,1,0.0,1
RA-1127,8.5,9.9,5.02,6.9,9.01,10.0,8.3167,FASE 2,Topázio,,Feminino,,8.125,,2023,Privada,0,0.0,1
RA-1127,9.168,10.0,7.51,5.833333333333333,7.67,10.0,8.180966666666668,3N,Topázio,12.0,Feminino,,8.125,EE Donizetti Aparecido Leite Professor,2024,Pública,0,-1.0666666666666673,0
RA-1128,9.5,7.3,5.02,3.5,7.503333333,5.0,6.404533333,FASE 2,Agata,12.0,Masculino,,7.916666667,,2023,Privada,1,0.0,1
RA-1129,0.0,9.2,6.27,7.8,7.503333333,10.0,7.309333333,FASE 2,Ametista,11.0,Masculino,,7.916666667,,2023,Privada,0,0.0,1
RA-1129,9.168,7.137254902,8.13,6.833333333333333,5.745,10.0,7.360417647066668,3N,Ametista,12.0,Masculino,,6.875,EE Donizetti Aparecido Leite Professor,2024,Pública,0,-0.9666666666666668,0
RA-113,0.0,0.0,5.0,3.7,3.792,5.0,3.032,4,Ametista,15.0,Feminino,Não,,,2022,Privada,1,0.0,1
RA-113,8.751,7.063851181666667,7.51,6.666666666666667,7.106666667,5.0,7.043536903066667,5G,Ametista,16.0,Feminino,,7.5,EE Leonice de Aquino Oliveira,2024,Pública,1,2.966666666666667,0
RA-1130,8.5,8.4,7.52,7.3,7.503333333,10.0,8.0037,FASE 2,Topázio,11.0,Masculino,,7.708333333,,2023,Privada,0,0.0,1
RA-1130,8.751,6.278431372666667,8.13,4.333333333333333,5.33,10.0,6.563952941199999,3N,Agata,12.0,Masculino,,6.875,EE Donizetti Aparecido Leite Professor,2024,Pública,0,-2.966666666666667,0
RA-1131,7.9,9.9,5.02,9.1,9.286666667,5.0,8.316133333,FASE 2,Topázio,12.0,Feminino,,8.75,,2023,Privada,1,0.0,1
RA-1131,8.334,9.277777777666666,6.255,8.333333333333334,7.893333333,10.0,8.2889555555,3K,Topázio,13.0,Feminino,,7.291666667,Colégio Arco Íris Evolução,2024,Privada,0,-0.7666666666666657,0
RA-1132,10.0,6.3,6.27,5.8,7.503333333,5.0,6.829533333,FASE 2,Agata,12.0,Masculino,,7.916666667,,2023,Privada,1,0.0,1
RA-1133,9.5,10.0,6.27,6.5,9.343333333,10.0,8.600033333,FASE 2,Topázio,10.0,Feminino,,8.541666667,,2023,Privada,0,0.0,1
RA-1133,9.168,9.841269841333334,8.75,4.5,8.83,10.0,8.238553968266668,3U,Topázio,11.0,Feminino,,8.125,EE Donizetti Aparecido Leite Professor,2024,Pública,0,-2.0,0
RA-1134,8.0,9.7,3.76,6.8,7.56,10.0,7.769866667,FASE 2,Ametista,11.0,Masculino,,7.916666667,,2023,Privada,0,0.0,1
RA-1134,8.751,8.914285714,7.51,6.0,6.883333333,10.0,7.7564571427,3U,Ametista,12.0,Masculino,,7.708333333,EE Donizetti Aparecido Leite Professor,2024,Pública,0,-0.7999999999999998,0
RA-1135,0.0,9.4,7.52,7.2,7.896666667,10.0,7.453833333,FASE 2,Ametista,11.0,Masculino,,8.125,,2023,Privada,0,0.0,1
RA-1136,6.8,8.1,2.52,6.6,7.723333333,5.0,6.7351,FASE 2,Agata,13.0,Feminino,,8.333333333,,2023,Privada,1,0.0,1
RA-1136,8.751,4.547899159666667,8.135,1.6666666666666667,6.383333333,5.0,5.458179831866667,3R,Quartzo,14.0,Feminino,,7.5,EE Donizetti Aparecido Leite Professor,2024,Pública,1,-4.933333333333333,0
RA-1137,9.5,9.8,6.27,6.5,9.843333333,10.0,8.743366667,FASE 2,Topázio,10.0,Feminino,,9.375,,2023,Privada,0,0.0,1
RA-1137,8.334,7.588638262333333,8.13,3.5,7.4575,10.0,7.1837526524666675,3P,Ametista,11.0,Feminino,,8.28125,EE Maria André Schunck Dona,2024,Pública,0,-3.0,0
RA-1138,9.0,9.2,6.27,9.3,8.566666667,5.0,8.3472,FASE 2,Topázio,12.0,Feminino,,9.166666667,,2023,Privada,1,0.0,1
RA-1139,8.5,9.1,5.64,5.3,7.79,10.0,7.6647,FASE 2,Ametista,11.0,Masculino,,8.125,,2023,Privada,0,0.0,1
RA-1139,8.334,6.152715121333333,7.51,4.666666666666667,7.04,10.0,6.906276357600001,3P,Agata,12.0,Masculino,,7.5,EE Maria André Schunck Dona,2024,Pública,0,-0.6333333333333329,0
RA-114,7.9,6.3,7.5,5.3,5.0,5.0,5.894,4,,16.0,Masculino,Não,,,2022,Privada,1,0.0,1
RA-114,0.0,6.0,3.14,5.6,7.255,5.0,5.335,FASE 5,Quartzo,,Masculino,,7.5,,2023,Privada,1,0.2999999999999998,0
RA-1140,4.7,8.7,7.52,7.3,7.62,10.0,7.703533333,FASE 2,Ametista,11.0,Feminino,,7.708333333,,2023,Privada,0,0.0,1
RA-1140,6.834,6.112440191499999,7.51,7.0,7.39,10.0,7.3473880383,2P,Ametista,12.0,Feminino,,8.125,EE Donizetti Aparecido Leite Professor,2024,Pública,0,-0.2999999999999998,0
RA-1141,9.0,8.8,7.52,5.9,7.113333333,5.0,7.2757,FASE 2,Ametista,12.0,Feminino,,7.708333333,,2023,Privada,1,0.0,1
RA-1141,9.585,6.191537667666666,7.51,4.166666666666667,6.7825,10.0,6.793890866866667,3L,Agata,13.0,Feminino,,6.5625,EE Maria André Schunck Dona,2024,Pública,0,-1.7333333333333334,0
RA-1142,9.0,10.0,7.52,10.0,8.343333333,10.0,9.175033333,FASE 2,Topázio,11.0,Feminino,,8.541666667,,2023,Privada,0,0.0,1
RA-1142,8.334,9.133333333333333,7.51,8.5,7.335,10.0,8.390566666666668,3P,Topázio,12.0,Feminino,,8.125,EM Cecilia Cristina de Oliveira Rodrigues,2024,Privada,0,-1.5,0
RA-1143,8.8,7.0,6.26,5.3,6.2075,5.0,6.445933333,FASE 3,Agata,15.0,Feminino,,7.5,,2023,Privada,1,0.0,1
RA-1143,9.585,5.201336675,9.38,3.1666666666666665,6.79,2.5,5.881225668333334,3A,Quartzo,16.0,Feminino,,7.03125,EE Joaquim Mendes Feliz,2024,Pública,1,-2.1333333333333333,0
RA-1144,0.0,9.4,5.02,8.0,8.0025,10.0,7.410625,FASE 3,Ametista,13.0,Feminino,,8.28125,,2023,Privada,0,0.0,1
RA-1145,0.0,9.5,4.39,7.8,8.63,10.0,7.484375,FASE 3,Ametista,11.0,Feminino,,8.59375,,2023,Privada,0,0.0,1
RA-1146,9.6,8.8,6.26,3.7,6.965,5.0,6.689583333,FASE 3,Agata,14.0,Feminino,,7.1875,,2023,Privada,1,0.0,1
RA-1146,10.002,5.017209691,6.88,2.0,5.883333333,5.0,5.3933086048000005,3C,Quartzo,15.0,Feminino,,6.25,EE Mario Francisco de Amorim,2024,Pública,1,-1.7000000000000002,0
RA-1147,8.3,8.3,6.26,6.7,7.0075,5.0,7.072983333,FASE 3,Ametista,,Feminino,,7.1875,,2023,Privada,1,0.0,1
RA-1147,8.751,6.125925926,8.755,3.1666666666666665,5.495,5.0,5.833118518533334,3B,Quartzo,15.0,Feminino,,6.25,EE Loris Nassif Mattar Profa,2024,Pública,1,-3.5333333333333337,0
RA-1148,7.9,8.6,3.77,5.7,7.2125,10.0,7.227866667,FASE 3,Ametista,11.0,Feminino,,7.5,,2023,Privada,0,0.0,1
RA-1149,8.3,9.8,2.52,7.2,8.1725,5.0,7.410108333,FASE 3,Ametista,,Feminino,,7.96875,,2023,Privada,1,0.0,1
RA-1149,8.334,10.0,10.0,6.0,8.706,5.0,8.1371,4A,Topázio,15.0,Feminino,,8.625,EE Joaquim Mendes Feliz,2024,Pública,1,-1.2000000000000002,0
RA-115,8.3,6.8,6.3,3.8,5.583,5.0,5.886,4,Ametista,16.0,Feminino,Não,,,2022,Privada,1,0.0,1
RA-115,8.8,7.1,5.0,4.2,7.215,5.0,6.319141667,FASE 5,Agata,16.0,Feminino,,7.34375,,2023,Privada,1,0.40000000000000036,0
RA-115,7.917,4.164756812,6.26,4.166666666666667,5.726,5.0,5.404184695733334,5A,Quartzo,17.0,Feminino,,6.75,EE Joaquim Mendes Feliz,2024,Pública,1,-0.033333333333333215,0
RA-1150,9.2,9.8,2.52,6.7,7.835,2.5,7.076008333,FASE 3,Ametista,16.0,Masculino,,7.96875,,2023,Privada,1,0.0,1
RA-1150,8.334,6.481481481666667,7.51,6.833333333333333,7.946666667,5.0,7.1023212964,4C,Ametista,17.0,Masculino,,7.65625,EE Olivia de Faria Nogueira,2024,Pública,1,0.13333333333333286,0
RA-1151,7.5,9.5,2.52,8.3,7.545,10.0,7.829958333,FASE 3,Ametista,,Feminino,,7.65625,,2023,Privada,0,0.0,1
RA-1151,7.5,9.722222222333334,5.635,9.0,9.393333333,10.0,8.749111111066668,4C,Topázio,13.0,Feminino,,8.125,EE Paschoal Carlos Magno,2024,Pública,0,0.6999999999999993,0
RA-1152,0.0,9.4,5.0,6.8,7.585,5.0,6.544916667,FASE 3,Agata,,Masculino,,7.8125,,2023,Privada,1,0.0,1
RA-1153,7.9,10.0,7.52,7.2,8.63,5.0,7.968658333,FASE 3,Ametista,14.0,Feminino,,7.65625,,2023,Privada,1,0.0,1
RA-1153,8.751,9.702380952333334,5.635,8.5,9.074,5.0,8.268876190466667,4A,Topázio,15.0,Feminino,,8.75,Colégio Arco Íris Evolução,2024,Privada,1,1.2999999999999998,0
RA-1154,9.6,9.3,5.63,5.1,7.67,10.0,7.701125,FASE 3,Ametista,13.0,Masculino,,7.65625,,2023,Privada,0,0.0,1
RA-1154,7.917,9.200000000000001,7.51,8.0,6.745,5.0,7.5660750000000005,3G,Ametista,14.0,Masculino,,7.34375,EE João Ortiz Rodrigues,2024,Pública,1,2.9000000000000004,0
RA-1155,9.2,9.2,5.63,8.0,8.2925,5.0,7.821633333,FASE 3,Ametista,14.0,Feminino,,7.5,,2023,Privada,1,0.0,1
RA-1155,8.334,8.888888889,5.005,4.666666666666667,8.87,5.0,7.119011111133333,4F,Ametista,15.0,Feminino,,8.0,EE Alexandre Rodrigues Nogueira,2024,Pública,1,-3.333333333333333,0
RA-1156,8.3,9.2,2.52,5.3,7.7925,10.0,7.340775,FASE 3,Ametista,12.0,Feminino,,7.96875,,2023,Privada,0,0.0,1
RA-1156,7.5,7.821067821,7.51,2.0,7.5,10.0,6.6777135642,4F,Agata,13.0,Feminino,,7.125,EE João Ortiz Rodrigues,2024,Pública,0,-3.3,0
RA-1157,9.2,8.8,6.26,5.7,7.0025,5.0,7.086633333,FASE 3,Ametista,14.0,Masculino,,7.5,,2023,Privada,1,0.0,1
RA-1157,9.585,9.082539682666665,7.51,7.0,8.466,5.0,7.916082936533334,3H,Ametista,15.0,Masculino,,7.96875,EE Olivia de Faria Nogueira,2024,Pública,1,1.2999999999999998,0
RA-1158,7.5,8.6,2.52,4.3,7.34,5.0,6.306666667,FASE 3,Agata,14.0,Feminino,,7.5,,2023,Privada,1,0.0,1
RA-1159,5.8,6.6,2.52,3.1,7.1325,10.0,5.913883333,FASE 3,Quartzo,,Feminino,,7.1875,,2023,Privada,0,0.0,1
RA-116,5.8,8.1,6.3,5.9,7.792,5.0,6.854,4,Ametista,16.0,Feminino,Não,,,2022,Privada,1,0.0,1
RA-116,6.7,7.6,5.0,4.7,7.5475,5.0,6.433075,FASE 5,Agata,17.0,Feminino,,7.96875,,2023,Privada,1,-1.2000000000000002,0
RA-116,8.334,7.535353535666666,5.635,4.5,6.73,5.0,6.337470707133334,5A,Agata,18.0,Feminino,,6.875,EE Joaquim Mendes Feliz,2024,Pública,1,-0.20000000000000018,0
RA-1160,9.6,8.7,2.52,2.7,7.2575,10.0,6.636166667,FASE 3,Agata,,Masculino,,6.875,,2023,Privada,0,0.0,1
RA-1160,8.751,8.201288245,7.51,3.1666666666666665,6.2475,5.0,6.274190982333334,3I,Agata,14.0,Masculino,,6.25,EE Joaquim Mendes Feliz,2024,Pública,1,0.46666666666666634,0
RA-1161,6.3,8.1,2.52,6.3,8.63,10.0,7.317791667,FASE 3,Ametista,,Feminino,,8.28125,,2023,Privada,0,0.0,1
RA-1162,8.3,8.5,3.77,6.0,7.7525,10.0,7.44215,FASE 3,Ametista,13.0,Feminino,,7.8125,,2023,Privada,0,0.0,1
RA-1162,7.917,9.135672514666666,6.26,5.666666666666667,7.0375,10.0,7.473167836266667,4M,Ametista,14.0,Feminino,,6.875,EE Maria André Schunck Dona,2024,Pública,0,-0.33333333333333304,0
RA-1163,8.8,9.3,7.52,7.2,7.75,5.0,7.749391667,FASE 3,Ametista,14.0,Masculino,,7.65625,,2023,Privada,1,0.0,1
RA-1163,8.334,9.824561403666666,7.51,7.833333333333333,8.755,10.0,8.6794789474,4M,Topázio,15.0,Masculino,,8.125,EE Maria André Schunck Dona,2024,Pública,0,0.6333333333333329,0
RA-1164,9.2,7.5,2.52,4.8,7.545,10.0,6.910091667,FASE 3,Agata,13.0,Masculino,,7.65625,,2023,Privada,0,0.0,1
RA-1165,9.2,9.1,5.0,7.3,7.2925,10.0,7.880716667,FASE 3,Ametista,12.0,Feminino,,7.1875,,2023,Privada,0,0.0,1
RA-1165,8.751,6.829721362333333,8.135,8.0,7.83,10.0,7.908044272466667,3L,Ametista,13.0,Feminino,,6.875,EM Alfredo Schunk,2024,Privada,0,0.7000000000000002,0
RA-1166,8.3,9.6,7.52,4.8,7.9175,5.0,7.307858333,FASE 3,Ametista,15.0,Feminino,,7.65625,,2023,Privada,1,0.0,1
RA-1166,8.334,8.498245614,6.26,6.333333333333333,8.625,5.0,7.452799122766667,4M,Ametista,16.0,Feminino,,8.020833333,EE Donizetti Aparecido Leite Professor,2024,Pública,1,1.5333333333333332,0
RA-1167,8.8,7.6,2.52,3.8,7.9625,2.5,6.021891667,FASE 3,Agata,16.0,Masculino,,7.65625,,2023,Privada,1,0.0,1
RA-1168,0.0,8.8,2.52,3.5,7.045,10.0,5.886625,FASE 3,Quartzo,13.0,Feminino,,7.65625,,2023,Privada,0,0.0,1
RA-1168,9.585,7.682352941333334,7.51,5.666666666666667,6.33,5.0,6.864053921600001,3N,Agata,14.0,Feminino,,7.1875,EE Paschoal Carlos Magno,2024,Pública,1,2.166666666666667,0
RA-1169,7.5,9.5,5.0,6.3,8.0025,5.0,7.213625,FASE 3,Ametista,,Feminino,,7.03125,,2023,Privada,1,0.0,1
RA-1169,6.25,8.444444444333334,5.635,6.833333333333333,6.8,5.0,6.885305555533334,4N,Agata,15.0,Feminino,,7.8125,EE Maria André Schunck Dona,2024,Pública,1,0.5333333333333332,0
RA-117,7.9,6.3,6.9,6.1,7.417,5.0,6.685,4,,15.0,Feminino,Não,,,2022,Privada,1,0.0,1
RA-1170,8.8,7.7,7.52,5.9,6.5775,5.0,6.874683333,FASE 3,Agata,,Masculino,,7.1875,,2023,Privada,1,0.0,1
RA-1170,9.168,5.565079365,8.13,3.5,6.7475,5.0,6.095440873,3P,Agata,15.0,Masculino,,7.03125,EE Donizetti Aparecido Leite Professor,2024,Pública,1,-2.4000000000000004,0
RA-1171,7.9,8.4,5.0,8.7,8.88,5.0,7.856033333,FASE 3,Ametista,14.0,Masculino,,8.75,,2023,Privada,1,0.0,1
RA-1171,8.334,7.230158729999999,7.51,7.5,8.643333333,5.0,7.6236817459,4R,Ametista,15.0,Masculino,,8.645833333,EE Donizetti Aparecido Leite Professor,2024,Pública,1,-1.1999999999999993,0
RA-1172,8.3,7.8,2.52,6.7,8.46,5.0,7.030108333,FASE 4,Ametista,16.0,Feminino,,8.59375,,2023,Privada,1,0.0,1
RA-1172,7.5,6.0634920633333325,6.26,3.3333333333333335,6.196,5.0,5.719565079333334,5A,Quartzo,17.0,Feminino,,7.25,EE Donizetti Aparecido Leite Professor,2024,Pública,1,-3.3666666666666667,0
RA-1173,8.8,9.7,2.52,6.0,8.1225,10.0,7.67285,FASE 4,Ametista,14.0,Masculino,,7.8125,,2023,Privada,0,0.0,1
RA-1173,9.168,9.665831245,7.51,5.833333333333333,8.2,10.0,8.220132915666667,5D,Topázio,15.0,Masculino,,8.125,EE Leonice de Aquino Oliveira,2024,Pública,0,-0.16666666666666696,0
RA-1174,9.2,8.7,2.52,6.8,8.3375,5.0,7.333591667,FASE 4,Ametista,15.0,Feminino,,8.90625,,2023,Privada,1,0.0,1
RA-1174,8.751,8.349567099333333,6.26,5.0,7.266,10.0,7.374213419866667,5B,Ametista,16.0,Feminino,,7.5,EE Olivia de Faria Nogueira,2024,Pública,0,-1.7999999999999998,0
RA-1175,8.3,5.3,2.52,6.3,7.6275,2.5,5.939858333,FASE 4,Quartzo,,Feminino,,7.65625,,2023,Privada,1,0.0,1
RA-1176,8.3,9.3,7.52,8.2,9.17,10.0,8.881483333,FASE 4,Topázio,13.0,Masculino,,9.6875,,2023,Privada,0,0.0,1
RA-1176,8.751,9.682539682666667,6.26,9.166666666666666,8.9225,10.0,8.914816269866666,5C,Topázio,14.0,Masculino,,8.59375,Colégio Arco Íris Evolução,2024,Privada,0,0.9666666666666668,0
RA-1177,10.0,9.9,2.52,7.2,8.88,10.0,8.345491667,FASE 4,Topázio,14.0,Feminino,,8.90625,,2023,Privada,0,0.0,1
RA-1177,8.751,9.824561403666666,6.26,7.333333333333333,8.125,10.0,8.3233039474,5C,Topázio,15.0,Feminino,,7.65625,EE Mario Francisco de Amorim,2024,Pública,0,0.13333333333333286,0
RA-1178,8.8,9.3,2.52,5.7,8.2125,5.0,7.066475,FASE 4,Ametista,,Masculino,,7.96875,,2023,Privada,1,0.0,1
RA-1178,8.751,9.682539682666667,6.26,8.333333333333334,8.696,5.0,8.0934746032,5D,Topázio,17.0,Masculino,,7.5,EE Mario Francisco de Amorim,2024,Pública,1,2.6333333333333337,0
RA-1179,9.6,8.1,4.38,5.0,7.17,5.0,6.631333333,FASE 4,Agata,,Masculino,,6.875,,2023,Privada,1,0.0,1
RA-118,0.0,5.3,6.3,3.9,6.958,10.0,5.597,4,,14.0,Feminino,Não,,,2022,Privada,0,0.0,1
RA-1180,8.3,9.5,5.0,5.4,7.7125,5.0,7.067983333,FASE 4,Ametista,15.0,Masculino,,7.1875,,2023,Privada,1,0.0,1
RA-1181,8.8,8.3,2.52,4.8,7.3375,10.0,6.971266667,FASE 4,Agata,,Feminino,,7.5,,2023,Privada,0,0.0,1
RA-1181,9.168,5.036075036,6.26,3.8333333333333335,5.862,10.0,6.2015816738666665,5B,Agata,15.0,Feminino,,7.125,EE Paschoal Carlos Magno,2024,Pública,0,-0.9666666666666663,0
RA-1182,7.5,6.3,2.52,4.2,7.2125,5.0,5.709808333,FASE 4,Quartzo,,Feminino,,6.71875,,2023,Privada,1,0.0,1
RA-1183,7.5,8.7,2.52,5.3,6.7575,5.0,6.269541667,FASE 4,Agata,15.0,Masculino,,6.09375,,2023,Privada,1,0.0,1
RA-1184,8.3,8.3,5.0,7.3,8.045,5.0,7.381566667,FASE 4,Ametista,,Masculino,,8.125,,2023,Privada,1,0.0,1
RA-1184,6.666,8.658008657666668,7.51,7.666666666666667,7.5,5.0,7.411701731566668,5F,Ametista,17.0,Masculino,,7.291666667,EE Joaquim Mendes Feliz,2024,Pública,1,0.36666666666666714,0
RA-1185,7.5,9.1,5.0,7.5,8.3775,10.0,8.02675,FASE 4,Topázio,,Feminino,,7.8125,,2023,Privada,0,0.0,1
RA-1186,8.8,9.8,6.89,5.5,7.3825,5.0,7.281433333,FASE 4,Ametista,,Feminino,,6.875,,2023,Privada,1,0.0,1
RA-1187,8.8,6.9,2.52,5.3,6.715,10.0,6.644475,FASE 4,Agata,13.0,Feminino,,7.34375,,2023,Privada,0,0.0,1
RA-1188,9.6,9.4,,6.4,7.5875,5.0,,FASE 4,,15.0,Feminino,,7.8125,,2023,Privada,1,0.0,1
RA-1188,9.168,10.0,7.51,7.0,7.106666667,5.0,7.801633333400001,5G,Ametista,16.0,Feminino,,8.125,EE Olivia de Faria Nogueira,2024,Pública,1,0.5999999999999996,0
RA-1189,8.8,9.0,,6.1,7.3775,5.0,,FASE 4,,,Feminino,,7.8125,,2023,Privada,1,0.0,1
RA-1189,9.585,8.672360248333332,7.51,7.666666666666667,7.106666667,5.0,7.6486387164,5G,Ametista,16.0,Feminino,,7.5,EE Olivia de Faria Nogueira,2024,Pública,1,1.5666666666666673,0
RA-119,8.3,8.2,5.6,5.4,7.875,10.0,7.501,4,Ametista,14.0,Feminino,Não,,,2022,Privada,0,0.0,1
RA-119,6.7,,2.52,,,10.0,,FASE 7,,15.0,Feminino,,,,2023,Privada,0,0.0,0
RA-119,7.083,9.983333333,6.57,7.366666666666667,7.5,10.0,8.085299999933333,7E,Topázio,16.0,Feminino,,7.5,Colégio Albert Einstein - SP,2024,Privada,0,0.0,0
RA-1190,0.0,9.2,5.0,4.2,7.045,10.0,6.330041667,FASE 4,Agata,,Masculino,,7.34375,,2023,Privada,0,0.0,1
RA-1191,7.5,7.2,5.0,3.7,6.26,10.0,6.175333333,FASE 4,Agata,,Masculino,,5.0,,2023,Privada,0,0.0,1
RA-1192,7.9,8.7,2.52,5.8,7.6675,5.0,6.780741667,FASE 4,Agata,15.0,Feminino,,7.96875,,2023,Privada,1,0.0,1
RA-1193,0.0,7.8,5.0,4.1,7.13,10.0,6.018083333,FASE 4,Agata,,Feminino,,7.1875,,2023,Privada,0,0.0,1
RA-1193,8.751,7.763157895,5.635,4.0,7.79,5.0,6.6304815790000005,4L,Agata,15.0,Feminino,,7.8125,EE Donizetti Aparecido Leite Professor,2024,Pública,1,-0.09999999999999964,0
RA-1194,8.8,9.0,5.0,6.1,7.6675,10.0,7.671933333,FASE 4,Ametista,13.0,Masculino,,7.5,,2023,Privada,0,0.0,1
RA-1195,0.0,8.3,2.52,5.4,8.0025,2.5,5.677291667,FASE 4,Quartzo,,Feminino,,8.28125,,2023,Privada,1,0.0,1
RA-1195,9.585,9.855072463666666,5.63,6.166666666666667,7.663333333,5.0,7.5085144926666665,5N,Ametista,18.0,Feminino,,7.5,EE Maria André Schunck Dona,2024,Pública,1,0.7666666666666666,0
RA-1196,0.0,8.2,5.0,7.5,8.045,10.0,7.03025,FASE 5,Ametista,15.0,Masculino,,7.8125,,2023,Privada,0,0.0,1
RA-1197,6.7,8.4,5.0,7.3,7.215,5.0,6.946058333,FASE 5,Agata,16.0,Feminino,,7.03125,,2023,Privada,1,0.0,1
RA-1198,8.3,9.4,6.26,6.7,7.9625,5.0,7.515233333,FASE 5,Ametista,,Feminino,,7.5,,2023,Privada,1,0.0,1
RA-1198,8.751,9.458874459,7.51,3.5,7.332,5.0,6.9217748918,5A,Agata,17.0,Feminino,,7.375,EE Joaquim Mendes Feliz,2024,Pública,1,-3.2,0
RA-1199,6.7,9.1,5.0,6.2,8.0875,5.0,7.024933333,FASE 5,Ametista,,Masculino,,6.875,,2023,Privada,1,0.0,1
RA-1199,7.5,8.571428571333334,5.005,9.0,8.466,5.0,7.614235714266666,5D,Ametista,18.0,Masculino,,6.5625,Concluiu o 3º EM,2024,Privada,1,2.8,0
RA-12,0.0,4.0,6.9,1.5,6.389,10.0,4.832,7,Ágata,17.0,Feminino,Não,,,2022,Privada,0,0.0,1
RA-12,,,,,,10.0,,FASE 8,,18.0,Feminino,,,,2023,Privada,0,0.0,0
RA-12,,0.0,,,,10.0,,8E,,19.0,Feminino,,,Universidade Santo Amaro (UNISA),2024,Privada,0,0.0,0
RA-120,8.3,5.9,7.5,6.2,7.667,5.0,6.825,4,Ametista,15.0,Masculino,Não,,,2022,Privada,1,0.0,1
RA-1200,0.0,6.4,5.0,4.0,6.8725,10.0,5.711166667,FASE 5,Quartzo,15.0,Feminino,,7.5,,2023,Privada,0,0.0,1
RA-1200,7.917,7.099419478000001,6.26,1.5,6.27,5.0,5.6415838956,5N,Quartzo,16.0,Feminino,,7.5,EE Maria André Schunck Dona,2024,Pública,1,-2.5,0
RA-1201,9.2,9.6,3.77,7.8,8.7575,10.0,8.378008333,FASE 5,Topázio,15.0,Masculino,,8.59375,,2023,Privada,0,0.0,1
RA-1201,8.751,9.523809523666666,7.51,9.0,8.56,5.0,8.376195238033333,5N,Topázio,16.0,Masculino,,8.333333333,EE Maria André Schunck Dona,2024,Pública,1,1.2000000000000002,0
RA-1202,7.1,7.6,7.52,3.3,6.67,5.0,6.202008333,FASE 5,Agata,16.0,Feminino,,7.34375,,2023,Privada,1,0.0,1
RA-1203,9.2,10.0,2.52,7.2,7.8775,5.0,7.487841667,FASE 5,Ametista,,Feminino,,7.96875,,2023,Privada,1,0.0,1
RA-1203,9.168,9.649122807,7.51,9.0,8.572,10.0,8.9495245614,6L,Topázio,17.0,Feminino,,8.375,Colégio Arco Íris Evolução,2024,Privada,0,1.7999999999999998,0
RA-1204,7.5,8.7,5.0,6.1,7.2125,5.0,6.940416667,FASE 5,Agata,16.0,Masculino,,7.8125,,2023,Privada,1,0.0,1
RA-1205,9.2,9.2,6.26,5.0,7.085,2.5,6.806466667,FASE 5,Agata,18.0,Feminino,,7.5,,2023,Privada,1,0.0,1
RA-1206,8.8,8.3,2.52,5.6,7.7125,5.0,6.724183333,FASE 5,Agata,17.0,Feminino,,7.8125,,2023,Privada,1,0.0,1
RA-1207,8.8,9.0,5.0,5.5,7.63,10.0,7.58235,FASE 5,Ametista,,Feminino,,7.8125,,2023,Privada,0,0.0,1
RA-1207,8.334,6.581140350999999,7.51,5.333333333333333,6.5375,5.0,6.509169736866667,5M,Agata,16.0,Feminino,,7.34375,EE Donizetti Aparecido Leite Professor,2024,Pública,1,-0.16666666666666696,0
RA-1208,8.8,8.8,2.52,6.2,6.2525,10.0,7.0651,FASE 5,Ametista,15.0,Masculino,,6.875,,2023,Privada,0,0.0,1
RA-1209,7.5,9.4,5.0,7.4,7.7125,5.0,7.43375,FASE 5,Ametista,16.0,Feminino,,7.8125,,2023,Privada,1,0.0,1
RA-121,7.1,8.4,6.3,7.2,7.625,5.0,7.245,4,,16.0,Feminino,Não,,,2022,Privada,1,0.0,1
RA-121,6.3,8.8,5.0,6.0,7.4625,5.0,6.811875,FASE 5,Agata,,Feminino,,7.34375,,2023,Privada,1,-1.2000000000000002,0
RA-121,8.751,8.152958153,6.26,8.833333333333334,6.764,5.0,7.476158297266668,5A,Ametista,17.0,Feminino,,7.25,EE Joaquim Mendes Feliz,2024,Pública,1,2.833333333333334,0
RA-1210,9.6,9.4,5.0,4.7,8.09,5.0,7.171083333,FASE 5,Ametista,16.0,Feminino,,7.8125,,2023,Privada,1,0.0,1
RA-1210,9.585,10.0,7.51,5.5,8.166,10.0,8.2302,6L,Topázio,17.0,Feminino,,7.875,EE Donizetti Aparecido Leite Professor,2024,Pública,0,0.7999999999999998,0
RA-1211,7.1,9.1,5.0,6.2,7.7125,5.0,7.09205,FASE 5,Ametista,16.0,Feminino,,7.8125,,2023,Privada,1,0.0,1
RA-1212,8.3,8.9,5.0,4.2,7.715,5.0,6.755358333,FASE 5,Agata,16.0,Feminino,,7.65625,,2023,Privada,1,0.0,1
RA-1213,0.0,8.4,2.52,6.0,7.715,5.0,5.95625,FASE 5,Quartzo,,Feminino,,7.8125,,2023,Privada,1,0.0,1
RA-1214,9.6,9.8,6.89,7.4,7.6725,10.0,8.378666667,FASE 6,Topázio,16.0,Masculino,,7.5,,2023,Privada,0,0.0,1
RA-1214,10.002,9.081527348,8.13,8.0,7.663333333,10.0,8.5902971362,7A,Topázio,17.0,Masculino,,8.28125,EE Paschoal Carlos Magno,2024,Pública,0,0.5999999999999996,0
RA-1215,7.1,5.6,5.0,4.1,7.1725,10.0,6.339466667,FASE 6,Agata,16.0,Feminino,,7.5,,2023,Privada,0,0.0,1
RA-1216,9.6,9.0,5.63,7.9,7.795,5.0,7.7105,FASE 6,Ametista,19.0,Feminino,,7.5,,2023,Privada,1,0.0,1
RA-1216,,0.0,,,,10.0,,8F,,20.0,Feminino,,,Universidade Santo Amaro (UNISA),2024,Privada,0,0.0,0
RA-1217,0.0,7.9,5.63,5.9,7.38,5.0,6.064625,FASE 6,Agata,17.0,Feminino,,7.65625,,2023,Privada,1,0.0,1
RA-1218,7.5,9.2,5.0,5.3,7.1325,5.0,6.8265,FASE 6,Agata,17.0,Masculino,,7.5,,2023,Privada,1,0.0,1
RA-1219,8.8,6.5,5.63,6.3,7.38,10.0,7.215141667,FASE 6,Ametista,,Feminino,,7.34375,,2023,Privada,0,0.0,1
RA-122,7.9,3.4,7.5,1.8,4.958,10.0,5.061,4,Ágata,14.0,Feminino,Não,,,2022,Privada,0,0.0,1
RA-1220,0.0,9.0,5.0,6.8,7.63,5.0,6.46725,FASE 6,Agata,17.0,Feminino,,7.8125,,2023,Privada,1,0.0,1
RA-1220,7.083,8.555555555666666,6.885,7.666666666666667,6.26,5.0,7.143244444466667,6L,Ametista,18.0,Feminino,,7.5,Concluiu o 3º EM,2024,Privada,1,0.8666666666666671,0
RA-1221,9.2,9.1,6.26,8.7,8.09,5.0,8.027466667,FASE 7,Topázio,22.0,Feminino,,8.0,,2023,Privada,1,0.0,1
RA-1221,,0.0,,8.0,,10.0,,8F,,23.0,Feminino,,,Concluiu o 3º EM,2024,Privada,0,-0.6999999999999993,0
RA-1222,7.1,10.0,5.63,6.8,6.005,5.0,7.026466667,FASE 7,Ametista,,Feminino,,6.875,,2023,Privada,1,0.0,1
RA-1223,8.8,9.3,5.0,9.0,7.2925,10.0,8.187766667,FASE 7,Topázio,,Masculino,,6.875,,2023,Privada,0,0.0,1
RA-1224,8.3,9.4,5.0,8.0,7.6325,5.0,7.5524,FASE 7,Ametista,,Masculino,,7.125,,2023,Privada,1,0.0,1
RA-1224,,0.0,,,,10.0,,8F,,21.0,Masculino,,,Concluiu o 3º EM,2024,Privada,0,0.0,0
RA-1225,7.5,,2.52,,,5.0,,FASE 7,,18.0,Feminino,,,,2023,Privada,1,0.0,1
RA-1225,,0.0,,,,10.0,,8F,,19.0,Feminino,,,FGV,2024,Privada,0,0.0,0
RA-1226,9.2,,7.52,,,10.0,,FASE 7,,,Feminino,,,,2023,Privada,0,0.0,1
RA-1226,8.334,9.0,6.885,6.066666666666666,7.5,10.0,7.785233333333334,7E,Ametista,17.0,Feminino,,7.5,Colégio Poliedro - SP,2024,Privada,0,0.0,0
RA-1227,9.2,,2.52,,,10.0,,FASE 7,,16.0,Feminino,,,,2023,Privada,0,0.0,1
RA-1227,8.751,0.0,7.195,0.0,7.5,10.0,4.8446,7E,Quartzo,17.0,Feminino,,7.5,Colégio Albert Einstein - SP,2024,Privada,0,0.0,0
RA-1228,7.5,,2.52,,,10.0,,FASE 7,,17.0,Feminino,,,,2023,Privada,0,0.0,1
RA-1228,8.751,0.0,7.51,0.0,7.5,10.0,4.8761,7E,Quartzo,18.0,Feminino,,7.5,Colégio Albert Einstein - SP,2024,Privada,0,0.0,0
RA-1229,8.3,,7.52,,,10.0,,FASE 7,,,Feminino,,,,2023,Privada,0,0.0,1
RA-1229,9.168,0.0,6.57,0.0,7.5,10.0,4.8238,7E,Quartzo,17.0,Feminino,,7.5,Colégio Albert Einstein - SP,2024,Privada,0,0.0,0
RA-123,7.9,8.6,5.6,6.5,7.292,5.0,7.084,4,Ametista,16.0,Masculino,Não,,,2022,Privada,1,0.0,1
RA-123,0.0,9.4,5.0,5.7,6.8375,5.0,6.068333333,FASE 5,Agata,17.0,Masculino,,6.875,,2023,Privada,1,-0.7999999999999998,0
RA-123,7.5,8.412698412666666,5.635,7.166666666666667,6.43,5.0,6.887248015866668,6A,Agata,18.0,Masculino,,6.71875,Colégio Arco Íris Evolução,2024,Privada,1,1.4666666666666668,0
RA-1230,0.0,,2.52,,,10.0,,FASE 7,,16.0,Feminino,,,,2023,Privada,0,0.0,1
RA-1230,7.917,0.0,7.195,0.0,7.5,10.0,4.7612000000000005,7E,Quartzo,17.0,Feminino,,7.5,Colégio Albert Einstein - SP,2024,Privada,0,0.0,0
RA-1231,,,,,,10.0,,FASE 8,,22.0,Masculino,,,,2023,Privada,0,0.0,1
RA-1231,,0.0,,,,10.0,,9,,23.0,Masculino,,,Universidade Santo Amaro (UNISA),2024,Privada,0,0.0,0
RA-1232,,,,,,10.0,,FASE 8,,21.0,Masculino,,,,2023,Privada,0,0.0,1
RA-1232,,0.0,,,,10.0,,9,,22.0,Masculino,,,Universidade Santo Amaro (UNISA),2024,Privada,0,0.0,0
RA-1233,,,,,,10.0,,FASE 8,,22.0,Feminino,,,,2023,Privada,0,0.0,1
RA-1233,,0.0,,,,10.0,,9,,23.0,Feminino,,,Universidade Santo Amaro (UNISA),2024,Privada,0,0.0,0
RA-1234,,,,,,10.0,,FASE 8,,,Feminino,,,,2023,Privada,0,0.0,1
RA-1234,,0.0,,,,10.0,,8A,,21.0,Feminino,,,Universidade Santo Amaro (UNISA),2024,Privada,0,0.0,0
RA-1235,,,,,,10.0,,FASE 8,,21.0,Masculino,,,,2023,Privada,0,0.0,1
RA-1235,,0.0,,,,10.0,,9,,22.0,Masculino,,,Faculdade (FIAP),2024,Privada,0,0.0,0
RA-1236,,,,,,10.0,,FASE 8,,21.0,Feminino,,,,2023,Privada,0,0.0,1
RA-1236,,0.0,,,,10.0,,8A,,22.0,Feminino,,,Universidade Santo Amaro (UNISA),2024,Privada,0,0.0,0
RA-1237,,,,,,10.0,,FASE 8,,,Feminino,,,,2023,Privada,0,0.0,1
RA-1237,,0.0,,,,10.0,,9,,22.0,Feminino,,,Universidade Santo Amaro (UNISA),2024,Privada,0,0.0,0
RA-1238,,,,,,10.0,,FASE 8,,21.0,Feminino,,,,2023,Privada,0,0.0,1
RA-1238,,0.0,,,,10.0,,9,,22.0,Feminino,,,Universidade Santo Amaro (UNISA),2024,Privada,0,0.0,0
RA-1239,,,,,,10.0,,FASE 8,,,Feminino,,,,2023,Privada,0,0.0,1
RA-1239,,0.0,,,,10.0,,8B,,21.0,Feminino,,,Universidade Mackenzie,2024,Privada,0,0.0,0
RA-124,7.9,7.8,5.0,6.7,7.167,10.0,7.388,4,Ametista,14.0,Masculino,Não,,,2022,Privada,0,0.0,1
RA-1240,,,,,,10.0,,FASE 8,,20.0,Masculino,,,,2023,Privada,0,0.0,1
RA-1240,,0.0,,,,10.0,,8B,,21.0,Masculino,,,Universidade Santo Amaro (UNISA),2024,Privada,0,0.0,0
RA-1241,,,,,,10.0,,FASE 8,,,Feminino,,,,2023,Privada,0,0.0,1
RA-1241,,0.0,,,,10.0,,8B,,21.0,Feminino,,,Universidade Santo Amaro (UNISA),2024,Privada,0,0.0,0
RA-1242,,,,,,10.0,,FASE 8,,19.0,Feminino,,,,2023,Privada,0,0.0,1
RA-1242,,0.0,,,,10.0,,8B,,20.0,Feminino,,,Universidade Santo Amaro (UNISA),2024,Privada,0,0.0,0
RA-1243,,,,,,10.0,,FASE 8,,,Feminino,,,,2023,Privada,0,0.0,1
RA-1244,,,,,,10.0,,FASE 8,,20.0,Feminino,,,,2023,Privada,0,0.0,1
RA-1244,,0.0,,,,10.0,,8B,,21.0,Feminino,,,Universidade Santo Amaro (UNISA),2024,Privada,0,0.0,0
RA-1245,,,,,,10.0,,FASE 8,,,Masculino,,,,2023,Privada,0,0.0,1
RA-1245,,0.0,,,,10.0,,8B,,21.0,Masculino,,,Universidade Anhembi Morumbi,2024,Privada,0,0.0,0
RA-1246,,,,,,10.0,,FASE 8,,20.0,Feminino,,,,2023,Privada,0,0.0,1
RA-1246,,0.0,,,,10.0,,8B,,21.0,Feminino,,,Universidade Santo Amaro (UNISA),2024,Privada,0,0.0,0
RA-1247,,,,,,10.0,,FASE 8,,21.0,Feminino,,,,2023,Privada,0,0.0,1
RA-1248,,,,,,10.0,,FASE 8,,20.0,Masculino,,,,2023,Privada,0,0.0,1
RA-1248,,0.0,,,,10.0,,8B,,21.0,Masculino,,,Universidade Santo Amaro (UNISA),2024,Privada,0,0.0,0
RA-1249,,,,,,10.0,,FASE 8,,,Masculino,,,,2023,Privada,0,0.0,1
RA-1249,,0.0,,,,10.0,,8B,,27.0,Masculino,,,Universidade Anhembi Morumbi,2024,Privada,0,0.0,0
RA-125,8.8,8.5,7.5,7.1,7.75,5.0,7.619,4,,15.0,Feminino,Não,,,2022,Privada,1,0.0,1
RA-125,9.2,7.7,5.0,5.8,7.835,5.0,6.989633333,FASE 5,Agata,16.0,Feminino,,8.125,,2023,Privada,1,-1.2999999999999998,0
RA-125,8.334,5.6428571430000005,7.51,6.166666666666667,7.232,5.0,6.627079761933334,6A,Agata,17.0,Feminino,,7.34375,João Friaza Colégio,2024,Privada,1,0.36666666666666714,0
RA-1250,,,,,,10.0,,FASE 8,,,Masculino,,,,2023,Privada,0,0.0,1
RA-1250,,0.0,,,,10.0,,8B,,21.0,Masculino,,,Universidade Cruzeiro do Sul,2024,Privada,0,0.0,0
RA-1251,,,,,,10.0,,FASE 8,,20.0,Feminino,,,,2023,Privada,0,0.0,1
RA-1251,,0.0,,,,10.0,,8B,,21.0,Feminino,,,Universidade Santo Amaro (UNISA),2024,Privada,0,0.0,0
RA-1252,,,,,,10.0,,FASE 8,,,Feminino,,,,2023,Privada,0,0.0,1
RA-1252,,0.0,,,,10.0,,9,,22.0,Feminino,,,Faculdade (FIAP),2024,Privada,0,0.0,0
RA-1253,,,,,,10.0,,FASE 8,,23.0,Feminino,,,,2023,Privada,0,0.0,1
RA-1253,,0.0,,,,10.0,,8D,,24.0,Feminino,,,ESPM,2024,Privada,0,0.0,0
RA-1254,,,,,,10.0,,FASE 8,,19.0,Masculino,,,,2023,Privada,0,0.0,1
RA-1254,,0.0,,,,10.0,,9,,20.0,Masculino,,,Faculdade (FIAP),2024,Privada,0,0.0,0
RA-1255,,,,,,10.0,,FASE 8,,,Masculino,,,,2023,Privada,0,0.0,1
RA-1255,,0.0,,,,10.0,,8D,,20.0,Masculino,,,Universidade Santo Amaro (UNISA),2024,Privada,0,0.0,0
RA-1256,,,,,,10.0,,FASE 8,,18.0,Feminino,,,,2023,Privada,0,0.0,1
RA-1256,,0.0,,,,10.0,,8D,,19.0,Feminino,,,ESPM,2024,Privada,0,0.0,0
RA-1257,,,,,,10.0,,FASE 8,,18.0,Masculino,,,,2023,Privada,0,0.0,1
RA-1257,,0.0,,,,10.0,,8D,,19.0,Masculino,,,Universidade Santo Amaro (UNISA),2024,Privada,0,0.0,0
RA-1258,,,,,,10.0,,FASE 8,,24.0,Masculino,,,,2023,Privada,0,0.0,1
RA-1258,,0.0,,,,10.0,,9,,25.0,Masculino,,,Faculdade (FIAP),2024,Privada,0,0.0,0
RA-1259,,,,,,10.0,,FASE 8,,,Feminino,,,,2023,Privada,0,0.0,1
RA-1259,,0.0,,,,10.0,,8D,,20.0,Feminino,,,Universidade Santo Amaro (UNISA),2024,Privada,0,0.0,0
RA-126,7.1,5.8,7.5,4.4,7.417,5.0,6.289,4,Ametista,15.0,Masculino,Não,,,2022,Privada,1,0.0,1
RA-1260,,,,,,10.0,,FASE 8,,,Masculino,,,,2023,Privada,0,0.0,1
RA-1260,,0.0,,,,10.0,,9,,20.0,Masculino,,,Faculdade (FIAP),2024,Privada,0,0.0,0
RA-1261,,,,,,10.0,,FASE 8,,,Feminino,,,,2023,Privada,0,0.0,1
RA-1261,,0.0,,,,10.0,,8D,,20.0,Feminino,,,Universidade Santo Amaro (UNISA),2024,Privada,0,0.0,0
RA-1262,,,,,,10.0,,FASE 8,,19.0,Feminino,,,,2023,Privada,0,0.0,1
RA-1262,,0.0,,,,10.0,,8D,,20.0,Feminino,,,Universidade Santo Amaro (UNISA),2024,Privada,0,0.0,0
RA-1263,,,,,,10.0,,FASE 8,,,Feminino,,,,2023,Privada,0,0.0,1
RA-1263,,0.0,,,,10.0,,8D,,21.0,Feminino,,,Universidade Santo Amaro (UNISA),2024,Privada,0,0.0,0
RA-1264,,,,,,10.0,,FASE 8,,,Feminino,,,,2023,Privada,0,0.0,1
RA-1264,,0.0,,,,10.0,,8D,,21.0,Feminino,,,Universidade Santo Amaro (UNISA),2024,Privada,0,0.0,0
RA-1265,,,,,,10.0,,FASE 8,,,Masculino,,,,2023,Privada,0,0.0,1
RA-1265,,0.0,,,,10.0,,8D,,21.0,Masculino,,,Universidade Santo Amaro (UNISA),2024,Privada,0,0.0,0
RA-1266,,,,,,10.0,,FASE 8,,,Feminino,,,,2023,Privada,0,0.0,1
RA-1266,,0.0,,,,10.0,,9,,20.0,Feminino,,,Faculdade (FIAP),2024,Privada,0,0.0,0
RA-1267,,,,,,10.0,,FASE 8,,22.0,Feminino,,,,2023,Privada,0,0.0,1
RA-1267,,0.0,,,,10.0,,9,,23.0,Feminino,,,Faculdade (FIAP),2024,Privada,0,0.0,0
RA-1268,,,,,,10.0,,FASE 8,,19.0,Masculino,,,,2023,Privada,0,0.0,1
RA-1268,,0.0,,,,10.0,,9,,20.0,Masculino,,,Faculdade (FIAP),2024,Privada,0,0.0,0
RA-1269,,,,,,10.0,,FASE 8,,18.0,Feminino,,,,2023,Privada,0,0.0,1
RA-1269,,0.0,,,,10.0,,8E,,19.0,Feminino,,,Faculdades Oswaldo Cruz,2024,Privada,0,0.0,0
RA-127,7.5,8.7,7.5,7.9,8.125,10.0,8.283,4,,14.0,Feminino,Não,,,2022,Privada,0,0.0,1
RA-127,8.8,7.8,6.26,6.4,8.6725,10.0,7.91935,FASE 5,Ametista,15.0,Feminino,,8.4375,,2023,Privada,0,-1.5,0
RA-127,8.751,9.488636363666666,7.51,7.833333333333333,8.538,10.0,8.5605939394,5A,Topázio,16.0,Feminino,,7.625,Colégio Arco Íris Evolução,2024,Privada,0,1.4333333333333327,0
RA-1270,,,,,,10.0,,FASE 8,,19.0,Feminino,,,,2023,Privada,0,0.0,1
RA-1270,,0.0,,,,10.0,,8E,,20.0,Feminino,,,Faculdade FIAP,2024,Privada,0,0.0,0
RA-1271,,,,,,10.0,,FASE 8,,18.0,Feminino,,,,2023,Privada,0,0.0,1
RA-1271,,0.0,,,,10.0,,8E,,19.0,Feminino,,,Universidade Santo Amaro (UNISA),2024,Privada,0,0.0,0
RA-1272,,,,,,10.0,,FASE 8,,,Feminino,,,,2023,Privada,0,0.0,1
RA-1272,,0.0,,,,10.0,,8E,,20.0,Feminino,,,INSPER,2024,Privada,0,0.0,0
RA-1273,,,,,,10.0,,FASE 8,,17.0,Feminino,,,,2023,Privada,0,0.0,1
RA-1273,,0.0,,,,10.0,,8E,,18.0,Feminino,,,Faculdade FIAP,2024,Privada,0,0.0,0
RA-1274,,,,,,10.0,,FASE 8,,,Feminino,,,,2023,Privada,0,0.0,1
RA-1274,,0.0,,,,10.0,,8E,,19.0,Feminino,,,Universidade Santo Amaro (UNISA),2024,Privada,0,0.0,0
RA-1275,10.002,8.6666666665,6.26,8.0,5.446666667,10.0,7.611366666700001,ALFA,Ametista,8.0,Masculino,,5.625,EE Chácara Florida II,2024,Pública,0,0.0,1
RA-1276,10.002,9.3333333335,3.76,8.0,7.05,10.0,8.002866666700001,ALFA,Topázio,8.0,Feminino,,7.5,EE Chácara Florida II,2024,Pública,0,0.0,1
RA-1277,10.002,9.0833333335,3.76,8.0,7.046666667,10.0,7.952200000100001,ALFA,Ametista,8.0,Masculino,,7.5,EE Dom Pedro Villas Boas de Souza,2024,Pública,0,0.0,1
RA-1278,9.002,4.1666666665,3.76,7.5,4.173333333,5.0,5.444199999900001,ALFA,Quartzo,9.0,Masculino,,5.0,EM Etelvina Delfim Simões,2024,Privada,1,0.0,1
RA-1279,10.002,10.0,6.26,8.25,7.78,5.0,8.0822,ALFA,Topázio,9.0,Feminino,,7.5,EE Chácara Florida II,2024,Pública,1,0.0,1
RA-128,0.0,6.2,7.5,5.6,6.167,5.0,5.563,4,Ametista,15.0,Masculino,Não,,,2022,Privada,1,0.0,1
RA-128,6.7,7.3,5.0,5.7,7.5475,5.0,6.503908333,FASE 5,Agata,16.0,Masculino,,7.34375,,2023,Privada,1,0.10000000000000053,0
RA-1280,10.002,9.5454545455,6.26,8.5,8.336666667,5.0,8.152624242500002,ALFA,Topázio,9.0,Masculino,,7.5,EM Etelvina Delfim Simões,2024,Privada,1,0.0,1
RA-1281,7.918,9.5454545455,6.26,9.25,7.78,5.0,7.982890909100001,ALFA,Ametista,9.0,Feminino,,7.5,EE Chácara Florida II,2024,Pública,1,0.0,1
RA-1282,9.502,8.1136363635,6.26,9.25,7.89,5.0,7.8769272727000015,ALFA,Ametista,9.0,Feminino,,7.5,EE Chácara Florida II,2024,Pública,1,0.0,1
RA-1283,10.002,9.230769231,7.51,9.0,8.28,5.0,8.3033538462,ALFA,Topázio,10.0,Masculino,,7.5,EE Dom Pedro Villas Boas de Souza,2024,Pública,1,0.0,1
RA-1284,9.002,9.347826087,2.51,10.0,7.89,10.0,8.3800152174,ALFA,Topázio,8.0,Feminino,,7.8125,EE Dom Pedro Villas Boas de Souza,2024,Pública,0,0.0,1
RA-1285,10.002,8.830227742999998,2.51,8.0,8.946666667,10.0,8.156578882000002,ALFA,Topázio,7.0,Feminino,,7.5,Estuda em outra cidade,2024,Privada,0,0.0,1
RA-1286,8.002,5.051759834,2.51,7.0,4.61,10.0,5.914801966800001,ALFA,Quartzo,7.0,Masculino,,5.3125,EM Etelvina Delfim Simões,2024,Privada,0,0.0,1
RA-1287,10.002,9.3064182195,2.51,7.75,8.223333333,5.0,7.619650310500001,ALFA,Ametista,8.0,Feminino,,8.125,EE Dom Pedro Villas Boas de Souza,2024,Pública,1,0.0,1
RA-1288,9.002,7.9813664595,2.51,10.0,7.273333333,10.0,7.9208899585,ALFA,Ametista,7.0,Feminino,,7.1875,EM Etelvina Delfim Simões,2024,Privada,0,0.0,1
RA-1289,7.002,9.4444444445,7.51,7.75,6.166666667,5.0,7.2171722223,ALFA,Ametista,10.0,Feminino,,5.9375,EE Dom Pedro Villas Boas de Souza,2024,Pública,1,0.0,1
RA-129,6.7,6.4,7.5,6.7,7.792,5.0,6.926,4,Ametista,15.0,Masculino,Não,,,2022,Privada,1,0.0,1
RA-1290,10.002,10.0,7.51,8.75,8.28,5.0,8.407200000000001,ALFA,Topázio,9.0,Masculino,,7.5,EE Dom Pedro Villas Boas de Souza,2024,Pública,1,0.0,1
RA-1291,9.502,9.5,7.51,8.25,7.89,5.0,8.079200000000002,ALFA,Topázio,9.0,Masculino,,7.5,EE Chácara Florida II,2024,Pública,1,0.0,1
RA-1292,7.502,4.7727272725,7.51,8.25,7.893333333,5.0,6.9031621211,ALFA,Agata,9.0,Feminino,,7.1875,EE Francisco de Paula Teixeira,2024,Pública,1,0.0,1
RA-1293,8.002,9.4949494945,7.51,8.5,8.336666667,5.0,8.005023232300001,ALFA,Topázio,9.0,Feminino,,6.875,EE Dom Pedro Villas Boas de Souza,2024,Pública,1,0.0,1
RA-1294,9.502,10.0,7.51,7.75,7.553333333,5.0,7.9493666666,ALFA,Ametista,10.0,Masculino,,6.875,EE Dom Pedro Villas Boas de Souza,2024,Pública,1,0.0,1
RA-1295,10.002,9.5227272725,2.51,7.5,8.28,10.0,8.0617454545,ALFA,Topázio,8.0,Feminino,,7.5,EE Dom Pedro Villas Boas de Souza,2024,Pública,0,0.0,1
RA-1296,9.002,8.4444444445,2.51,6.5,8.336666667,5.0,7.0574222223000005,ALFA,Ametista,9.0,Feminino,,7.5,EM Etelvina Delfim Simões,2024,Privada,1,0.0,1
RA-1297,9.502,9.761904762,2.51,9.25,6.833333333,5.0,7.620247619000001,ALFA,Ametista,8.0,Masculino,,7.5,EE Dom Pedro Villas Boas de Souza,2024,Pública,1,0.0,1
RA-1298,9.502,6.643356643500001,7.51,6.75,7.393333333,10.0,7.577287995300001,ALFA,Ametista,8.0,Masculino,,7.1875,EE Dom Pedro Villas Boas de Souza,2024,Pública,0,0.0,1
RA-1299,8.502,7.638888889,7.51,6.5,7.11,5.0,7.069727777800001,ALFA,Ametista,10.0,Masculino,,7.1875,EM Etelvina Delfim Simões,2024,Privada,1,0.0,1
RA-13,7.9,7.4,7.5,4.7,8.056,5.0,6.902,7,Ametista,18.0,Masculino,Não,,,2022,Privada,1,0.0,1
RA-13,,,,,,10.0,,FASE 8,,18.0,Masculino,,,,2023,Privada,0,0.0,0
RA-13,,0.0,,,,10.0,,8D,,19.0,Masculino,,,Universidade Santo Amaro (UNISA),2024,Privada,0,0.0,0
RA-130,8.3,4.7,5.0,4.1,6.5,5.0,5.624,4,Quartzo,16.0,Feminino,Não,,,2022,Privada,1,0.0,1
RA-1300,8.502,8.75,2.51,9.0,8.613333333,5.0,7.623866666600001,ALFA,Ametista,8.0,Feminino,,7.5,EM Maria Ignez Concelles Irma Ines,2024,Privada,1,0.0,1
RA-1301,9.502,2.9166666665000003,2.51,7.0,6.0,5.0,5.6345333333,ALFA,Quartzo,8.0,Masculino,,7.5,EM Etelvina Delfim Simões,2024,Privada,1,0.0,1
RA-1302,10.002,5.416666667,2.51,4.0,4.996666667,10.0,5.758866666800001,ALFA,Quartzo,8.0,Masculino,,6.25,EE Dom Pedro Villas Boas de Souza,2024,Pública,0,0.0,1
RA-1303,10.002,10.0,2.51,10.0,9.17,10.0,8.8352,ALFA,Topázio,8.0,Feminino,,7.5,EE Dom Pedro Villas Boas de Souza,2024,Pública,0,0.0,1
RA-1304,9.002,7.9575163395,8.135,6.0,6.493333333,5.0,7.085119934500001,ALFA,Ametista,10.0,Feminino,,7.8125,EM Maria Ignez Concelles Irma Ines,2024,Privada,1,0.0,1
RA-1305,8.502,8.710526316,2.51,4.75,8.053333333,5.0,6.685221929800001,ALFA,Agata,10.0,Feminino,,7.8125,EM Etelvina Delfim Simões,2024,Privada,1,0.0,1
RA-1306,9.002,10.0,8.135,9.75,7.946666667,5.0,8.503033333400001,ALFA,Topázio,8.0,Feminino,,7.5,EM Maria Ignez Concelles Irma Ines,2024,Privada,1,0.0,1
RA-1307,10.002,5.833333333500001,6.255,5.5,5.383333333,10.0,6.5940333333000005,ALFA,Agata,8.0,Masculino,,6.25,EE Dom Pedro Villas Boas de Souza,2024,Pública,0,0.0,1
RA-1308,10.002,7.445652174,7.51,6.0,5.933333333,5.0,6.876997101400001,ALFA,Agata,9.0,Feminino,,7.5,EE Dom Pedro Villas Boas de Souza,2024,Pública,1,0.0,1
RA-1309,9.002,9.1666666665,7.51,7.5,8.223333333,10.0,8.379199999899999,ALFA,Topázio,7.0,Feminino,,7.5,EM Maria Ignez Concelles Irma Ines,2024,Privada,0,0.0,1
RA-131,8.8,9.0,5.6,5.6,7.75,5.0,7.174,4,Topázio,15.0,Feminino,Não,,,2022,Privada,1,0.0,1
RA-131,8.3,7.8,5.0,2.2,6.8,5.0,5.952358333,FASE 5,Quartzo,16.0,Feminino,,7.65625,,2023,Privada,1,-3.3999999999999995,0
RA-131,8.751,9.444444444666667,7.51,5.0,7.386666667,5.0,7.263155555633333,5F,Ametista,17.0,Feminino,,7.708333333,EE Paschoal Carlos Magno,2024,Pública,1,2.8,0
RA-1310,8.502,9.375,2.51,10.0,8.166666667,10.0,8.3907833334,ALFA,Topázio,7.0,Feminino,,7.8125,EE Dom Pedro Villas Boas de Souza,2024,Pública,0,0.0,1
RA-1311,9.002,9.166666667,2.51,0.0,8.386666667,10.0,6.4118666668,ALFA,Agata,8.0,Masculino,,7.5,EM Maria Ignez Concelles Irma Ines,2024,Privada,0,0.0,1
RA-1312,10.002,8.333333333,7.51,6.5,8.336666667,5.0,7.510200000000001,ALFA,Ametista,9.0,Masculino,,6.25,EE Dom Pedro Villas Boas de Souza,2024,Pública,1,0.0,1
RA-1313,9.502,8.125,7.51,6.25,8.446666667,10.0,8.0155333334,ALFA,Topázio,8.0,Masculino,,7.5,EM Maria Ignez Concelles Irma Ines,2024,Privada,0,0.0,1
RA-1314,7.418,8.541666667,7.51,9.0,7.443333333,10.0,8.239799999999999,ALFA,Topázio,7.0,Feminino,,7.5,EE Dom Pedro Villas Boas de Souza,2024,Pública,0,0.0,1
RA-1315,6.834,8.3333333335,7.51,9.0,8.5,10.0,8.3510666667,ALFA,Topázio,7.0,Masculino,,7.5,EM Maria Ignez Concelles Irma Ines,2024,Privada,0,0.0,1
RA-1316,9.002,8.20855615,7.51,7.75,7.5,5.0,7.59291123,ALFA,Ametista,9.0,Feminino,,7.5,EE Dom Pedro Villas Boas de Souza,2024,Pública,1,0.0,1
RA-1317,7.502,7.0721925135,7.51,10.0,7.5,5.0,7.665638502700001,ALFA,Ametista,9.0,Feminino,,7.5,EE Dom Pedro Villas Boas de Souza,2024,Pública,1,0.0,1
RA-1318,8.502,7.6871657755000005,7.51,5.0,7.33,5.0,6.823383155100001,ALFA,Agata,8.0,Feminino,,7.1875,EE Dom Pedro Villas Boas de Souza,2024,Pública,1,0.0,1
RA-1319,8.502,5.7516339865,7.51,8.5,7.5,5.0,7.201526797300001,ALFA,Ametista,9.0,Masculino,,7.5,EM Etelvina Delfim Simões,2024,Privada,1,0.0,1
RA-132,10.0,8.8,5.6,7.7,8.458,10.0,8.355,4,Topázio,14.0,Feminino,Sim,,,2022,Privada,0,0.0,1
RA-132,7.5,8.7,2.52,6.5,7.715,10.0,7.350625,FASE 5,Ametista,15.0,Feminino,,7.65625,,2023,Privada,0,-1.2000000000000002,0
RA-132,8.334,8.380952380666665,7.51,8.333333333333334,8.44,10.0,8.4746321428,6A,Topázio,16.0,Feminino,,8.59375,Colégio Arco Íris Evolução,2024,Privada,0,1.833333333333334,0
RA-1320,9.002,9.1666666665,7.51,8.25,7.5,5.0,7.8845333333,ALFA,Ametista,10.0,Masculino,,7.5,EE Dom Pedro Villas Boas de Souza,2024,Pública,1,0.0,1
RA-1321,9.002,8.875,6.885,8.75,5.915,10.0,7.95295,ALFA,Ametista,7.0,Masculino,,6.5625,EM Amanda Consuelo da Cunha,2024,Privada,0,0.0,1
RA-1322,9.502,9.0,7.51,7.5,8.165,10.0,8.47795,ALFA,Topázio,8.0,Feminino,,8.4375,EE Jardim Silvania,2024,Pública,0,0.0,1
RA-1323,10.002,9.0833333335,7.51,7.0,6.66,5.0,7.487366666700001,ALFA,Ametista,9.0,Masculino,,6.875,EE Helio Luiz Dobrochinski Prof,2024,Pública,1,0.0,1
RA-1324,10.002,10.0,7.51,8.5,8.0,5.0,8.332450000000001,ALFA,Topázio,9.0,Masculino,,7.8125,EE Helio Luiz Dobrochinski Prof,2024,Pública,1,0.0,1
RA-1325,9.002,9.5227272725,7.51,10.0,7.915,10.0,8.9824954545,ALFA,Topázio,8.0,Masculino,,8.4375,EE Helio Luiz Dobrochinski Prof,2024,Pública,0,0.0,1
RA-1326,9.002,9.2916666665,7.51,4.5,7.245,10.0,7.6397833333000005,ALFA,Ametista,8.0,Feminino,,7.8125,EE Helio Luiz Dobrochinski Prof,2024,Pública,0,0.0,1
RA-1327,9.002,9.3333333335,7.51,7.5,7.325,10.0,8.264116666700001,ALFA,Topázio,7.0,Feminino,,7.8125,EM Amanda Consuelo da Cunha,2024,Privada,0,0.0,1
RA-1328,8.502,8.2083333335,7.51,10.0,7.83,5.0,8.0588666667,ALFA,Topázio,8.0,Feminino,,7.5,EM Amanda Consuelo da Cunha,2024,Privada,1,0.0,1
RA-1329,9.502,10.0,7.51,6.5,6.66,10.0,7.98945,ALFA,Ametista,8.0,Masculino,,6.5625,EE Helio Luiz Dobrochinski Prof,2024,Pública,0,0.0,1
RA-133,7.9,7.1,7.5,5.6,7.625,5.0,6.875,4,Ametista,15.0,Feminino,Não,,,2022,Privada,1,0.0,1
RA-133,7.5,7.9,2.52,5.3,6.505,5.0,6.168416667,FASE 5,Agata,16.0,Feminino,,7.1875,,2023,Privada,1,-0.2999999999999998,0
RA-1330,10.002,9.3333333335,7.51,9.5,7.915,10.0,8.944616666700002,ALFA,Topázio,8.0,Feminino,,8.4375,EE Helio Luiz Dobrochinski Prof,2024,Pública,0,0.0,1
RA-1331,9.002,7.291666666499999,7.51,7.25,7.245,10.0,7.8522833333,ALFA,Ametista,7.0,Feminino,,8.4375,EE Jardim Campestre,2024,Pública,0,0.0,1
RA-1332,8.502,9.411764706,7.51,8.25,7.665,5.0,8.1040529412,ALFA,Topázio,10.0,Masculino,,9.375,EE Helio Luiz Dobrochinski Prof,2024,Pública,1,0.0,1
RA-1333,7.502,10.0,6.255,9.25,7.75,5.0,8.213199999999999,ALFA,Topázio,9.0,Masculino,,9.375,EE Helio Luiz Dobrochinski Prof,2024,Pública,1,0.0,1
RA-1334,10.002,10.0,5.625,9.0,7.75,5.0,8.350200000000001,ALFA,Topázio,9.0,Masculino,,9.375,EE Helio Luiz Dobrochinski Prof,2024,Pública,1,0.0,1
RA-1335,9.002,9.75,7.51,8.75,7.665,5.0,8.3217,ALFA,Topázio,10.0,Masculino,,9.375,EE Helio Luiz Dobrochinski Prof,2024,Pública,1,0.0,1
RA-1336,9.502,6.2008281575,2.51,9.5,7.75,5.0,7.141365631500001,ALFA,Ametista,8.0,Feminino,,7.5,EE Helio Luiz Dobrochinski Prof,2024,Pública,1,0.0,1
RA-1337,8.002,4.722222222,7.51,6.0,5.66,5.0,6.015144444400001,ALFA,Agata,10.0,Masculino,,6.875,EE Helio Luiz Dobrochinski Prof,2024,Pública,1,0.0,1
RA-1338,8.002,8.6607142855,7.51,3.0,5.33,5.0,6.1368428571,ALFA,Agata,8.0,Masculino,,6.875,EM Cecilia Cristina de Oliveira Rodrigues,2024,Privada,1,0.0,1
RA-1339,8.502,10.0,6.885,8.75,5.33,5.0,7.3547,ALFA,Ametista,8.0,Feminino,,5.0,EE Helio Luiz Dobrochinski Prof,2024,Pública,1,0.0,1
RA-134,8.8,6.8,7.5,4.7,7.375,5.0,6.607,4,,15.0,Feminino,Não,,,2022,Privada,1,0.0,1
RA-1340,9.502,8.392857143,7.51,10.0,7.0,10.0,8.3422714286,ALFA,Topázio,8.0,Feminino,,5.625,EM Etelvina Delfim Simões,2024,Privada,0,0.0,1
RA-1341,10.002,9.246031746,7.51,10.0,6.0,5.0,7.862906349200001,ALFA,Ametista,9.0,Masculino,,5.625,EE Helio Luiz Dobrochinski Prof,2024,Pública,1,0.0,1
RA-1342,9.502,9.761904762,7.51,9.0,5.575,5.0,7.8185809524000005,ALFA,Ametista,8.0,Masculino,,7.5,EM Cecilia Cristina de Oliveira Rodrigues,2024,Privada,1,0.0,1
RA-1343,8.002,10.0,7.51,9.75,8.5,10.0,8.8262,ALFA,Topázio,7.0,Feminino,,6.25,EE Helio Luiz Dobrochinski Prof,2024,Pública,0,0.0,1
RA-1344,8.502,10.0,7.51,10.0,9.425,10.0,9.3612,ALFA,Topázio,8.0,Feminino,,8.75,EE Helio Luiz Dobrochinski Prof,2024,Pública,0,0.0,1
RA-1345,8.502,9.4590643275,7.51,6.25,6.83,5.0,7.2340128655000004,ALFA,Ametista,9.0,Masculino,,6.25,EM Cecilia Cristina de Oliveira Rodrigues,2024,Privada,1,0.0,1
RA-1346,9.502,8.0595238095,7.51,5.5,6.66,10.0,7.3701047619,ALFA,Ametista,8.0,Masculino,,6.25,EM Cecilia Cristina de Oliveira Rodrigues,2024,Privada,0,0.0,1
RA-1347,8.502,8.7857142855,2.51,5.0,6.165,5.0,6.153842857100001,ALFA,Agata,9.0,Masculino,,5.625,EE Helio Luiz Dobrochinski Prof,2024,Pública,1,0.0,1
RA-1348,7.502,8.5913312695,7.51,9.0,7.83,5.0,7.9604662539,ALFA,Ametista,8.0,Masculino,,8.75,EE Jardim Silvania,2024,Pública,1,0.0,1
RA-1349,8.002,8.388888889,7.51,8.5,7.915,5.0,7.855727777800001,ALFA,Ametista,10.0,Masculino,,8.4375,EE Jardim Campestre,2024,Pública,1,0.0,1
RA-135,8.3,7.8,5.6,8.6,8.583,5.0,7.692,4,Topázio,15.0,Feminino,Sim,,,2022,Privada,1,0.0,1
RA-1350,8.502,10.0,8.755,8.5,7.83,5.0,8.335450000000002,ALFA,Topázio,10.0,Feminino,,8.4375,EE Jardim Campestre,2024,Pública,1,0.0,1
RA-1351,9.002,9.230769231,8.13,8.75,7.665,5.0,8.1861038462,ALFA,Topázio,9.0,Masculino,,8.4375,EE Helio Luiz Dobrochinski Prof,2024,Pública,1,0.0,1
RA-1352,10.002,9.5,8.13,8.5,7.665,5.0,8.289950000000001,ALFA,Topázio,9.0,Masculino,,8.4375,EM Amanda Consuelo da Cunha,2024,Privada,1,0.0,1
RA-1353,8.002,9.5,7.51,3.0,6.08,5.0,6.454700000000001,ALFA,Agata,10.0,Feminino,,6.875,EE Luiz Schunck,2024,Pública,1,0.0,1
RA-1354,9.502,8.3636363635,7.51,6.0,7.335,5.0,7.353427272700001,ALFA,Ametista,10.0,Feminino,,8.125,EE Luiz Schunck,2024,Pública,1,0.0,1
RA-1355,10.002,6.5227272725,7.51,7.0,7.17,5.0,7.202245454500001,ALFA,Ametista,10.0,Masculino,,8.125,EE Helio Luiz Dobrochinski Prof,2024,Pública,1,0.0,1
RA-1356,9.002,9.4444444445,7.51,5.5,7.085,10.0,7.8695888889,ALFA,Ametista,8.0,Feminino,,8.125,EE Helio Luiz Dobrochinski Prof,2024,Pública,0,0.0,1
RA-1357,8.002,7.5,7.51,6.75,7.335,5.0,7.1807,ALFA,Ametista,9.0,Masculino,,8.125,EE Luiz Schunck,2024,Pública,1,0.0,1
RA-1358,9.168,7.380952381,5.01,4.0,6.17,10.0,6.552990476200001,ALFA,Agata,7.0,Feminino,,6.25,EE Luiz Schunck,2024,Pública,0,0.0,1
RA-1359,8.502,9.0,5.635,6.0,6.17,10.0,7.2102,ALFA,Ametista,7.0,Feminino,,5.625,EE Luiz Schunck,2024,Pública,0,0.0,1
RA-136,10.0,6.3,7.5,4.6,6.667,5.0,6.478,4,Ágata,15.0,Masculino,Não,,,2022,Privada,1,0.0,1
RA-1360,8.502,7.0018115945,7.51,5.0,6.42,10.0,6.8480623189,ALFA,Agata,8.0,Masculino,,5.625,EE Luiz Schunck,2024,Pública,0,0.0,1
RA-1361,9.502,9.375,5.635,10.0,8.0,10.0,8.738700000000001,ALFA,Topázio,8.0,Feminino,,7.5,EE Helio Luiz Dobrochinski Prof,2024,Pública,0,0.0,1
RA-1362,10.002,6.875,5.635,8.5,6.915,10.0,7.709200000000001,ALFA,Ametista,7.0,Masculino,,6.875,EE Luiz Schunck,2024,Pública,0,0.0,1
RA-1363,7.418,10.0,5.635,6.5,6.99,10.0,7.690800000000001,ALFA,Ametista,7.0,Feminino,,6.875,EE Luiz Schunck,2024,Pública,0,0.0,1
RA-1364,8.002,8.4166666665,7.51,8.75,6.99,5.0,7.570033333300001,ALFA,Ametista,9.0,Masculino,,6.875,EE Luiz Schunck,2024,Pública,1,0.0,1
RA-1365,9.002,9.7916666665,6.26,6.5,6.99,5.0,7.3700333333,ALFA,Ametista,9.0,Masculino,,6.875,EM Cecilia Cristina de Oliveira Rodrigues,2024,Privada,1,0.0,1
RA-1366,9.002,6.6032608695,7.51,6.5,6.99,5.0,6.919852173900001,ALFA,Agata,8.0,Feminino,,7.5,EE Luiz Schunck,2024,Pública,1,0.0,1
RA-1367,10.002,8.3804347825,7.51,8.75,7.5,10.0,8.427286956500001,ALFA,Topázio,8.0,Feminino,,7.5,EE Helio Luiz Dobrochinski Prof,2024,Pública,0,0.0,1
RA-1368,7.002,10.0,7.51,9.5,7.5,10.0,8.6012,ALFA,Topázio,8.0,Masculino,,7.5,EE Luiz Schunck,2024,Pública,0,0.0,1
RA-1369,8.502,8.6304347825,6.26,8.0,7.5,10.0,8.052286956500001,ALFA,Topázio,7.0,Feminino,,7.5,EE Luiz Schunck,2024,Pública,0,0.0,1
RA-137,7.5,8.9,5.0,7.3,7.792,2.5,7.056,4,Quartzo,17.0,Feminino,Não,,,2022,Privada,1,0.0,1
RA-137,7.1,6.3,2.52,6.0,6.88,5.0,5.937025,FASE 5,Quartzo,17.0,Feminino,,6.40625,,2023,Privada,1,-1.2999999999999998,0
RA-137,9.585,7.582972583,5.005,6.833333333333333,6.276666667,5.0,6.576761183366667,5F,Agata,18.0,Feminino,,4.791666667,Concluiu o 3º EM,2024,Privada,1,0.833333333333333,0
RA-1370,10.002,8.722222222,7.51,9.0,7.5,5.0,8.0456444444,ALFA,Topázio,9.0,Masculino,,7.5,EE Luiz Schunck,2024,Pública,1,0.0,1
RA-1371,7.502,6.9782608695,7.51,4.5,7.5,5.0,6.4843521739,ALFA,Agata,11.0,Feminino,,6.875,EE Helio Luiz Dobrochinski Prof,2024,Pública,1,0.0,1
RA-1372,9.502,10.0,8.13,4.75,7.5,10.0,7.9632000000000005,ALFA,Ametista,8.0,Feminino,,7.5,EE Jardim Silvania,2024,Pública,0,0.0,1
RA-1373,9.502,8.8804347825,7.51,6.75,7.5,5.0,7.577286956500001,ALFA,Ametista,9.0,Feminino,,7.5,EE Joaquim Mendes Feliz,2024,Pública,1,0.0,1
RA-1374,9.502,9.347826087,7.51,5.25,7.5,5.0,7.3707652174,ALFA,Ametista,9.0,Masculino,,7.5,EE Dom Pedro Villas Boas de Souza,2024,Pública,1,0.0,1
RA-1375,9.502,10.0,7.51,8.25,7.5,5.0,8.101200000000002,ALFA,Topázio,9.0,Masculino,,7.5,EE Dom Pedro Villas Boas de Souza,2024,Pública,1,0.0,1
RA-1376,9.002,9.6153846155,7.51,9.75,7.5,5.0,8.2742769231,ALFA,Topázio,9.0,Masculino,,7.5,EE Dom Pedro Villas Boas de Souza,2024,Pública,1,0.0,1
RA-1377,9.002,10.0,8.13,5.5,6.99,10.0,7.8987,ALFA,Ametista,8.0,Masculino,,6.875,EE Dom Pedro Villas Boas de Souza,2024,Pública,0,0.0,1
RA-1378,9.002,9.2857142855,8.13,6.75,7.5,5.0,7.6703428571,ALFA,Ametista,10.0,Feminino,,7.5,EM Cecilia Cristina de Oliveira Rodrigues,2024,Privada,1,0.0,1
RA-1379,9.502,8.6842105265,3.755,7.25,5.16,5.0,6.638292105300001,ALFA,Agata,8.0,Masculino,,5.9375,EE Helio Luiz Dobrochinski Prof,2024,Pública,1,0.0,1
RA-138,9.6,8.0,5.6,5.6,6.375,5.0,6.738,4,Ametista,15.0,Masculino,Não,,,2022,Privada,1,0.0,1
RA-138,10.0,7.9,6.26,4.3,7.4175,5.0,6.784075,FASE 4,Agata,16.0,Masculino,,7.34375,,2023,Privada,1,-1.2999999999999998,0
RA-138,9.585,8.751803751666666,7.51,5.833333333333333,7.443333333,5.0,7.3860274169,5F,Ametista,17.0,Masculino,,7.708333333,EE Paschoal Carlos Magno,2024,Pública,1,1.5333333333333332,0
RA-1380,9.502,8.784461152999999,4.385,8.0,7.5,10.0,7.964342230600001,ALFA,Ametista,8.0,Masculino,,7.1875,Estuda em outra cidade,2024,Privada,0,0.0,1
RA-1381,9.502,10.0,8.13,9.5,7.5,10.0,9.038200000000002,ALFA,Topázio,8.0,Feminino,,8.75,EE Helio Luiz Dobrochinski Prof,2024,Pública,0,0.0,1
RA-1382,8.502,9.761904762,7.51,7.5,7.5,5.0,7.834830952400001,ALFA,Ametista,9.0,Feminino,,7.8125,EE Helio Luiz Dobrochinski Prof,2024,Pública,1,0.0,1
RA-1383,8.502,9.2606516295,7.51,8.5,7.5,10.0,8.3720803259,ALFA,Topázio,8.0,Feminino,,7.1875,EE Luiz Schunck,2024,Pública,0,0.0,1
RA-1384,8.002,7.5689223055,7.51,5.0,5.16,5.0,6.221984461100001,ALFA,Agata,10.0,Masculino,,6.25,EE Helio Luiz Dobrochinski Prof,2024,Pública,1,0.0,1
RA-1385,10.002,10.0,4.385,8.0,7.5,5.0,7.7262,ALFA,Ametista,8.0,Masculino,,6.875,EE Helio Luiz Dobrochinski Prof,2024,Pública,1,0.0,1
RA-1386,9.002,9.761904762,7.51,7.25,7.5,5.0,7.803580952400001,ALFA,Ametista,8.0,Feminino,,7.5,EM Cecilia Cristina de Oliveira Rodrigues,2024,Privada,1,0.0,1
RA-1387,9.502,8.759398496,7.51,8.0,7.5,5.0,7.8030796992,ALFA,Ametista,8.0,Feminino,,7.5,EM Cecilia Cristina de Oliveira Rodrigues,2024,Privada,1,0.0,1
RA-1388,9.002,8.214285713999999,6.88,5.0,7.67,5.0,7.015057142799999,ALFA,Ametista,8.0,Feminino,,7.5,EE Dom Pedro Villas Boas de Souza,2024,Pública,1,0.0,1
RA-1389,9.002,9.7916666665,6.88,10.0,8.42,10.0,8.980533333299999,ALFA,Topázio,7.0,Feminino,,7.5,EE Dom Pedro Villas Boas de Souza,2024,Pública,0,0.0,1
RA-139,7.1,3.5,5.0,1.4,3.917,2.5,3.738,4,Quartzo,17.0,Masculino,Não,,,2022,Privada,1,0.0,1
RA-1390,9.502,9.7916666665,5.005,8.25,8.42,10.0,8.4930333333,ALFA,Topázio,7.0,Feminino,,7.5,EE Dom Pedro Villas Boas de Souza,2024,Pública,0,0.0,1
RA-1391,8.502,9.2916666665,7.51,10.0,8.17,10.0,8.8435333333,ALFA,Topázio,7.0,Masculino,,7.5,EE Dom Pedro Villas Boas de Souza,2024,Pública,0,0.0,1
RA-1392,9.002,5.625,7.51,0.0,7.0,5.0,5.4262,ALFA,Quartzo,9.0,Masculino,,7.5,EM Etelvina Delfim Simões,2024,Privada,1,0.0,1
RA-1393,9.502,7.5,3.755,5.0,8.42,10.0,7.2597000000000005,ALFA,Ametista,7.0,Feminino,,7.5,EE Francisco de Paula Teixeira,2024,Pública,0,0.0,1
RA-1394,9.502,8.6944444445,7.51,5.75,8.003333333,5.0,7.503255555500002,1A,Ametista,10.0,Feminino,,8.125,EE Chácara Florida II,2024,Pública,1,0.0,1
RA-1395,9.502,10.0,7.51,7.75,7.836666667,10.0,8.5997833334,1A,Topázio,9.0,Feminino,,7.8125,EE Dom Pedro Villas Boas de Souza,2024,Pública,0,0.0,1
RA-1396,9.502,10.0,7.51,6.5,7.67,5.0,7.8477,1A,Ametista,11.0,Feminino,,8.125,EM Bairro Lagoa Grande,2024,Privada,1,0.0,1
RA-1397,9.002,10.0,6.26,7.0,7.946666667,5.0,7.8280333334000005,1A,Ametista,10.0,Feminino,,8.125,EE Dom Pedro Villas Boas de Souza,2024,Pública,1,0.0,1
RA-1398,6.918,9.555335968,7.51,8.0,8.616666667,5.0,7.989700527000001,1B,Ametista,11.0,Feminino,,8.125,EE Leonice de Aquino Oliveira,2024,Pública,1,0.0,1
RA-1399,9.002,9.7727272725,5.005,6.0,8.166666667,5.0,7.438578787899999,1B,Ametista,11.0,Feminino,,7.5,EE Olivia de Faria Nogueira,2024,Pública,1,0.0,1
RA-14,7.9,8.3,7.5,4.0,7.75,5.0,6.793,7,,21.0,Masculino,Não,,,2022,Privada,1,0.0,1
RA-14,,,,,,10.0,,FASE 8,,21.0,Masculino,,,,2023,Privada,0,0.0,0
RA-14,,0.0,,,,10.0,,8E,,22.0,Masculino,,,Faculdade FIAP,2024,Privada,0,0.0,0
RA-140,7.9,7.6,6.9,5.7,7.667,10.0,7.407,4,,14.0,Feminino,Não,,,2022,Privada,0,0.0,1
RA-1400,8.418,6.6501976285,7.51,7.25,7.5,10.0,7.622839525700001,1B,Ametista,9.0,Masculino,,7.5,EE Dom Pedro Villas Boas de Souza,2024,Pública,0,0.0,1
RA-1401,6.918,8.888888889,7.51,10.0,8.085,5.0,8.1188277778,1C,Topázio,13.0,Masculino,,7.8125,EE Paschoal Carlos Magno,2024,Pública,1,0.0,1
RA-1402,10.002,9.5454545455,7.51,7.25,8.17,10.0,8.588040909100002,1D,Topázio,10.0,Feminino,,8.4375,EE Dom Pedro Villas Boas de Souza,2024,Pública,0,0.0,1
RA-1403,9.002,9.3073593075,7.51,8.75,8.255,5.0,8.257421861500001,1D,Topázio,11.0,Feminino,,8.4375,EE Joaquim Mendes Feliz,2024,Pública,1,0.0,1
RA-1404,8.502,9.090909091,7.51,7.5,8.17,10.0,8.3971318182,1D,Topázio,9.0,Feminino,,8.4375,EE Dom Pedro Villas Boas de Souza,2024,Pública,0,0.0,1
RA-1405,8.002,8.6363636365,7.51,8.75,8.17,10.0,8.4749727273,1D,Topázio,10.0,Feminino,,8.125,EE Dom Pedro Villas Boas de Souza,2024,Pública,0,0.0,1
RA-1406,8.002,8.8636363635,7.51,7.5,8.255,5.0,7.8186772727000005,1D,Ametista,10.0,Feminino,,8.4375,EE Joaquim Mendes Feliz,2024,Pública,1,0.0,1
RA-1407,10.002,9.318181818,7.51,5.75,7.5,5.0,7.546086363600001,1D,Ametista,10.0,Masculino,,7.8125,EE Joaquim Mendes Feliz,2024,Pública,1,0.0,1
RA-1408,10.002,8.409090909,7.51,6.75,7.5,5.0,7.626768181800001,1D,Ametista,11.0,Masculino,,8.4375,EE Dom Pedro Villas Boas de Souza,2024,Pública,1,0.0,1
RA-1409,10.002,9.0909090905,7.51,7.25,7.5,5.0,7.863131818100001,1D,Ametista,10.0,Masculino,,8.4375,EE Dom Pedro Villas Boas de Souza,2024,Pública,1,0.0,1
RA-141,9.2,8.2,5.6,5.7,5.917,10.0,7.118,4,Ágata,14.0,Masculino,Não,,,2022,Privada,0,0.0,1
RA-141,9.6,8.4,5.63,4.5,7.0425,5.0,6.719791667,FASE 4,Agata,15.0,Masculino,,7.03125,,2023,Privada,1,-1.2000000000000002,0
RA-1410,9.002,8.1136363635,7.51,6.25,8.165,5.0,7.5319272727,1E,Ametista,11.0,Masculino,,8.75,EE Levi Pereira Martins Professor,2024,Pública,1,0.0,1
RA-1411,9.002,9.5,6.26,2.75,7.835,5.0,6.886950000000001,1E,Agata,11.0,Masculino,,8.4375,EE Alexandre Rodrigues Nogueira,2024,Pública,1,0.0,1
RA-1412,10.002,9.3073593075,7.51,9.75,8.835,10.0,9.204671861500001,1E,Topázio,10.0,Masculino,,8.75,EE Chácara Florida II,2024,Pública,0,0.0,1
RA-1413,9.002,8.593073593,7.51,7.25,7.92,5.0,7.747564718600001,1E,Ametista,12.0,Masculino,,8.4375,EE Olivia de Faria Nogueira,2024,Pública,1,0.0,1
RA-1414,9.502,9.2965367965,6.885,8.5,8.835,10.0,8.840007359300001,1E,Topázio,10.0,Feminino,,8.75,EM Etelvina Delfim Simões,2024,Privada,0,0.0,1
RA-1415,8.002,9.7727272725,6.26,6.75,7.056666667,5.0,7.3712454546,1G,Ametista,10.0,Feminino,,7.291666667,EM Maria Ignez Concelles Irma Ines,2024,Privada,1,0.0,1
RA-1416,8.502,8.2765151515,7.51,7.75,6.386666667,5.0,7.375503030400001,1G,Ametista,12.0,Feminino,,7.916666667,EE Loris Nassif Mattar Profa,2024,Pública,1,0.0,1
RA-1417,9.002,9.337121212,7.51,9.0,6.5,5.0,7.7436242424,1G,Ametista,10.0,Masculino,,6.25,EE Dom Pedro Villas Boas de Souza,2024,Pública,1,0.0,1
RA-1418,8.502,9.128787879,7.51,8.25,6.833333333,5.0,7.7352909091000015,1G,Ametista,11.0,Masculino,,7.916666667,EM Pedro Antonio de Almeida,2024,Privada,1,0.0,1
RA-1419,8.502,10.0,7.51,7.5,8.783333333,10.0,8.7536999999,1H,Topázio,10.0,Feminino,,8.958333333,EM Pedro Antonio de Almeida,2024,Privada,0,0.0,1
RA-142,6.7,8.6,5.6,6.3,7.583,10.0,7.457,4,,14.0,Feminino,Não,,,2022,Privada,0,0.0,1
RA-1420,7.918,5.520833333500001,6.26,4.5,5.44,5.0,5.6558,1H,Quartzo,12.0,Masculino,,6.458333333,EE Olivia de Faria Nogueira,2024,Pública,1,0.0,1
RA-1421,9.002,6.777777778,7.51,7.5,7.163333333,5.0,7.126922222200001,1H,Ametista,11.0,Masculino,,6.875,EM Pedro Antonio de Almeida,2024,Privada,1,0.0,1
RA-1422,9.502,7.5,7.51,4.75,7.7475,5.0,7.0132,1J,Ametista,11.0,Feminino,,8.125,EE João Ortiz Rodrigues,2024,Pública,1,0.0,1
RA-1423,8.502,5.3125,7.51,5.75,6.5425,5.0,6.403450000000001,1J,Agata,11.0,Masculino,,7.8125,EE João Ortiz Rodrigues,2024,Pública,1,0.0,1
RA-1424,9.002,8.9444444445,7.51,7.25,6.915,5.0,7.5543388889,1J,Ametista,12.0,Feminino,,7.8125,EE João Ortiz Rodrigues,2024,Pública,1,0.0,1
RA-1425,9.002,6.7976190475,7.51,7.0,5.92,5.0,6.8290988095000005,1J,Agata,12.0,Masculino,,7.34375,EE João Ortiz Rodrigues,2024,Pública,1,0.0,1
RA-1426,9.502,5.845238095,7.51,2.75,5.8325,5.0,5.8367476190000005,1J,Quartzo,11.0,Feminino,,7.5,EE Leonice de Aquino Oliveira,2024,Pública,1,0.0,1
RA-1427,9.502,10.0,7.51,8.0,8.6675,5.0,8.425325,1J,Topázio,11.0,Feminino,,8.90625,EM Maria Ignez Concelles Irma Ines,2024,Privada,1,0.0,1
RA-1428,8.502,8.8562091505,7.51,8.0,8.085,5.0,8.006108496800001,1L,Topázio,10.0,Masculino,,9.166666667,EM Cecilia Cristina de Oliveira Rodrigues,2024,Privada,1,0.0,1
RA-1429,9.502,8.888888889,7.51,7.75,8.085,5.0,8.041811111100001,1L,Topázio,11.0,Masculino,,8.958333333,EE Helio Luiz Dobrochinski Prof,2024,Pública,1,0.0,1
RA-143,8.3,9.9,5.6,7.9,9.5,10.0,8.638,4,Topázio,13.0,Masculino,Sim,,,2022,Privada,0,0.0,1
RA-143,8.3,9.6,2.52,6.5,8.3375,10.0,7.794358333,FASE 5,Ametista,,Masculino,,8.28125,,2023,Privada,0,-1.4000000000000004,0
RA-143,10.002,9.92,6.885,2.6333333333333333,7.5,10.0,7.449366666666667,7E,Ametista,15.0,Masculino,,7.5,Colégio Arco Íris Evolução,2024,Privada,0,-3.8666666666666667,0
RA-1430,8.502,10.0,7.51,6.25,8.085,5.0,7.864033333300001,1L,Ametista,11.0,Masculino,,8.958333333,EE Helio Luiz Dobrochinski Prof,2024,Pública,1,0.0,1
RA-1431,9.002,7.7432712215,7.51,8.0,9.09,5.0,7.9147292443,1M,Ametista,11.0,Feminino,,7.96875,EE Neide Celestina de Oliveira,2024,Pública,1,0.0,1
RA-1432,10.002,10.0,7.51,9.5,8.505,5.0,8.774075000000002,1M,Topázio,10.0,Feminino,,9.21875,EE Jardim Campestre,2024,Pública,1,0.0,1
RA-1433,8.502,9.068322981,7.51,8.75,8.505,5.0,8.1939895962,1M,Topázio,10.0,Feminino,,8.28125,EE Jardim Campestre,2024,Pública,1,0.0,1
RA-1434,8.502,7.9813664595,6.26,9.0,9.76,5.0,8.2775982919,1M,Topázio,10.0,Masculino,,9.53125,EE Jardim Campestre,2024,Pública,1,0.0,1
RA-1435,9.502,7.833333333500001,7.51,7.5,6.165,10.0,7.7196166667,1M,Ametista,10.0,Masculino,,7.1875,EE Jardim Campestre,2024,Pública,0,0.0,1
RA-1436,7.418,8.674948240500001,7.51,8.0,7.17,5.0,7.589914648100001,1M,Ametista,11.0,Feminino,,8.28125,EM Alfredo Schunk,2024,Privada,1,0.0,1
RA-1437,8.502,9.347826087,7.51,8.0,7.92,5.0,7.982890217400001,1M,Ametista,11.0,Feminino,,8.28125,EM Cecilia Cristina de Oliveira Rodrigues,2024,Privada,1,0.0,1
RA-1438,10.002,9.0,7.51,7.0,9.175,5.0,8.176825000000001,1M,Topázio,10.0,Feminino,,8.90625,EM Bairro Lagoa Grande,2024,Privada,1,0.0,1
RA-1439,7.502,10.0,7.51,8.5,9.345,5.0,8.507700000000002,1M,Topázio,11.0,Feminino,,9.375,EE Jardim Campestre,2024,Pública,1,0.0,1
RA-144,7.5,9.3,5.0,7.9,8.292,10.0,8.181,4,Ágata,14.0,Feminino,Não,,,2022,Privada,0,0.0,1
RA-144,0.0,5.2,2.52,4.4,6.0,10.0,4.990333333,FASE 5,Quartzo,14.0,Feminino,,6.25,,2023,Privada,0,-3.5,0
RA-1440,9.002,9.544513457499999,7.51,4.5,8.17,5.0,7.469102691500001,1M,Ametista,10.0,Feminino,,8.75,EE Helio Luiz Dobrochinski Prof,2024,Pública,1,0.0,1
RA-1441,9.502,9.109730849,7.51,8.5,9.005,10.0,8.961646169800002,1M,Topázio,9.0,Masculino,,9.375,EE Jardim Campestre,2024,Pública,0,0.0,1
RA-1442,8.002,8.674948240500001,7.51,7.25,5.745,5.0,7.135189648100001,1M,Ametista,13.0,Masculino,,7.5,EM Cecilia Cristina de Oliveira Rodrigues,2024,Privada,1,0.0,1
RA-1443,6.918,7.5,6.26,6.75,7.415,5.0,6.921633333300001,1N,Agata,13.0,Feminino,,7.708333333,EE Donizetti Aparecido Leite Professor,2024,Pública,1,0.0,1
RA-1444,8.502,5.277777778,7.51,6.0,7.415,5.0,6.610588888900001,1N,Agata,11.0,Masculino,,7.708333333,EE Donizetti Aparecido Leite Professor,2024,Pública,1,0.0,1
RA-1445,9.502,9.5,7.51,7.25,7.5,5.0,7.842866666700001,1N,Ametista,10.0,Feminino,,7.916666667,EE Helio Luiz Dobrochinski Prof,2024,Pública,1,0.0,1
RA-1446,8.002,6.6501976285,6.26,0.0,7.075,10.0,5.9004061924,1N,Quartzo,9.0,Masculino,,7.291666667,EM Cecilia Cristina de Oliveira Rodrigues,2024,Privada,0,0.0,1
RA-1447,9.502,9.7368421055,7.51,5.25,7.75,5.0,7.5402350878,1N,Ametista,11.0,Feminino,,7.916666667,EE Donizetti Aparecido Leite Professor,2024,Pública,1,0.0,1
RA-1448,9.002,9.5346320345,7.51,6.0,7.29,5.0,7.466126406900001,1P,Ametista,13.0,Feminino,,7.5,EE Donizetti Aparecido Leite Professor,2024,Pública,1,0.0,1
RA-1449,7.418,8.3333333335,7.51,6.75,7.04,5.0,7.214341666700001,1R,Ametista,10.0,Feminino,,7.96875,EE Luiz Schunck,2024,Pública,1,0.0,1
RA-145,0.0,6.3,8.1,5.2,7.25,5.0,5.846,4,Ágata,16.0,Masculino,Não,,,2022,Privada,1,0.0,1
RA-145,7.9,9.0,,6.2,7.4625,2.5,,FASE 4,,17.0,Masculino,,7.96875,,2023,Privada,1,1.0,0
RA-1450,9.502,8.571428571,7.51,3.5,7.5425,10.0,7.405235714200002,1R,Ametista,9.0,Masculino,,7.8125,EE Helio Luiz Dobrochinski Prof,2024,Pública,0,0.0,1
RA-1451,10.002,8.8095238095,7.51,6.0,7.7525,5.0,7.560479761900002,1R,Ametista,11.0,Feminino,,7.96875,EE Luiz Schunck,2024,Pública,1,0.0,1
RA-1452,9.002,10.0,7.51,7.75,8.17,10.0,8.6268666667,2A,Topázio,12.0,Masculino,,7.916666667,EE Leonice de Aquino Oliveira,2024,Pública,0,0.0,1
RA-1453,8.502,7.8214285715,6.25,6.5,7.67,5.0,7.1234857143,2A,Ametista,12.0,Feminino,,7.5,EE Leonice de Aquino Oliveira,2024,Pública,1,0.0,1
RA-1454,8.002,5.880952381,7.51,7.75,8.28,10.0,7.7042238095,2A,Ametista,10.0,Feminino,,7.708333333,EE Dom Pedro Villas Boas de Souza,2024,Pública,0,0.0,1
RA-1455,8.002,7.777777778,7.51,3.5,7.833333333,5.0,6.6442555555,2A,Agata,12.0,Feminino,,7.708333333,EE Maria André Schunck Dona,2024,Pública,1,0.0,1
RA-1456,9.502,9.511904762,7.51,7.75,7.946666667,10.0,8.492914285800001,2A,Topázio,11.0,Masculino,,7.5,EE Leonice de Aquino Oliveira,2024,Pública,0,0.0,1
RA-1457,3.498,8.0357142855,7.51,2.75,7.663333333,5.0,6.0197761904,2B,Agata,12.0,Feminino,,7.291666667,EE Leonice de Aquino Oliveira,2024,Pública,1,0.0,1
RA-1458,8.751,7.280701754500001,7.51,3.25,5.213333333,5.0,5.879073684200001,2B,Quartzo,12.0,Feminino,,6.041666667,EE Alexandre Rodrigues Nogueira,2024,Pública,1,0.0,1
RA-1459,8.002,8.2976190475,7.51,3.75,7.273333333,5.0,6.665390476100001,2C,Agata,12.0,Masculino,,7.5,EE Olivia de Faria Nogueira,2024,Pública,1,0.0,1
RA-146,8.3,9.2,7.5,7.9,8.208,5.0,7.947,4,,15.0,Feminino,Não,,,2022,Privada,1,0.0,1
RA-146,6.2,9.5,5.0,7.9,8.2125,5.0,7.584483333,FASE 5,Ametista,,Feminino,,8.4375,,2023,Privada,1,0.0,0
RA-146,8.751,9.514316093333333,5.635,9.333333333333334,8.304,5.0,8.134554885333333,5D,Topázio,17.0,Feminino,,7.65625,EE Mario Francisco de Amorim,2024,Pública,1,1.4333333333333336,0
RA-1460,9.502,7.460526316,7.51,3.25,6.27,10.0,6.784805263200001,2C,Agata,12.0,Masculino,,6.875,EE Alexandre Rodrigues Nogueira,2024,Pública,0,0.0,1
RA-1461,10.002,9.273809524,7.51,2.75,7.33,5.0,6.871961904800001,2C,Agata,12.0,Feminino,,7.5,EE Leonice de Aquino Oliveira,2024,Pública,1,0.0,1
RA-1462,8.502,10.0,7.51,6.5,7.053333333,5.0,7.6243666666,2D,Ametista,13.0,Feminino,,8.125,EE Joaquim Mendes Feliz,2024,Pública,1,0.0,1
RA-1463,8.502,9.722222222,7.51,10.0,8.113333333,10.0,9.074561111000001,2D,Topázio,12.0,Masculino,,9.0625,EE Paschoal Carlos Magno,2024,Pública,0,0.0,1
RA-1464,8.002,7.794871795,7.51,6.25,7.61,5.0,7.288424359,2D,Ametista,13.0,Feminino,,9.0625,EE Paschoal Carlos Magno,2024,Pública,1,0.0,1
RA-1465,7.418,8.75,7.51,5.75,7.833333333,5.0,7.3344666666,2D,Ametista,12.0,Masculino,,8.75,EE Paschoal Carlos Magno,2024,Pública,1,0.0,1
RA-1466,10.002,7.380952381,7.51,7.5,8.056666667,10.0,8.213723809600001,2D,Topázio,12.0,Masculino,,8.75,EE Paschoal Carlos Magno,2024,Pública,0,0.0,1
RA-1467,9.002,9.022556391,7.51,9.25,8.28,10.0,8.836711278200001,2D,Topázio,12.0,Masculino,,8.75,EE Joaquim Mendes Feliz,2024,Pública,0,0.0,1
RA-1468,8.502,8.972431078,7.51,7.0,7.443333333,10.0,8.1281028822,2D,Topázio,12.0,Feminino,,8.4375,EE Joaquim Mendes Feliz,2024,Pública,0,0.0,1
RA-1469,8.502,9.4444444445,7.51,4.75,8.223333333,5.0,7.459755555500001,2D,Ametista,13.0,Masculino,,8.75,EE Joaquim Mendes Feliz,2024,Pública,1,0.0,1
RA-147,8.3,7.7,7.5,6.1,7.25,10.0,7.541,4,,14.0,Feminino,Não,,,2022,Privada,0,0.0,1
RA-147,0.0,7.0,5.63,4.5,7.46,5.0,5.5425,FASE 4,Quartzo,15.0,Feminino,,6.875,,2023,Privada,1,-1.5999999999999996,0
RA-147,8.334,9.277056277,7.51,6.166666666666667,7.386666667,5.0,7.400477922133334,5F,Ametista,16.0,Feminino,,7.5,EE Joaquim Mendes Feliz,2024,Pública,1,1.666666666666667,0
RA-1470,8.002,6.35610766,6.26,5.0,5.4125,5.0,5.967421532000001,2G,Quartzo,12.0,Feminino,,6.875,EE Leonice de Aquino Oliveira,2024,Pública,1,0.0,1
RA-1471,10.002,7.195652174,7.51,7.5,7.2425,5.0,7.404455434800001,2G,Ametista,13.0,Masculino,,7.65625,EE Loris Nassif Mattar Profa,2024,Pública,1,0.0,1
RA-1472,8.502,10.0,7.51,8.75,8.1275,10.0,8.773575000000001,2G,Topázio,11.0,Masculino,,7.96875,EE Leonice de Aquino Oliveira,2024,Pública,0,0.0,1
RA-1473,9.502,8.4368530025,5.625,5.25,6.415,5.0,6.689320600500001,2G,Agata,13.0,Masculino,,6.5625,EE Loris Nassif Mattar Profa,2024,Pública,1,0.0,1
RA-1474,8.002,7.960662526,5.625,7.5,6.2875,10.0,7.384207505200001,2H,Ametista,11.0,Feminino,,6.71875,EE João Ortiz Rodrigues,2024,Pública,0,0.0,1
RA-1475,9.002,8.070175439,7.51,5.0,6.993333333,10.0,7.413901754400001,2I,Ametista,10.0,Feminino,,7.5,EE Dom Pedro Villas Boas de Souza,2024,Pública,0,0.0,1
RA-1476,9.502,10.0,5.635,8.5,8.7525,10.0,8.80795,2K,Topázio,11.0,Feminino,,8.4375,EE Maria André Schunck Dona,2024,Pública,0,0.0,1
RA-1477,8.002,8.010869565,7.51,5.0,6.2875,10.0,7.0514989130000005,2K,Ametista,11.0,Masculino,,6.40625,EE Maria André Schunck Dona,2024,Pública,0,0.0,1
RA-1478,8.002,6.666666667,6.255,4.25,7.1225,10.0,6.7210333334,2K,Agata,11.0,Masculino,,6.875,EE Maria André Schunck Dona,2024,Pública,0,0.0,1
RA-1479,8.502,6.1965811965,7.51,4.25,6.0325,10.0,6.615766239300001,2K,Agata,12.0,Masculino,,7.1875,EE Maria André Schunck Dona,2024,Pública,0,0.0,1
RA-148,9.2,7.9,10.0,5.3,7.708,10.0,7.894,4,,14.0,Masculino,Não,,,2022,Privada,0,0.0,1
RA-1480,8.502,8.875,7.51,5.5,6.9975,5.0,7.09445,2K,Ametista,12.0,Masculino,,7.1875,EM Alfredo Schunk,2024,Privada,1,0.0,1
RA-1481,8.502,8.782608695499999,7.51,4.75,6.8275,5.0,6.860721739100001,2K,Agata,12.0,Feminino,,6.875,EM Cecilia Cristina de Oliveira Rodrigues,2024,Privada,1,0.0,1
RA-1482,8.502,5.0,7.51,0.0,6.8725,5.0,5.2257,2K,Quartzo,14.0,Masculino,,7.5,EM Cecilia Cristina de Oliveira Rodrigues,2024,Privada,1,0.0,1
RA-1483,9.502,7.913043478500001,7.51,6.5,5.7475,10.0,7.311433695700001,2K,Ametista,11.0,Masculino,,5.78125,EE Jardim Campestre,2024,Pública,0,0.0,1
RA-1484,9.002,10.0,6.26,7.0,7.89,5.0,7.754200000000001,2L,Ametista,14.0,Feminino,,7.5,EE Maria André Schunck Dona,2024,Pública,1,0.0,1
RA-1485,9.002,7.7432712215,5.625,5.0,7.386666667,5.0,6.7386875776999995,2L,Agata,13.0,Masculino,,7.5,EM Cecilia Cristina de Oliveira Rodrigues,2024,Privada,1,0.0,1
RA-1486,8.002,5.431372549,6.26,5.75,7.056666667,10.0,6.865474509900001,2L,Agata,11.0,Masculino,,7.916666667,EE Maria André Schunck Dona,2024,Pública,0,0.0,1
RA-1487,10.002,9.5652173915,6.26,8.25,7.833333333,5.0,8.0267434782,2L,Topázio,13.0,Feminino,,7.708333333,EE Maria André Schunck Dona,2024,Pública,1,0.0,1
RA-1488,8.002,7.111801242,7.51,3.5,6.716666667,10.0,6.7668935818000016,2L,Agata,11.0,Feminino,,7.5,EE Maria André Schunck Dona,2024,Pública,0,0.0,1
RA-1489,9.002,5.793478261000001,6.26,5.0,5.663333333,5.0,5.9842289855000015,2L,Quartzo,12.0,Masculino,,6.666666667,EE Maria André Schunck Dona,2024,Pública,1,0.0,1
RA-149,9.2,6.5,7.5,5.0,6.125,5.0,6.323,4,,15.0,Feminino,Não,,,2022,Privada,1,0.0,1
RA-149,8.8,4.2,2.52,4.7,7.2925,5.0,5.622266667,FASE 4,Quartzo,,Feminino,,7.5,,2023,Privada,1,-0.2999999999999998,0
RA-149,9.585,4.104378593666667,6.26,3.8333333333333335,6.626,5.0,5.7316173854,5D,Quartzo,17.0,Feminino,,7.34375,EE Leonice de Aquino Oliveira,2024,Pública,1,-0.8666666666666667,0
RA-1490,8.502,9.5652173915,6.26,7.75,6.333333333,5.0,7.3725768116,2L,Ametista,12.0,Feminino,,6.666666667,Rede Decisão - Unidade União,2024,Privada,1,0.0,1
RA-1491,9.002,6.25,7.51,6.5,7.78,10.0,7.5072,2L,Ametista,12.0,Masculino,,7.5,EE Maria André Schunck Dona,2024,Pública,0,0.0,1
RA-1492,8.002,8.8141025645,7.51,8.0,8.45,10.0,8.479020512900002,2L,Topázio,9.0,Masculino,,8.75,EE Helio Luiz Dobrochinski Prof,2024,Pública,0,0.0,1
RA-1493,8.502,7.8468899525,7.51,4.0,5.946666667,5.0,6.378661323900001,2M,Agata,12.0,Masculino,,7.1875,EE Donizetti Aparecido Leite Professor,2024,Pública,1,0.0,1
RA-1494,0.0,6.7794117645,7.51,4.25,5.84,10.0,5.8748823529,2M,Quartzo,11.0,Feminino,,7.5,EE Donizetti Aparecido Leite Professor,2024,Pública,0,0.0,1
RA-1495,9.002,8.318181818,7.51,8.25,8.223333333,10.0,8.4845030302,2M,Topázio,11.0,Feminino,,8.75,EE Helio Luiz Dobrochinski Prof,2024,Pública,0,0.0,1
RA-1496,9.002,5.714285714500001,7.51,4.25,6.773333333,10.0,6.7799738095,2M,Agata,12.0,Feminino,,7.8125,EE Maria André Schunck Dona,2024,Pública,0,0.0,1
RA-1497,0.0,5.0227272725,7.51,2.0,6.996666667,10.0,5.2423787879,2M,Quartzo,12.0,Feminino,,6.875,EE Donizetti Aparecido Leite Professor,2024,Pública,0,0.0,1
RA-1498,8.502,7.840909091,7.51,7.0,6.33,5.0,7.147881818200001,2M,Ametista,13.0,Feminino,,8.125,EE Donizetti Aparecido Leite Professor,2024,Pública,1,0.0,1
RA-1499,8.418,9.25,6.885,6.5,7.11,10.0,7.914800000000001,2N,Ametista,12.0,Feminino,,8.125,EE Donizetti Aparecido Leite Professor,2024,Pública,0,0.0,1
RA-15,8.8,10.0,7.5,7.3,7.292,5.0,7.783,7,,18.0,Masculino,Não,,,2022,Privada,1,0.0,1
RA-150,9.6,6.3,6.9,6.9,7.333,5.0,6.962,4,Ametista,16.0,Feminino,Não,,,2022,Privada,1,0.0,1
RA-1500,9.502,8.3333333335,6.885,3.5,7.556666667,10.0,7.360450000100002,2N,Ametista,11.0,Masculino,,8.4375,EE Donizetti Aparecido Leite Professor,2024,Pública,0,0.0,1
RA-1501,9.502,10.0,7.51,5.0,7.5,10.0,8.04495,2N,Topázio,11.0,Feminino,,8.4375,EE Donizetti Aparecido Leite Professor,2024,Pública,0,0.0,1
RA-1502,8.002,7.628205128,7.51,5.25,7.39,5.0,6.886091025600001,2N,Agata,12.0,Feminino,,7.8125,EE Donizetti Aparecido Leite Professor,2024,Pública,1,0.0,1
RA-1503,7.502,10.0,7.51,2.75,7.723333333,5.0,6.991699999900001,2P,Agata,13.0,Feminino,,8.958333333,EE Donizetti Aparecido Leite Professor,2024,Pública,1,0.0,1
RA-1504,7.5,4.6136363634999995,5.63,6.75,6.94,5.0,6.057060605999999,2P,Agata,12.0,Feminino,,5.833333333,EE Donizetti Aparecido Leite Professor,2024,Pública,1,0.0,1
RA-1505,9.502,7.5252525255,7.51,3.75,6.943333333,5.0,6.7199171717,2P,Agata,13.0,Masculino,,8.75,EE Donizetti Aparecido Leite Professor,2024,Pública,1,0.0,1
RA-1506,8.002,8.3874458875,7.51,3.5,7.886666667,10.0,7.151855844200001,2R,Ametista,11.0,Feminino,,6.458333333,EE Helio Luiz Dobrochinski Prof,2024,Pública,0,0.0,1
RA-1507,6.918,4.448051948,7.51,5.0,3.776666667,5.0,5.046077056300001,2R,Quartzo,12.0,Masculino,,4.583333333,EE Maria André Schunck Dona,2024,Pública,1,0.0,1
RA-1508,7.502,7.2294372295,7.51,9.25,8.166666667,10.0,8.1804207793,2R,Topázio,10.0,Feminino,,7.5,EE Helio Luiz Dobrochinski Prof,2024,Pública,0,0.0,1
RA-1509,8.502,6.5151515155,7.51,7.5,7.446666667,10.0,7.560230303200001,2R,Ametista,11.0,Masculino,,6.666666667,EE Maria André Schunck Dona,2024,Pública,0,0.0,1
RA-151,8.8,7.5,6.9,8.3,7.958,5.0,7.563,4,Ametista,16.0,Feminino,Não,,,2022,Privada,1,0.0,1
RA-151,0.0,7.8,7.52,7.9,8.1725,5.0,6.892541667,FASE 5,Agata,17.0,Feminino,,8.59375,,2023,Privada,1,-0.40000000000000036,0
RA-1510,10.002,9.7727272725,7.51,10.0,9.003333333,10.0,9.464745454400001,2R,Topázio,11.0,Feminino,,9.583333333,EE Maria André Schunck Dona,2024,Pública,0,0.0,1
RA-1511,10.002,9.3271221535,7.51,8.75,8.556666667,10.0,8.9217077641,2U,Topázio,11.0,Feminino,,8.4375,EE Helio Luiz Dobrochinski Prof,2024,Pública,0,0.0,1
RA-1512,9.502,10.0,7.51,5.5,7.61,10.0,8.10445,2U,Topázio,10.0,Feminino,,7.8125,EE Helio Luiz Dobrochinski Prof,2024,Pública,0,0.0,1
RA-1513,8.502,7.5252525255,7.51,3.75,7.223333333,5.0,6.5509171717,2U,Agata,12.0,Feminino,,7.5,EE Maria André Schunck Dona,2024,Pública,1,0.0,1
RA-1514,9.002,7.979797980000001,7.51,5.5,7.273333333,10.0,7.520576262600001,2U,Ametista,12.0,Feminino,,7.1875,EM Cecilia Cristina de Oliveira Rodrigues,2024,Privada,0,0.0,1
RA-1515,6.418,6.6666666665,6.255,3.5,6.72,5.0,5.832133333300001,2U,Quartzo,12.0,Feminino,,6.875,EE Maria André Schunck Dona,2024,Pública,1,0.0,1
RA-1516,9.585,5.404288499000001,9.38,4.666666666666667,7.5475,10.0,7.217066033133334,3A,Ametista,13.0,Feminino,,7.96875,Colégio Arco Íris Evolução,2024,Privada,0,0.0,1
RA-1517,9.168,4.305555555666667,9.38,4.666666666666667,6.7075,5.0,6.240744444466667,3A,Agata,15.0,Masculino,,7.5,EE Maria André Schunck Dona,2024,Pública,1,0.0,1
RA-1518,7.084,5.714285714333333,9.38,1.75,6.5825,5.0,5.721382142866666,3A,Quartzo,15.0,Feminino,,7.65625,EE Leonice de Aquino Oliveira,2024,Pública,1,0.0,1
RA-1519,9.585,5.560902255666666,8.755,4.833333333333333,7.5025,10.0,7.210222117800001,3A,Ametista,15.0,Masculino,,7.96875,,2024,Privada,0,0.0,1
RA-152,8.3,7.0,7.5,6.5,6.292,5.0,6.712,4,,16.0,Feminino,Não,,,2022,Privada,1,0.0,1
RA-152,7.9,7.7,2.52,4.5,7.71,5.0,6.30695,FASE 4,Agata,16.0,Feminino,,7.8125,,2023,Privada,1,-2.0,0
RA-152,7.5,7.337719298333333,5.63,5.166666666666667,7.443333333,5.0,6.5837938596,5L,Agata,17.0,Feminino,,7.8125,EE Donizetti Aparecido Leite Professor,2024,Pública,1,0.666666666666667,0
RA-1520,8.334,9.060606060666666,8.75,3.75,7.3325,5.0,7.0026462121333335,3B,Ametista,14.0,Feminino,,7.65625,EE Alexandre Rodrigues Nogueira,2024,Pública,1,0.0,1
RA-1521,7.5,6.157902555,2.51,3.1666666666666665,5.4525,5.0,5.065788844333333,3B,Quartzo,14.0,Feminino,,6.09375,EE Alexandre Rodrigues Nogueira,2024,Pública,1,0.0,1
RA-1522,8.751,10.0,9.38,7.0,7.1275,10.0,8.3261,3B,Topázio,13.0,Masculino,,6.875,EE Leonice de Aquino Oliveira,2024,Pública,0,0.0,1
RA-1523,6.666,9.283272283333334,8.755,8.166666666666666,8.755,10.0,8.67371279,3B,Topázio,11.0,Masculino,,8.90625,EE Alexandre Rodrigues Nogueira,2024,Pública,0,0.0,1
RA-1524,7.917,2.777777777666667,7.51,4.0,6.9175,5.0,5.5473805555333335,3B,Quartzo,14.0,Feminino,,7.65625,EE Mario Francisco de Amorim,2024,Pública,1,0.0,1
RA-1525,7.917,8.293650793666666,5.63,7.0,7.553333333,10.0,7.778263492033334,3C,Ametista,13.0,Masculino,,8.541666667,EE Joaquim Mendes Feliz,2024,Pública,0,0.0,1
RA-1526,9.168,10.0,8.75,3.75,8.1275,10.0,7.9798,3D,Ametista,13.0,Feminino,,8.125,EE Alexandre Rodrigues Nogueira,2024,Pública,0,0.0,1
RA-1527,9.168,10.0,7.51,8.0,7.835,10.0,8.631675000000001,3D,Topázio,13.0,Masculino,,7.96875,EE Alexandre Rodrigues Nogueira,2024,Pública,0,0.0,1
RA-1528,9.168,7.787878788,7.51,5.666666666666667,7.335,10.0,7.622584090933335,3D,Ametista,13.0,Masculino,,7.96875,EE Alexandre Rodrigues Nogueira,2024,Pública,0,0.0,1
RA-1529,6.666,7.435897436,7.51,5.5,6.964,5.0,6.710079487200001,3F,Agata,14.0,Feminino,,8.125,EE João Ortiz Rodrigues,2024,Pública,1,0.0,1
RA-153,7.9,8.2,5.0,6.6,7.708,10.0,7.535,4,Ágata,14.0,Feminino,Não,,,2022,Privada,0,0.0,1
RA-153,9.2,7.4,2.52,6.4,7.71,10.0,7.289966667,FASE 5,Ametista,15.0,Feminino,,8.125,,2023,Privada,0,-0.1999999999999993,0
RA-153,8.751,0.0,6.5675,0.0,7.5,10.0,4.78185,7E,Quartzo,16.0,Feminino,,7.5,Colégio Albert Einstein - SP,2024,Privada,0,-6.4,0
RA-1530,0.0,2.5238095237666665,8.13,2.8333333333333335,5.258,10.0,4.6391535714200005,3F,Quartzo,13.0,Masculino,,7.03125,EE João Ortiz Rodrigues,2024,Pública,0,0.0,1
RA-1531,8.751,7.9726867336666665,7.505,5.833333333333333,7.14,5.0,7.0491790134,3F,Ametista,14.0,Masculino,,7.34375,EE João Ortiz Rodrigues,2024,Pública,1,0.0,1
RA-1532,0.0,3.9057239053333332,7.51,2.0,6.832,5.0,4.548544781066667,3H,Quartzo,15.0,Masculino,,7.5,EE João Ortiz Rodrigues,2024,Pública,1,0.0,1
RA-1533,9.168,9.710144927666667,8.135,9.5,8.3375,10.0,9.089828985533336,3I,Topázio,14.0,Feminino,,8.5,EE Joaquim Mendes Feliz,2024,Pública,0,0.0,1
RA-1534,7.917,9.666666666666666,8.135,1.1666666666666667,8.0825,10.0,7.188366666666667,3I,Ametista,13.0,Feminino,,8.0,EE Paschoal Carlos Magno,2024,Pública,0,0.0,1
RA-1535,8.751,5.103121516333333,7.51,5.833333333333333,7.9175,10.0,7.109390969933334,3I,Ametista,13.0,Feminino,,7.125,EE Paschoal Carlos Magno,2024,Pública,0,0.0,1
RA-1536,9.168,8.722222222333334,8.135,7.0,7.4575,5.0,7.653744444466668,3I,Ametista,15.0,Feminino,,7.875,EE Paschoal Carlos Magno,2024,Pública,1,0.0,1
RA-1537,9.168,8.33064949,8.135,8.666666666666666,8.67,5.0,8.176263231333333,3I,Topázio,14.0,Feminino,,8.125,EE Joaquim Mendes Feliz,2024,Pública,1,0.0,1
RA-1538,9.168,7.935185184999999,8.13,7.166666666666667,7.106666667,10.0,7.9631703704333345,3K,Ametista,13.0,Masculino,,7.916666667,EE Maria André Schunck Dona,2024,Pública,0,0.0,1
RA-1539,6.667,9.027777777666666,6.885,6.833333333333333,7.056666667,10.0,7.709588888900001,3K,Ametista,13.0,Feminino,,7.708333333,EE Maria André Schunck Dona,2024,Pública,0,0.0,1
RA-154,8.3,6.1,6.3,4.0,6.833,5.0,6.073,4,Ágata,15.0,Masculino,Não,,,2022,Privada,1,0.0,1
RA-1540,8.334,5.0,7.51,2.6666666666666665,6.83,5.0,5.696233333333334,3M,Quartzo,14.0,Feminino,,7.125,EE Donizetti Aparecido Leite Professor,2024,Pública,1,0.0,1
RA-1541,9.168,8.633333333333333,6.88,8.166666666666666,7.736,10.0,8.337,3M,Topázio,13.0,Masculino,,8.25,EM Alfredo Schunk,2024,Privada,0,0.0,1
RA-1542,7.501,6.304873294333333,8.135,3.1666666666666665,6.966,5.0,6.0886079922,3M,Agata,16.0,Feminino,,7.375,EE Donizetti Aparecido Leite Professor,2024,Pública,1,0.0,1
RA-1543,7.5,8.076923077,7.51,5.0,7.066,5.0,6.754584615400001,3M,Agata,14.0,Masculino,,7.25,EE Donizetti Aparecido Leite Professor,2024,Pública,1,0.0,1
RA-1544,8.334,8.674509804,6.885,5.833333333333333,6.598,5.0,6.905568627466667,3M,Agata,14.0,Feminino,,6.625,EM Cecilia Cristina de Oliveira Rodrigues,2024,Privada,1,0.0,1
RA-1545,7.501,6.210826211,8.13,8.166666666666666,6.165,10.0,7.296598575533334,3N,Ametista,12.0,Feminino,,6.25,EE Paschoal Carlos Magno,2024,Pública,0,0.0,1
RA-1546,8.334,6.374643874666667,8.75,4.666666666666667,6.17,10.0,6.900662108266667,3N,Agata,14.0,Masculino,,7.5,EE Paschoal Carlos Magno,2024,Pública,0,0.0,1
RA-1547,7.917,6.467236467333334,8.13,6.666666666666667,6.335,5.0,6.748480626800001,3N,Agata,14.0,Feminino,,7.5,EE Donizetti Aparecido Leite Professor,2024,Pública,1,0.0,1
RA-1548,8.334,5.2421652420000004,7.51,4.833333333333333,5.665,10.0,6.482499715066667,3N,Agata,13.0,Feminino,,7.5,Estuda em outra cidade,2024,Privada,0,0.0,1
RA-1549,9.585,7.441394335666668,7.51,4.166666666666667,6.325,5.0,6.514862200466668,3N,Agata,15.0,Masculino,,7.1875,EE Maria André Schunck Dona,2024,Pública,1,0.0,1
RA-155,10.0,8.3,7.5,5.2,6.833,5.0,7.051,4,,16.0,Masculino,Não,,,2022,Privada,1,0.0,1
RA-155,7.9,8.1,5.0,4.4,6.5875,5.0,6.318991667,FASE 5,Agata,17.0,Masculino,,7.03125,,2023,Privada,1,-0.7999999999999998,0
RA-155,,0.0,,,,10.0,,8F,,18.0,Masculino,,,Faculdade FIAP,2024,Privada,0,0.0,0
RA-1550,9.585,5.222222222,7.51,4.333333333333333,6.2025,5.0,6.064236111066667,3P,Agata,15.0,Masculino,,7.03125,EE Maria André Schunck Dona,2024,Pública,1,0.0,1
RA-1551,9.585,4.7710437709999995,7.51,3.5,6.79,5.0,5.9717087542,3P,Quartzo,15.0,Masculino,,7.5,EE Donizetti Aparecido Leite Professor,2024,Pública,1,0.0,1
RA-1552,9.585,9.743589743666666,7.51,3.1666666666666665,7.165,10.0,7.443301282066667,3P,Ametista,13.0,Masculino,,7.1875,EM Cecilia Cristina de Oliveira Rodrigues,2024,Privada,0,0.0,1
RA-1553,8.334,9.003921568666668,7.51,4.333333333333333,7.78,10.0,7.641184313700001,3R,Ametista,13.0,Masculino,,8.333333333,EE Donizetti Aparecido Leite Professor,2024,Pública,0,0.0,1
RA-1554,6.666,9.629629629666667,8.76,4.0,7.22,5.0,6.941692592633334,3R,Agata,15.0,Masculino,,7.291666667,EE Maria André Schunck Dona,2024,Pública,1,0.0,1
RA-1555,8.334,10.0,6.255,3.0,8.056666667,10.0,7.4827333334,3R,Ametista,13.0,Masculino,,8.125,EE Donizetti Aparecido Leite Professor,2024,Pública,0,0.0,1
RA-1556,7.917,5.222222222333333,7.51,4.0,7.44,10.0,6.666811111166668,3U,Agata,14.0,Masculino,,7.916666667,EE Donizetti Aparecido Leite Professor,2024,Pública,0,0.0,1
RA-1557,9.585,8.916666666666666,7.51,7.0,7.72,10.0,8.228500000033334,3U,Topázio,14.0,Feminino,,7.916666667,EE Donizetti Aparecido Leite Professor,2024,Pública,0,0.0,1
RA-1558,9.168,8.705360238666666,8.755,5.5,8.302,5.0,7.643772047733333,4A,Ametista,16.0,Masculino,,8.5,EE Joaquim Mendes Feliz,2024,Pública,1,0.0,1
RA-1559,7.917,5.2929755216666665,6.885,4.666666666666667,7.604,5.0,6.330428437666668,4A,Agata,15.0,Feminino,,8.375,EE Paschoal Carlos Magno,2024,Pública,1,0.0,1
RA-156,10.0,8.3,9.4,4.4,7.792,5.0,7.357,4,Ametista,15.0,Masculino,Não,,,2022,Privada,1,0.0,1
RA-1560,9.168,9.206349206333334,5.635,8.166666666666666,8.336,10.0,8.4721031746,4A,Topázio,14.0,Feminino,,8.5,Colégio Arco Íris Evolução,2024,Privada,0,0.0,1
RA-1561,9.585,9.174603174666666,5.0,9.0,7.734,5.0,7.9402206349333335,4A,Ametista,16.0,Masculino,,8.0,EE Joaquim Mendes Feliz,2024,Pública,1,0.0,1
RA-1562,6.25,8.666666666666666,5.01,0.5,6.8725,5.0,5.458833333333334,4B,Quartzo,16.0,Feminino,,6.25,EE Alexandre Rodrigues Nogueira,2024,Pública,1,0.0,1
RA-1563,8.751,8.305555555666666,7.51,7.0,8.46,5.0,7.604211111133335,4B,Ametista,15.0,Feminino,,7.25,EE Alexandre Rodrigues Nogueira,2024,Pública,1,0.0,1
RA-1564,8.334,4.942067736333334,6.885,2.1666666666666665,5.2875,5.0,5.0761468806000005,4B,Quartzo,15.0,Masculino,,5.75,EE Alexandre Rodrigues Nogueira,2024,Pública,1,0.0,1
RA-1565,0.0,8.102240896333333,7.51,5.5,6.0375,5.0,5.816448179266667,4B,Quartzo,16.0,Masculino,,6.375,EE Alexandre Rodrigues Nogueira,2024,Pública,1,0.0,1
RA-1566,9.168,9.247219355666667,7.51,6.5,8.335,5.0,7.759243871133334,4B,Ametista,17.0,Feminino,,7.75,EE Alexandre Rodrigues Nogueira,2024,Pública,1,0.0,1
RA-1567,8.334,8.771043771,7.51,8.166666666666666,8.335,5.0,7.913942087533334,4B,Ametista,16.0,Feminino,,7.75,EE Alexandre Rodrigues Nogueira,2024,Pública,1,0.0,1
RA-1568,9.168,7.493464052333334,7.51,8.166666666666666,8.5025,5.0,7.8003261438000004,4B,Ametista,15.0,Feminino,,8.0,EE Paschoal Carlos Magno,2024,Pública,1,0.0,1
RA-1569,6.666,7.111111111333334,6.26,2.1666666666666665,6.9175,5.0,5.7191555556,4B,Quartzo,17.0,Feminino,,6.875,EE Alexandre Rodrigues Nogueira,2024,Pública,1,0.0,1
RA-157,7.5,10.0,6.3,7.7,8.292,10.0,8.317,4,Ametista,12.0,Feminino,Não,,,2022,Privada,0,0.0,1
RA-157,7.1,9.9,2.52,6.8,8.63,10.0,7.879008333,FASE 5,Ametista,13.0,Feminino,,8.59375,,2023,Privada,0,-0.9000000000000004,0
RA-157,8.334,10.0,6.26,9.666666666666666,8.726666667,10.0,8.950566666733334,5N,Topázio,14.0,Feminino,,8.125,Colégio Arco Íris Evolução,2024,Privada,0,2.8666666666666663,0
RA-1570,9.585,7.542087542,7.51,8.333333333333334,8.6725,5.0,7.894084175066667,4B,Ametista,16.0,Feminino,,7.75,EE Alexandre Rodrigues Nogueira,2024,Pública,1,0.0,1
RA-1571,8.334,9.111111111333335,5.005,5.666666666666667,8.545,5.0,7.2484555556,4B,Ametista,16.0,Masculino,,7.5,EE Alexandre Rodrigues Nogueira,2024,Pública,1,0.0,1
RA-1572,9.168,9.841269841333334,7.51,7.5,8.393333333,5.0,8.080345634866667,4C,Topázio,15.0,Feminino,,7.65625,EE Paschoal Carlos Magno,2024,Pública,1,0.0,1
RA-1573,9.168,6.120448179333334,6.26,5.0,8.556666667,5.0,6.743847969266667,4C,Agata,16.0,Masculino,,7.65625,EE Olivia de Faria Nogueira,2024,Pública,1,0.0,1
RA-1574,8.751,8.399470899666667,7.51,7.333333333333333,8.616666667,5.0,7.777244180000001,4C,Ametista,16.0,Feminino,,7.8125,EE Paschoal Carlos Magno,2024,Pública,1,0.0,1
RA-1575,9.168,8.624338624,6.885,5.333333333333333,8.28,5.0,7.318459391466667,4C,Ametista,16.0,Feminino,,7.65625,EE Olivia de Faria Nogueira,2024,Pública,1,0.0,1
RA-1576,8.334,9.523809523666666,5.635,6.666666666666667,8.44,5.0,7.4636202380666665,4C,Ametista,16.0,Feminino,,6.40625,EE Loris Nassif Mattar Profa,2024,Pública,1,0.0,1
RA-1577,10.002,4.993386243333333,7.51,4.333333333333333,7.273333333,5.0,6.305585581933334,4C,Agata,16.0,Masculino,,7.34375,EE Mario Francisco de Amorim,2024,Pública,1,0.0,1
RA-1578,8.334,6.761695906666667,7.51,7.333333333333333,8.636,10.0,7.880605848,4F,Ametista,13.0,Feminino,,7.5,EE Olivia de Faria Nogueira,2024,Pública,0,0.0,1
RA-1579,8.751,9.090261886999999,5.635,7.166666666666667,9.272,5.0,7.894385710733333,4F,Ametista,16.0,Feminino,,8.5,EE Joaquim Mendes Feliz,2024,Pública,1,0.0,1
RA-158,7.9,9.8,5.6,6.6,8.125,2.5,7.302,4,Ametista,17.0,Feminino,Não,,,2022,Privada,1,0.0,1
RA-158,7.1,9.0,2.52,6.0,7.545,10.0,7.297425,FASE 5,Ametista,,Feminino,,8.28125,,2023,Privada,0,-0.5999999999999996,0
RA-158,8.334,7.796296296333334,6.26,4.0,6.745,10.0,6.855159259266667,5M,Agata,15.0,Feminino,,6.875,Colégio Arco Íris Evolução,2024,Privada,0,-2.0,0
RA-1580,8.751,9.049953314666666,7.51,6.166666666666667,9.168,5.0,7.790523996266667,4F,Ametista,16.0,Masculino,,7.875,EE Paschoal Carlos Magno,2024,Pública,1,0.0,1
RA-1581,8.334,7.834844760666667,6.26,6.333333333333333,7.386666667,5.0,6.9787022855,4H,Agata,16.0,Masculino,,7.083333333,EE Olivia de Faria Nogueira,2024,Pública,1,0.0,1
RA-1582,8.334,8.069444444333334,6.255,4.5,6.666666667,5.0,6.472788888966667,4H,Agata,15.0,Masculino,,6.666666667,EE Paschoal Carlos Magno,2024,Pública,1,0.0,1
RA-1583,7.917,7.753623188333333,6.26,8.166666666666666,9.006666667,5.0,7.8197579711000005,4H,Ametista,15.0,Feminino,,9.166666667,EE Mario Francisco de Amorim,2024,Pública,1,0.0,1
RA-1584,8.334,9.153439153333332,7.51,5.5,8.1675,5.0,7.429837830666667,4L,Ametista,15.0,Feminino,,7.8125,Estuda em outra cidade,2024,Privada,1,0.0,1
RA-1585,10.002,6.775210084333334,7.51,4.0,7.7925,5.0,6.730367016866668,4L,Agata,15.0,Feminino,,7.65625,EE Donizetti Aparecido Leite Professor,2024,Pública,1,0.0,1
RA-1586,10.002,6.128654970666666,5.01,5.666666666666667,7.54,5.0,6.555764327466668,4L,Agata,15.0,Feminino,,6.875,EE Donizetti Aparecido Leite Professor,2024,Pública,1,0.0,1
RA-1587,9.168,10.0,7.51,3.75,8.2075,5.0,7.34055,4L,Ametista,16.0,Feminino,,7.8125,EE Donizetti Aparecido Leite Professor,2024,Pública,1,0.0,1
RA-1588,7.917,8.640618640666666,7.51,4.0,7.415,10.0,7.303823728133333,4L,Ametista,14.0,Feminino,,7.5,EE Maria André Schunck Dona,2024,Pública,0,0.0,1
RA-1589,0.0,6.259259259333334,7.51,2.5,7.54,5.0,5.260851851866667,4M,Quartzo,15.0,Feminino,,7.5,EE Donizetti Aparecido Leite Professor,2024,Pública,1,0.0,1
RA-159,8.3,8.1,5.6,4.7,6.458,5.0,6.49,4,,15.0,Feminino,Não,,,2022,Privada,1,0.0,1
RA-159,7.9,8.1,2.52,6.3,7.8775,5.0,6.805033333,FASE 4,Agata,16.0,Feminino,,8.125,,2023,Privada,1,1.5999999999999996,0
RA-1590,7.917,8.267770876333332,7.51,8.666666666666666,8.806,5.0,8.1907875086,4N,Topázio,15.0,Feminino,,10.0,EE Maria André Schunck Dona,2024,Pública,1,0.0,1
RA-1591,7.083,6.430976431,7.51,3.5,7.064,5.0,6.1707952862,4N,Agata,16.0,Feminino,,8.125,EE Maria André Schunck Dona,2024,Pública,1,0.0,1
RA-1592,7.917,6.854727398333334,7.51,5.5,7.432,5.0,6.812545479666667,4N,Agata,15.0,Feminino,,8.125,EE Maria André Schunck Dona,2024,Pública,1,0.0,1
RA-1593,6.249,4.868875086666667,6.26,6.5,8.538,5.0,6.638525017333334,4N,Agata,15.0,Masculino,,9.0625,EE Maria André Schunck Dona,2024,Pública,1,0.0,1
RA-1594,9.585,6.112836439,6.26,3.0,5.996,5.0,5.731267287800001,4N,Quartzo,16.0,Masculino,,6.25,EE Maria André Schunck Dona,2024,Pública,1,0.0,1
RA-1595,8.334,7.949735449666666,6.26,2.3333333333333335,7.021666667,10.0,6.6599304233000005,4R,Agata,14.0,Masculino,,7.395833333,EM Cecilia Cristina de Oliveira Rodrigues,2024,Privada,0,0.0,1
RA-1596,8.751,10.0,7.51,3.3333333333333335,8.226666667,5.0,7.261016666766667,4R,Ametista,17.0,Feminino,,8.229166667,EE Donizetti Aparecido Leite Professor,2024,Pública,1,0.0,1
RA-1597,7.5,8.412698412666666,7.51,2.8333333333333335,8.28,5.0,6.7187063492,4R,Agata,16.0,Feminino,,8.125,EE Donizetti Aparecido Leite Professor,2024,Pública,1,0.0,1
RA-1598,9.585,8.857142857,7.51,7.5,8.236,10.0,8.4656285714,5B,Topázio,15.0,Feminino,,8.375,EE Paschoal Carlos Magno,2024,Pública,0,0.0,1
RA-1599,8.334,9.666666666666666,7.51,6.5,7.566,5.0,7.6059333333333345,5B,Ametista,17.0,Feminino,,7.75,EE Joaquim Mendes Feliz,2024,Pública,1,0.0,1
RA-16,7.9,8.3,5.0,3.5,6.333,5.0,6.112,7,,19.0,Masculino,Não,,,2022,Privada,1,0.0,1
RA-160,7.5,7.2,5.6,5.3,8.25,5.0,6.746,4,,15.0,Feminino,Não,,,2022,Privada,1,0.0,1
RA-160,8.8,8.3,2.52,5.0,7.46,5.0,6.598266667,FASE 5,Agata,16.0,Feminino,,8.125,,2023,Privada,1,-0.2999999999999998,0
RA-160,8.334,7.416666666666667,6.26,5.666666666666667,7.723333333,5.0,6.855108333266668,5L,Agata,17.0,Feminino,,7.34375,Colégio Arco Íris Evolução,2024,Privada,1,0.666666666666667,0
RA-1600,8.751,8.425925926,6.26,5.666666666666667,6.03,5.0,6.750618518533334,5B,Agata,17.0,Feminino,,7.25,EE Paschoal Carlos Magno,2024,Pública,1,0.0,1
RA-1601,8.751,7.0,7.51,6.5,8.335,5.0,7.2431,5C,Ametista,17.0,Feminino,,7.5,EE Leonice de Aquino Oliveira,2024,Pública,1,0.0,1
RA-1602,7.917,8.782407407333332,7.51,7.166666666666667,7.875,10.0,8.041889814800001,5C,Topázio,15.0,Feminino,,7.34375,EE Leonice de Aquino Oliveira,2024,Pública,0,0.0,1
RA-1603,7.5,9.259259258999998,7.51,8.333333333333334,7.835,5.0,7.836518518466668,5C,Ametista,16.0,Feminino,,7.5,EE Olivia de Faria Nogueira,2024,Pública,1,0.0,1
RA-1604,9.168,7.777777778,7.51,8.5,8.88,5.0,8.0118555556,5C,Topázio,16.0,Masculino,,8.125,EE Maria André Schunck Dona,2024,Pública,1,0.0,1
RA-1605,0.0,5.0694444443333335,7.51,2.5,7.028,5.0,4.920488888866667,5D,Quartzo,16.0,Masculino,,7.5,EE Leonice de Aquino Oliveira,2024,Pública,1,0.0,1
RA-1606,8.334,5.148148148,7.51,2.5,7.132,5.0,5.8216796296,5D,Quartzo,17.0,Feminino,,7.8125,EE Paschoal Carlos Magno,2024,Pública,1,0.0,1
RA-1607,5.833,6.222222222333333,5.635,0.0,6.762,5.0,4.899894444466667,5D,Quartzo,16.0,Masculino,,6.5625,EE Olivia de Faria Nogueira,2024,Pública,1,0.0,1
RA-1608,8.751,7.199074074333335,7.51,5.0,6.83,10.0,7.072539814866667,5D,Ametista,15.0,Masculino,,6.40625,EE Paschoal Carlos Magno,2024,Pública,0,0.0,1
RA-1609,8.334,9.666666666666666,7.51,6.0,7.943333333,5.0,7.577233333233334,5F,Ametista,17.0,Feminino,,7.708333333,EE Joaquim Mendes Feliz,2024,Pública,1,0.0,1
RA-161,7.9,9.1,5.6,6.9,8.083,10.0,7.957,4,Ametista,11.0,Feminino,Não,,,2022,Privada,0,0.0,1
RA-161,0.0,7.3,2.52,5.8,7.795,10.0,6.250166667,FASE 5,Agata,14.0,Feminino,,8.125,,2023,Privada,0,-1.1000000000000005,0
RA-161,8.751,7.965686274666666,6.26,4.0,7.836666667,10.0,7.258445588333334,5L,Ametista,15.0,Feminino,,7.96875,Colégio Arco Íris Evolução,2024,Privada,0,-1.7999999999999998,0
RA-1610,9.168,7.753697970666667,7.51,5.166666666666667,6.106666667,5.0,6.7023729275666675,5F,Agata,17.0,Masculino,,7.291666667,EE Paschoal Carlos Magno,2024,Pública,1,0.0,1
RA-1611,7.083,8.361426442,7.51,4.5,5.886666667,5.0,6.4589186218000005,5F,Agata,17.0,Masculino,,7.5,EE Joaquim Mendes Feliz,2024,Pública,1,0.0,1
RA-1612,6.666,8.523809523666666,7.51,6.166666666666667,6.94,5.0,7.014528571366666,5F,Ametista,18.0,Masculino,,7.708333333,EE Joaquim Mendes Feliz,2024,Pública,1,0.0,1
RA-1613,8.334,7.1428571430000005,7.51,3.0,6.216666667,5.0,6.085471428700001,5G,Agata,17.0,Feminino,,7.291666667,EE Leonice de Aquino Oliveira,2024,Pública,1,0.0,1
RA-1614,7.5,6.574494949666668,7.51,6.5,7.11,5.0,6.787898989933334,5L,Agata,16.0,Masculino,,7.5,EE Donizetti Aparecido Leite Professor,2024,Pública,1,0.0,1
RA-1615,7.917,9.833333333333334,7.51,8.333333333333334,7.4575,10.0,8.417533333333333,5M,Topázio,15.0,Feminino,,7.5,EE Donizetti Aparecido Leite Professor,2024,Pública,0,0.0,1
RA-1616,8.334,8.436274509666667,7.51,6.166666666666667,7.12,5.0,7.147738235266668,5M,Ametista,17.0,Feminino,,7.1875,Estuda em outra cidade,2024,Privada,1,0.0,1
RA-1617,0.0,5.571428571333333,7.51,3.25,6.1175,5.0,4.926285714266666,5M,Quartzo,16.0,Feminino,,6.875,EE Donizetti Aparecido Leite Professor,2024,Pública,1,0.0,1
RA-1618,8.334,7.908496732000001,7.51,6.333333333333333,6.83,5.0,7.0487660130666665,5M,Ametista,17.0,Masculino,,7.5,EE Donizetti Aparecido Leite Professor,2024,Pública,1,0.0,1
RA-1619,7.501,9.259259259333334,7.51,4.25,7.205,10.0,7.393951851866667,5M,Ametista,15.0,Masculino,,7.5,EE Maria André Schunck Dona,2024,Pública,0,0.0,1
RA-162,6.7,8.5,7.5,5.5,6.542,10.0,7.215,4,,14.0,Feminino,Não,,,2022,Privada,0,0.0,1
RA-1620,8.751,6.666666666666667,7.51,5.166666666666667,7.05,5.0,6.652766666666667,5N,Agata,16.0,Masculino,,7.5,EE Maria André Schunck Dona,2024,Pública,1,0.0,1
RA-1621,7.917,10.0,6.26,8.333333333333334,8.446666667,5.0,8.107033333366667,5N,Topázio,17.0,Feminino,,8.333333333,EE Leonice de Aquino Oliveira,2024,Pública,1,0.0,1
RA-1622,8.334,10.0,7.51,9.666666666666666,7.89,5.0,8.429066666633334,5N,Topázio,16.0,Feminino,,8.333333333,EE Maria André Schunck Dona,2024,Pública,1,0.0,1
RA-1623,9.168,8.518518518666667,6.26,6.0,7.666,10.0,7.7609537037333345,6A,Ametista,17.0,Masculino,,7.8125,EE Alexandre Rodrigues Nogueira,2024,Pública,0,0.0,1
RA-1624,7.917,9.460317460333334,7.51,7.5,7.636,5.0,7.743213492066667,6A,Ametista,18.0,Feminino,,7.8125,Concluiu o 3º EM,2024,Privada,1,0.0,1
RA-1625,7.5,7.112887113,7.51,4.333333333333333,6.896,10.0,6.888194089266667,6A,Agata,17.0,Masculino,,7.1875,EE Joaquim Mendes Feliz,2024,Pública,0,0.0,1
RA-1626,8.751,9.696969697,7.51,7.333333333333333,8.404,10.0,8.541085606066668,6A,Topázio,16.0,Feminino,,8.28125,EE Paschoal Carlos Magno,2024,Pública,0,0.0,1
RA-1627,7.083,7.777777777666667,7.51,7.833333333333333,8.172,5.0,7.481547222200001,6A,Ametista,17.0,Feminino,,7.65625,EE Alexandre Rodrigues Nogueira,2024,Pública,1,0.0,1
RA-1628,8.334,8.509823509666667,7.51,5.833333333333333,6.798,10.0,7.500131368600001,6A,Ametista,16.0,Feminino,,6.875,EE Joaquim Mendes Feliz,2024,Pública,0,0.0,1
RA-1629,9.585,8.645502645666667,7.51,7.25,7.266,5.0,7.560550529133334,6A,Ametista,17.0,Feminino,,7.1875,EE Paschoal Carlos Magno,2024,Pública,1,0.0,1
RA-163,8.8,7.9,5.6,6.7,6.5,5.0,6.797,4,,15.0,Feminino,Não,,,2022,Privada,1,0.0,1
RA-1630,8.334,9.833333333333334,7.51,7.333333333333333,8.702,10.0,8.583133333333334,6L,Topázio,16.0,Masculino,,8.25,Colégio Arco Íris Evolução,2024,Privada,0,0.0,1
RA-1631,9.585,10.0,7.51,7.166666666666667,8.468,5.0,8.186433333333333,6L,Topázio,17.0,Masculino,,8.5,Rede Decisão - Unidade União,2024,Privada,1,0.0,1
RA-1632,9.168,10.0,7.51,6.666666666666667,8.066,10.0,8.389333333333335,6L,Topázio,16.0,Masculino,,7.75,EE Donizetti Aparecido Leite Professor,2024,Pública,0,0.0,1
RA-1633,,0.0,,,,10.0,,8B,,21.0,Masculino,,,Unicamp,2024,Privada,0,0.0,1
RA-1634,,0.0,,,,10.0,,8B,,21.0,Feminino,,,Universidade Santo Amaro (UNISA),2024,Privada,0,0.0,1
RA-1635,,0.0,,,,10.0,,8D,,20.0,Feminino,,,Universidade Santo Amaro (UNISA),2024,Privada,0,0.0,1
RA-1636,,0.0,,,,10.0,,8E,,20.0,Feminino,,,Colégio Albert Einstein,2024,Privada,0,0.0,1
RA-1637,,0.0,,,,10.0,,9,,23.0,Masculino,,,Faculdade (FIAP),2024,Privada,0,0.0,1
RA-1638,,0.0,,,,10.0,,9,,22.0,Feminino,,,Bolsista Universitário *Formado (a),2024,Privada,0,0.0,1
RA-1639,,0.0,,,,10.0,,9,,21.0,Masculino,,,Bolsista Universitário *Formado (a),2024,Privada,0,0.0,1
RA-164,8.3,7.3,5.6,6.5,7.208,5.0,6.776,4,Ágata,16.0,Masculino,Não,,,2022,Privada,1,0.0,1
RA-164,0.0,8.2,2.52,5.8,6.9625,5.0,5.638666667,FASE 5,Quartzo,16.0,Masculino,,6.875,,2023,Privada,1,-0.7000000000000002,0
RA-164,9.585,8.084795321666666,6.26,5.666666666666667,6.886666667,5.0,6.837125731066667,5L,Agata,17.0,Masculino,,6.25,Colégio Nogueira e Sonho de Criança,2024,Privada,1,-0.13333333333333286,0
RA-1640,,0.0,,,,10.0,,9,,23.0,Feminino,,,Universidade Estácio de Sá,2024,Privada,0,0.0,1
RA-1641,,0.0,,,,10.0,,9,,21.0,Masculino,,,Universidade Santo Amaro (UNISA),2024,Privada,0,0.0,1
RA-1642,,0.0,,,,10.0,,9,,23.0,Masculino,,,Bolsista Universitário *Formado (a),2024,Privada,0,0.0,1
RA-1643,,0.0,,,,10.0,,9,,22.0,Masculino,,,Faculdade (FIAP),2024,Privada,0,0.0,1
RA-1644,,0.0,,,,10.0,,9,,21.0,Masculino,,,Bolsista Universitário *Formado (a),2024,Privada,0,0.0,1
RA-1645,,0.0,,,,10.0,,9,,23.0,Masculino,,,Faculdade (FIAP),2024,Privada,0,0.0,1
RA-1646,,0.0,,,,10.0,,9,,21.0,Masculino,,,Bolsista Universitário *Formado (a),2024,Privada,0,0.0,1
RA-1647,,0.0,,,,10.0,,9,,22.0,Feminino,,,Universidade Santo Amaro (UNISA),2024,Privada,0,0.0,1
RA-1648,,0.0,,,,10.0,,9,,22.0,Masculino,,,Bolsista Universitário *Formado (a),2024,Privada,0,0.0,1
RA-1649,,0.0,,,,10.0,,9,,23.0,Masculino,,,Faculdade (FIAP),2024,Privada,0,0.0,1
RA-165,7.1,9.8,5.6,7.6,7.5,10.0,8.063,4,Ametista,14.0,Feminino,Não,,,2022,Privada,0,0.0,1
RA-165,6.7,9.2,2.52,7.3,7.795,10.0,7.583433333,FASE 5,Ametista,,Feminino,,8.125,,2023,Privada,0,-0.2999999999999998,0
RA-165,7.5,9.431042884999998,7.51,8.5,7.893333333,10.0,8.4627502436,5L,Topázio,16.0,Feminino,,7.96875,Colégio Arco Íris Evolução,2024,Privada,0,1.2000000000000002,0
RA-1650,,0.0,,,,10.0,,9,,22.0,Masculino,,,Faculdade (FIAP),2024,Privada,0,0.0,1
RA-1651,,0.0,,,,10.0,,9,,22.0,Masculino,,,Bolsista Universitário *Formado (a),2024,Privada,0,0.0,1
RA-1652,,0.0,,,,10.0,,9,,22.0,Feminino,,,Faculdade (FIAP),2024,Privada,0,0.0,1
RA-1653,,0.0,,,,10.0,,9,,20.0,Masculino,,,Bolsista Universitário *Formado (a),2024,Privada,0,0.0,1
RA-1654,,0.0,,,,10.0,,9,,22.0,Masculino,,,Bolsista Universitário *Formado (a),2024,Privada,0,0.0,1
RA-1655,,0.0,,,,10.0,,9,,21.0,Feminino,,,Faculdade (FIAP),2024,Privada,0,0.0,1
RA-1656,,0.0,,,,10.0,,9,,22.0,Masculino,,,Bolsista Universitário *Formado (a),2024,Privada,0,0.0,1
RA-1657,,0.0,,,,10.0,,9,,20.0,Masculino,,,Bolsista Universitário *Formado (a),2024,Privada,0,0.0,1
RA-1658,,0.0,,,,10.0,,9,,21.0,Masculino,,,Faculdade (FIAP),2024,Privada,0,0.0,1
RA-1659,,0.0,,,,10.0,,9,,21.0,Masculino,,,Bolsista Universitário *Formado (a),2024,Privada,0,0.0,1
RA-166,9.2,9.0,6.3,8.1,7.542,10.0,8.253,4,Ametista,14.0,Masculino,Não,,,2022,Privada,0,0.0,1
RA-166,7.5,8.9,6.26,8.1,7.4625,10.0,8.105583333,FASE 5,Topázio,,Masculino,,8.4375,,2023,Privada,0,0.0,0
RA-166,8.334,9.246,6.5725,8.266666666666667,7.5,10.0,8.243183333333334,7E,Topázio,16.0,Masculino,,7.5,FIAP School - SP,2024,Privada,0,0.16666666666666785,0
RA-1660,,0.0,,,,10.0,,9,,24.0,Feminino,,,Bolsista Universitário *Formado (a),2024,Privada,0,0.0,1
RA-1661,,0.0,,,,10.0,,9,,21.0,Feminino,,,Bolsista Universitário *Formado (a),2024,Privada,0,0.0,1
RA-167,9.2,9.7,5.6,7.9,7.833,5.0,7.798,4,Ametista,16.0,Feminino,Não,,,2022,Privada,1,0.0,1
RA-167,8.8,9.9,5.0,7.9,7.8375,5.0,7.806141667,FASE 5,Ametista,,Feminino,,7.96875,,2023,Privada,1,0.0,0
RA-167,8.751,9.473684210666667,6.26,8.166666666666666,8.334,5.0,8.033470175466666,6L,Topázio,18.0,Feminino,,8.375,Colégio Arco Íris Evolução,2024,Privada,1,0.2666666666666657,0
RA-168,7.9,8.3,6.3,5.9,7.083,5.0,6.917,4,Ametista,15.0,Feminino,Não,,,2022,Privada,1,0.0,1
RA-168,0.0,9.6,6.89,4.7,6.4225,10.0,6.483083333,FASE 5,Agata,15.0,Feminino,,6.5625,,2023,Privada,0,-1.2000000000000002,0
RA-169,7.5,5.1,6.3,3.2,4.792,5.0,5.159,4,Ágata,15.0,Feminino,Não,,,2022,Privada,1,0.0,1
RA-17,8.8,10.0,7.5,7.8,8.292,5.0,8.068,7,,20.0,Masculino,Não,,,2022,Privada,1,0.0,1
RA-17,,,,,,10.0,,FASE 8,,,Masculino,,,,2023,Privada,0,0.0,0
RA-17,,0.0,,,,10.0,,8E,,22.0,Masculino,,,Faculdade FIAP,2024,Privada,0,0.0,0
RA-170,8.3,9.2,5.6,4.9,5.792,10.0,7.007,4,Ametista,14.0,Feminino,Não,,,2022,Privada,0,0.0,1
RA-170,8.8,8.9,2.52,7.2,7.6725,5.0,7.062433333,FASE 3,Ametista,15.0,Feminino,,6.875,,2023,Privada,1,2.3,0
RA-170,9.168,8.5,5.635,8.0,8.028333333,5.0,7.646383333300001,4R,Ametista,16.0,Feminino,,7.604166667,Colégio Arco Íris Evolução,2024,Privada,1,0.7999999999999998,0
RA-171,7.5,6.8,7.5,5.5,6.875,5.0,6.581,4,,16.0,Masculino,Não,,,2022,Privada,1,0.0,1
RA-171,7.5,7.2,5.0,5.2,6.755,5.0,6.293083333,FASE 5,Agata,17.0,Masculino,,7.1875,,2023,Privada,1,-0.2999999999999998,0
RA-171,7.5,7.833333333333333,5.635,8.333333333333334,7.598,5.0,7.3289333333333335,6L,Ametista,18.0,Masculino,,7.625,EE Donizetti Aparecido Leite Professor,2024,Pública,1,3.1333333333333337,0
RA-172,9.2,8.9,9.4,7.3,8.917,10.0,8.673,4,Ametista,14.0,Feminino,Sim,,,2022,Privada,0,0.0,1
RA-172,0.0,,3.77,,,10.0,,FASE 7,,15.0,Feminino,,,,2023,Privada,0,0.0,0
RA-172,8.751,9.8,6.57,6.933333333333334,7.5,10.0,8.128766666666667,7E,Topázio,16.0,Feminino,,7.5,Colégio Albert Einstein - SP,2024,Privada,0,0.0,0
RA-173,8.3,9.2,6.9,7.9,9.25,2.5,7.816,4,Ametista,17.0,Masculino,Sim,,,2022,Privada,1,0.0,1
RA-173,9.2,8.5,6.26,8.1,7.8775,5.0,7.757466667,FASE 5,Ametista,17.0,Masculino,,8.125,,2023,Privada,1,0.1999999999999993,0
RA-173,,0.0,,,,10.0,,8F,,18.0,Masculino,,,Faculdade FIAP,2024,Privada,0,0.0,0
RA-174,7.9,6.2,7.5,4.4,6.042,5.0,6.075,4,Ágata,15.0,Feminino,Não,,,2022,Privada,1,0.0,1
RA-174,7.9,5.6,5.0,5.1,7.2125,5.0,6.1242,FASE 4,Agata,16.0,Feminino,,7.5,,2023,Privada,1,0.6999999999999993,0
RA-175,8.3,9.2,5.6,5.9,5.833,5.0,6.75,4,Ametista,15.0,Feminino,Não,,,2022,Privada,1,0.0,1
RA-175,8.8,9.2,2.52,4.8,7.085,5.0,6.569516667,FASE 5,Agata,,Feminino,,7.1875,,2023,Privada,1,-1.1000000000000005,0
RA-175,10.002,9.473684210666667,6.26,8.5,7.766,5.0,8.024136842133334,6L,Topázio,17.0,Feminino,,7.5,Colégio Arco Íris Evolução,2024,Privada,1,3.7,0
RA-176,9.6,9.1,5.6,6.9,9.083,10.0,8.427,3,Topázio,13.0,Feminino,Sim,,,2022,Privada,0,0.0,1
RA-176,9.6,9.5,2.52,8.0,9.0025,10.0,8.316833333,FASE 4,Topázio,14.0,Feminino,,8.125,,2023,Privada,0,1.0999999999999996,0
RA-176,9.585,9.545454545333333,6.26,8.833333333333334,8.545,10.0,8.828632575733334,5C,Topázio,15.0,Feminino,,8.59375,Colégio Arco Íris Evolução,2024,Privada,0,0.8333333333333339,0
RA-177,7.9,8.8,4.4,6.8,6.958,10.0,7.424,3,,13.0,Feminino,Não,,,2022,Privada,0,0.0,1
RA-178,0.0,8.8,4.4,6.3,8.458,10.0,7.025,3,Ametista,13.0,Feminino,Sim,,,2022,Privada,0,0.0,1
RA-178,7.9,8.7,2.52,5.9,8.42,10.0,7.406658333,FASE 4,Ametista,,Feminino,,7.65625,,2023,Privada,0,-0.39999999999999947,0
RA-178,9.585,8.739177489333334,6.26,4.166666666666667,6.53,10.0,7.234168831200001,5A,Ametista,16.0,Feminino,,7.625,Colégio Arco Íris Evolução,2024,Privada,0,-1.7333333333333334,0
RA-179,7.5,9.2,7.5,6.1,8.042,10.0,7.993,3,,12.0,Masculino,Não,,,2022,Privada,0,0.0,1
RA-179,8.8,9.4,7.52,6.4,8.9225,10.0,8.437641667,FASE 3,Topázio,12.0,Masculino,,8.59375,,2023,Privada,0,0.3000000000000007,0
RA-179,9.168,9.407894737,9.38,8.166666666666666,8.44,10.0,8.932712280733334,4A,Topázio,13.0,Masculino,,8.75,Recanto Betânia Centro Educacional,2024,Privada,0,1.7666666666666657,0
RA-18,6.3,8.7,6.3,9.0,6.875,5.0,7.226,7,,19.0,Masculino,Não,,,2022,Privada,1,0.0,1
RA-180,9.2,8.3,6.3,8.1,8.625,10.0,8.442,3,Topázio,12.0,Masculino,Sim,,,2022,Privada,0,0.0,1
RA-180,9.2,9.4,2.52,8.0,8.92,10.0,8.283216667,FASE 4,Topázio,13.0,Masculino,,8.4375,,2023,Privada,0,-0.09999999999999964,0
RA-180,9.168,9.431818181666666,7.51,8.5,8.674,10.0,8.801463636333335,5A,Topázio,14.0,Masculino,,8.125,Colégio Arco Íris Evolução,2024,Privada,0,0.5,0
RA-181,9.2,9.5,8.8,6.8,8.458,10.0,8.623,3,Topázio,13.0,Feminino,Sim,,,2022,Privada,0,0.0,1
RA-181,9.6,8.3,2.52,6.8,8.2525,10.0,7.671208333,FASE 4,Ametista,,Feminino,,7.96875,,2023,Privada,0,0.0,0
RA-181,7.5,8.737373737333334,6.26,4.333333333333333,8.436,10.0,7.439841414133334,5A,Ametista,15.0,Feminino,,7.625,Colégio Arco Íris Evolução,2024,Privada,0,-2.466666666666667,0
RA-182,7.5,8.0,7.5,4.1,6.958,2.5,6.328,3,,16.0,Feminino,Não,,,2022,Privada,1,0.0,1
RA-183,8.3,8.8,7.5,3.8,7.25,10.0,7.3,3,,13.0,Feminino,Não,,,2022,Privada,0,0.0,1
RA-183,7.9,9.7,2.52,7.7,8.795,5.0,7.586241667,FASE 3,Ametista,14.0,Feminino,,7.96875,,2023,Privada,1,3.9000000000000004,0
RA-183,7.917,9.249011857666666,6.26,7.5,8.372,10.0,8.266902371533334,4A,Topázio,15.0,Feminino,,8.25,EE Mario Francisco de Amorim,2024,Pública,0,-0.20000000000000018,0
RA-184,8.8,7.7,7.5,7.2,8.0,2.5,7.28,3,Ametista,16.0,Masculino,Não,,,2022,Privada,1,0.0,1
RA-184,7.9,9.5,7.52,7.1,8.5025,10.0,8.430241667,FASE 4,Topázio,13.0,Masculino,,8.59375,,2023,Privada,0,-0.10000000000000053,0
RA-184,8.751,8.696741854666667,6.26,8.166666666666666,9.004,10.0,8.471456704266666,5D,Topázio,14.0,Masculino,,7.96875,Colégio Arco Íris Evolução,2024,Privada,0,1.0666666666666664,0
RA-185,7.9,7.7,7.5,4.5,6.875,5.0,6.615,3,,15.0,Masculino,Não,,,2022,Privada,1,0.0,1
RA-186,8.3,8.5,7.5,6.6,7.5,10.0,7.832,3,Ametista,13.0,Feminino,Não,,,2022,Privada,0,0.0,1
RA-186,7.5,9.7,2.52,6.9,8.46,10.0,7.817541667,FASE 4,Ametista,,Feminino,,7.96875,,2023,Privada,0,0.3000000000000007,0
RA-186,7.917,9.640151515,6.26,7.166666666666667,8.672,10.0,8.325963636333334,5B,Topázio,15.0,Feminino,,8.125,Colégio Nogueira e Sonho de Criança,2024,Privada,0,0.2666666666666666,0
RA-187,8.8,8.9,7.5,5.8,7.917,10.0,7.928,3,Ametista,12.0,Feminino,Não,,,2022,Privada,0,0.0,1
RA-187,7.5,9.9,2.52,6.9,8.255,10.0,7.809875,FASE 3,Ametista,13.0,Feminino,,7.96875,,2023,Privada,0,1.1000000000000005,0
RA-187,8.751,9.537037037,5.635,7.833333333333333,9.06,10.0,8.568424074066666,4C,Topázio,14.0,Feminino,,8.4375,Colégio Arco Íris Evolução,2024,Privada,0,0.9333333333333327,0
RA-188,0.0,6.1,7.5,2.7,7.583,5.0,5.307,3,,14.0,Masculino,Não,,,2022,Privada,1,0.0,1
RA-189,10.0,9.7,5.0,7.2,7.333,5.0,7.629,3,Ametista,14.0,Masculino,Não,,,2022,Privada,1,0.0,1
RA-189,7.9,9.4,2.52,6.5,8.3775,10.0,7.727325,FASE 4,Ametista,14.0,Masculino,,8.28125,,2023,Privada,0,-0.7000000000000002,0
RA-189,10.002,10.0,6.255,8.166666666666666,8.2,10.0,8.586533333333334,5A,Topázio,15.0,Masculino,,6.875,Colégio Arco Íris Evolução,2024,Privada,0,1.666666666666666,0
RA-19,7.9,9.5,7.5,8.0,7.0,5.0,7.665,7,,19.0,Feminino,Não,,,2022,Privada,1,0.0,1
RA-19,7.9,9.4,5.63,7.8,8.1725,5.0,7.710866667,FASE 7,Ametista,19.0,Feminino,,7.75,,2023,Privada,1,-0.20000000000000018,0
RA-19,,0.0,,,,10.0,,8F,,20.0,Feminino,,,Universidade Santo Amaro (UNISA),2024,Privada,0,0.0,0
RA-190,6.7,6.9,8.8,6.3,7.25,10.0,7.335,3,,13.0,Feminino,Não,,,2022,Privada,0,0.0,1
RA-190,7.9,9.5,2.52,5.7,7.9575,5.0,6.934158333,FASE 3,Agata,14.0,Feminino,,7.65625,,2023,Privada,1,-0.5999999999999996,0
RA-191,10.0,9.4,8.8,7.2,8.5,10.0,8.74,3,Topázio,13.0,Masculino,Sim,,,2022,Privada,0,0.0,1
RA-191,0.0,9.7,2.52,7.8,8.4625,10.0,7.263666667,FASE 4,Ametista,14.0,Masculino,,8.125,,2023,Privada,0,0.5999999999999996,0
RA-191,7.5,9.571,5.945,6.3999999999999995,7.5,10.0,7.7887,7E,Ametista,15.0,Masculino,,7.5,FIAP School - SP,2024,Privada,0,-1.4000000000000004,0
RA-192,8.8,3.6,7.5,2.7,4.708,5.0,4.932,3,,15.0,Masculino,Não,,,2022,Privada,1,0.0,1
RA-192,8.8,6.2,5.0,6.5,7.3775,5.0,6.616016667,FASE 4,Agata,16.0,Masculino,,7.1875,,2023,Privada,1,3.8,0
RA-192,8.334,6.363636363666667,7.51,7.166666666666667,6.9,5.0,6.882960606066668,5B,Agata,17.0,Masculino,,7.125,Rede Decisão - Unidade União,2024,Privada,1,0.666666666666667,0
RA-193,9.2,8.9,5.6,6.7,8.5,10.0,8.155,3,Topázio,12.0,Masculino,Sim,,,2022,Privada,0,0.0,1
RA-193,8.3,9.4,2.52,6.5,8.17,10.0,7.718566667,FASE 4,Ametista,13.0,Masculino,,8.125,,2023,Privada,0,-0.20000000000000018,0
RA-193,8.751,9.848484848333333,6.26,7.0,8.7525,10.0,8.465046969666668,5C,Topázio,14.0,Masculino,,8.4375,Colégio Arco Íris Evolução,2024,Privada,0,0.5,0
RA-194,0.0,6.2,5.0,3.2,3.75,5.0,4.265,3,,14.0,Feminino,Não,,,2022,Privada,1,0.0,1
RA-195,8.8,9.2,5.0,6.3,8.25,10.0,8.017,3,Ametista,13.0,Feminino,Não,,,2022,Privada,0,0.0,1
RA-195,7.1,9.2,2.52,6.0,8.79,10.0,7.60205,FASE 4,Ametista,,Feminino,,8.4375,,2023,Privada,0,-0.2999999999999998,0
RA-195,7.5,9.682539682666667,6.26,7.833333333333333,8.965,10.0,8.4690496032,5C,Topázio,15.0,Feminino,,7.96875,Colégio Arco Íris Evolução,2024,Privada,0,1.833333333333333,0
RA-196,9.2,9.1,7.5,5.1,8.625,10.0,8.124,3,Ametista,12.0,Masculino,Sim,,,2022,Privada,0,0.0,1
RA-196,7.9,9.0,2.52,6.2,8.2125,10.0,7.560991667,FASE 4,Ametista,13.0,Masculino,,8.28125,,2023,Privada,0,1.1000000000000005,0
RA-196,8.751,9.689754689666666,7.51,8.0,8.9225,10.0,8.823550937933334,5C,Topázio,14.0,Masculino,,8.75,Colégio Arco Íris Evolução,2024,Privada,0,1.7999999999999998,0
RA-197,8.8,9.7,4.4,7.3,8.292,10.0,8.218,3,,13.0,Feminino,Não,,,2022,Privada,0,0.0,1
RA-197,8.3,9.8,2.52,7.2,8.46,10.0,7.967608333,FASE 4,Ametista,13.0,Feminino,,7.96875,,2023,Privada,0,-0.09999999999999964,0
RA-197,7.5,9.848484848333333,6.26,8.333333333333334,8.795,10.0,8.568238636333334,5C,Topázio,14.0,Feminino,,7.96875,Colégio Arco Íris Evolução,2024,Privada,0,1.1333333333333337,0
RA-198,0.0,6.2,5.0,4.6,5.958,10.0,5.554,3,Ametista,13.0,Masculino,Não,,,2022,Privada,0,0.0,1
RA-199,8.3,7.1,7.5,7.5,6.458,10.0,7.564,3,,13.0,Masculino,Não,,,2022,Privada,0,0.0,1
RA-199,9.2,7.6,7.51,8.5,8.505,5.0,7.892341667,FASE 3,Ametista,,Masculino,,7.96875,,2023,Privada,1,1.0,0
RA-199,8.334,7.554824561666667,6.88,7.166666666666667,8.206,5.0,7.419398245666667,4A,Ametista,15.0,Masculino,,8.125,Estuda em outra cidade,2024,Privada,1,-1.333333333333333,0
RA-2,8.8,5.2,6.3,6.8,6.778,10.0,7.055,7,Ametista,17.0,Feminino,Não,,,2022,Privada,0,0.0,1
RA-2,,,,,,10.0,,FASE 8,,18.0,Feminino,,,,2023,Privada,0,0.0,0
RA-2,,0.0,,,,10.0,,8E,,19.0,Feminino,,,Faculdade FIAP,2024,Privada,0,0.0,0
RA-20,7.1,10.0,6.3,7.8,7.167,5.0,7.535,7,,19.0,Feminino,Não,,,2022,Privada,1,0.0,1
RA-200,7.9,5.6,4.4,5.5,4.917,5.0,5.705,3,Quartzo,15.0,Masculino,Não,,,2022,Privada,1,0.0,1
RA-200,9.6,4.5,2.52,4.3,7.17,5.0,5.661166667,FASE 4,Quartzo,16.0,Masculino,,7.5,,2023,Privada,1,-1.2000000000000002,0
RA-201,7.9,7.3,7.5,6.5,7.542,5.0,7.078,3,,15.0,Feminino,Não,,,2022,Privada,1,0.0,1
RA-202,0.0,5.2,4.4,5.4,6.917,5.0,5.201,3,Ametista,14.0,Feminino,Não,,,2022,Privada,1,0.0,1
RA-202,8.8,7.9,2.52,5.9,8.005,5.0,6.791641667,FASE 4,Agata,,Feminino,,7.96875,,2023,Privada,1,0.5,0
RA-202,8.334,7.880952381,6.26,7.5,7.75,5.0,7.3512154762,5C,Ametista,16.0,Feminino,,7.65625,EE Leonice de Aquino Oliveira,2024,Pública,1,1.5999999999999996,0
RA-203,8.8,4.3,7.5,2.8,6.875,5.0,5.669,3,,14.0,Feminino,Não,,,2022,Privada,1,0.0,1
RA-204,7.9,6.7,4.4,7.4,5.708,10.0,6.943,3,Ametista,13.0,Feminino,Não,,,2022,Privada,0,0.0,1
RA-204,8.8,7.9,2.52,7.1,8.045,10.0,7.557558333,FASE 4,Ametista,,Feminino,,8.28125,,2023,Privada,0,-0.3000000000000007,0
RA-204,9.168,6.827094474333333,6.26,7.5,8.5875,10.0,7.838218894866668,4B,Ametista,15.0,Feminino,,7.125,EE Alexandre Rodrigues Nogueira,2024,Pública,0,0.40000000000000036,0
RA-205,9.6,3.8,7.5,4.1,4.833,5.0,5.372,3,Ametista,14.0,Masculino,Não,,,2022,Privada,1,0.0,1
RA-205,9.6,7.6,4.38,6.6,7.09,5.0,6.857625,FASE 4,Agata,,Masculino,,7.03125,,2023,Privada,1,2.5,0
RA-206,8.3,8.8,7.5,5.0,5.167,10.0,7.101,3,,12.0,Feminino,Não,,,2022,Privada,0,0.0,1
RA-207,0.0,4.8,7.5,5.8,5.708,2.5,4.936,3,,16.0,Masculino,Não,,,2022,Privada,1,0.0,1
RA-208,7.5,7.1,7.5,6.1,6.417,5.0,6.667,3,Ametista,14.0,Masculino,Não,,,2022,Privada,1,0.0,1
RA-209,0.0,4.8,5.6,6.0,3.75,5.0,4.499,3,Quartzo,14.0,Masculino,Não,,,2022,Privada,1,0.0,1
RA-21,9.6,9.2,7.5,3.8,7.25,5.0,6.945,7,,18.0,Masculino,Não,,,2022,Privada,1,0.0,1
RA-21,,,,,,10.0,,FASE 8,,19.0,Masculino,,,,2023,Privada,0,0.0,0
RA-21,,0.0,,,,10.0,,8E,,20.0,Masculino,,,Faculdade FIAP,2024,Privada,0,0.0,0
RA-210,0.0,5.1,7.5,3.4,4.417,5.0,4.44,3,,14.0,Masculino,Não,,,2022,Privada,1,0.0,1
RA-211,9.2,8.8,7.5,7.6,8.458,10.0,8.465,3,,13.0,Masculino,Sim,,,2022,Privada,0,0.0,1
RA-211,9.6,9.4,2.52,7.1,8.71,10.0,8.024791667,FASE 4,Topázio,14.0,Masculino,,7.65625,,2023,Privada,0,-0.5,0
RA-211,9.585,9.379509379666667,7.51,7.0,7.866,10.0,8.283601875933334,5A,Topázio,15.0,Masculino,,7.25,Colégio Arco Íris Evolução,2024,Privada,0,-0.09999999999999964,0
RA-212,9.6,8.4,7.5,6.2,6.958,5.0,7.268,3,,14.0,Masculino,Não,,,2022,Privada,1,0.0,1
RA-213,9.6,8.7,7.5,3.5,6.833,10.0,7.209,3,,13.0,Masculino,Não,,,2022,Privada,0,0.0,1
RA-214,0.0,6.1,7.5,4.3,5.125,5.0,4.87,3,,15.0,Masculino,Não,,,2022,Privada,1,0.0,1
RA-215,6.7,5.8,7.5,7.8,6.542,10.0,7.172,3,,13.0,Feminino,Não,,,2022,Privada,0,0.0,1
RA-215,8.8,6.6,2.52,6.9,7.7125,10.0,7.166475,FASE 4,Ametista,14.0,Feminino,,7.96875,,2023,Privada,0,-0.8999999999999995,0
RA-215,7.084,6.455627705333334,6.26,5.666666666666667,7.432,10.0,7.045258874400002,5B,Ametista,15.0,Feminino,,8.0,EE Paschoal Carlos Magno,2024,Pública,0,-1.2333333333333334,0
RA-216,7.9,8.5,7.5,7.0,5.583,10.0,7.502,3,Ametista,13.0,Feminino,Não,,,2022,Privada,0,0.0,1
RA-217,7.9,8.5,7.5,7.1,7.292,5.0,7.397,3,,15.0,Feminino,Não,,,2022,Privada,1,0.0,1
RA-217,8.3,8.6,2.52,5.6,8.5025,5.0,6.96965,FASE 4,Agata,,Feminino,,8.4375,,2023,Privada,1,-1.5,0
RA-217,8.334,8.917748917666666,6.26,7.833333333333333,6.994,5.0,7.4209164502,5A,Ametista,17.0,Feminino,,7.125,Colégio Arco Íris Evolução,2024,Privada,1,2.2333333333333334,0
RA-218,6.3,7.3,7.5,4.0,6.125,5.0,6.1,3,,14.0,Feminino,Não,,,2022,Privada,1,0.0,1
RA-218,0.0,6.7,2.52,6.7,7.88,5.0,5.811541667,FASE 4,Quartzo,15.0,Feminino,,7.96875,,2023,Privada,1,2.7,0
RA-219,8.8,6.9,7.5,3.5,6.375,2.5,5.942,3,Ametista,16.0,Masculino,Não,,,2022,Privada,1,0.0,1
RA-22,8.3,7.4,8.1,6.7,8.833,5.0,7.474,6,Ametista,17.0,Feminino,Sim,,,2022,Privada,1,0.0,1
RA-220,0.0,8.1,7.5,6.5,7.833,10.0,7.028,3,,13.0,Feminino,Não,,,2022,Privada,0,0.0,1
RA-220,8.8,7.6,2.52,6.1,7.5475,10.0,7.102016667,FASE 4,Ametista,14.0,Feminino,,7.1875,,2023,Privada,0,-0.40000000000000036,0
RA-220,8.751,8.198051948,6.26,6.833333333333333,7.332,10.0,7.6987770562666675,5B,Ametista,15.0,Feminino,,7.25,EE Joaquim Mendes Feliz,2024,Pública,0,0.7333333333333334,0
RA-221,9.6,8.5,7.5,5.2,6.0,5.0,6.892,3,,14.0,Masculino,Não,,,2022,Privada,1,0.0,1
RA-221,9.6,9.0,5.0,5.0,7.38,5.0,6.959916667,FASE 3,Agata,15.0,Masculino,,7.1875,,2023,Privada,1,-0.20000000000000018,0
RA-222,7.1,4.6,7.5,6.2,4.917,5.0,5.604,3,Ágata,15.0,Feminino,Não,,,2022,Privada,1,0.0,1
RA-223,0.0,4.6,7.5,3.1,5.583,10.0,4.966,3,,13.0,Feminino,Não,,,2022,Privada,0,0.0,1
RA-223,0.0,4.5,7.52,3.8,7.1725,5.0,5.089833333,FASE 3,Quartzo,14.0,Feminino,,7.5,,2023,Privada,1,0.6999999999999997,0
RA-224,9.6,4.3,7.5,2.6,4.875,10.0,5.671,3,,13.0,Masculino,Não,,,2022,Privada,0,0.0,1
RA-225,8.3,5.3,7.5,5.0,5.708,5.0,5.918,3,,14.0,Masculino,Não,,,2022,Privada,1,0.0,1
RA-226,7.5,6.1,7.5,6.8,6.208,5.0,6.549,3,,14.0,Feminino,Não,,,2022,Privada,1,0.0,1
RA-227,9.2,6.4,7.5,3.3,5.833,10.0,6.471,3,,12.0,Masculino,Não,,,2022,Privada,0,0.0,1
RA-227,9.6,7.5,5.63,6.9,7.4625,10.0,7.722125,FASE 3,Ametista,,Masculino,,8.28125,,2023,Privada,0,3.6000000000000005,0
RA-227,9.585,8.097577276666668,9.38,6.5,7.54,10.0,8.074015455333335,3A,Topázio,13.0,Masculino,,7.5,Colégio Nogueira e Sonho de Criança,2024,Privada,0,-0.40000000000000036,0
RA-228,7.5,6.7,7.5,4.8,6.417,5.0,6.196,3,Ágata,15.0,Feminino,Não,,,2022,Privada,1,0.0,1
RA-229,10.0,9.4,7.5,6.9,8.5,10.0,8.62,3,,12.0,Masculino,Sim,,,2022,Privada,0,0.0,1
RA-229,9.2,9.8,2.52,7.8,8.42,10.0,8.207591667,FASE 4,Topázio,,Masculino,,8.28125,,2023,Privada,0,0.8999999999999995,0
RA-229,9.585,9.841269841333334,5.635,8.833333333333334,8.8375,10.0,8.852545634933334,5C,Topázio,14.0,Masculino,,8.28125,Colégio Arco Íris Evolução,2024,Privada,0,1.033333333333334,0
RA-23,8.3,8.2,8.1,6.7,8.556,5.0,7.677,6,,17.0,Masculino,Sim,,,2022,Privada,1,0.0,1
RA-23,,,,,,10.0,,FASE 8,,,Masculino,,,,2023,Privada,0,0.0,0
RA-23,,0.0,,,,10.0,,8E,,19.0,Masculino,,,Universidade Santo Amaro (UNISA),2024,Privada,0,0.0,0
RA-230,7.9,5.1,7.5,5.7,6.75,5.0,6.328,3,,14.0,Masculino,Não,,,2022,Privada,1,0.0,1
RA-231,8.8,7.4,7.5,3.8,5.333,5.0,6.116,3,,14.0,Masculino,Não,,,2022,Privada,1,0.0,1
RA-232,0.0,4.9,7.5,0.0,4.542,10.0,4.245,3,,12.0,Masculino,Não,,,2022,Privada,0,0.0,1
RA-233,7.9,7.4,7.5,3.8,5.5,5.0,6.051,3,,14.0,Masculino,Não,,,2022,Privada,1,0.0,1
RA-234,10.0,7.6,5.6,4.3,5.583,10.0,6.719,3,,13.0,Masculino,Não,,,2022,Privada,0,0.0,1
RA-234,6.7,8.0,2.52,5.6,5.595,10.0,6.248741667,FASE 3,Agata,13.0,Masculino,,4.84375,,2023,Privada,0,1.2999999999999998,0
RA-235,8.3,7.3,7.5,6.3,6.417,5.0,6.79,3,,14.0,Feminino,Não,,,2022,Privada,1,0.0,1
RA-236,9.6,7.5,7.5,3.7,7.208,10.0,7.11,3,,12.0,Feminino,Não,,,2022,Privada,0,0.0,1
RA-236,10.0,7.5,7.52,4.5,7.2975,10.0,7.337116667,FASE 3,Ametista,13.0,Feminino,,7.1875,,2023,Privada,0,0.7999999999999998,0
RA-236,9.168,7.890668700666666,6.26,4.5,6.362,10.0,6.980833740133334,4F,Agata,14.0,Feminino,,6.875,EE Loris Nassif Mattar Profa,2024,Pública,0,0.0,0
RA-237,10.0,9.0,7.5,7.8,8.417,5.0,8.084,3,,14.0,Feminino,Sim,,,2022,Privada,1,0.0,1
RA-237,8.3,9.5,2.52,6.7,8.96,5.0,7.436566667,FASE 4,Ametista,15.0,Feminino,,8.125,,2023,Privada,1,-1.0999999999999996,0
RA-237,8.751,9.689754689666666,6.26,7.666666666666667,8.336666667,5.0,7.931384271366667,5F,Ametista,16.0,Feminino,,7.916666667,Colégio Arco Íris Evolução,2024,Privada,1,0.9666666666666668,0
RA-238,8.8,6.4,5.0,5.1,7.208,5.0,6.331,3,,14.0,Feminino,Não,,,2022,Privada,1,0.0,1
RA-239,0.0,3.7,7.5,3.7,5.958,5.0,4.572,3,,15.0,Feminino,Não,,,2022,Privada,1,0.0,1
RA-239,0.0,8.4,5.0,7.0,7.6275,5.0,6.411333333,FASE 4,Agata,16.0,Feminino,,8.125,,2023,Privada,1,3.3,0
RA-239,8.751,6.361737677333333,5.635,6.666666666666667,8.502,2.5,6.782180868800001,4F,Agata,17.0,Feminino,,7.875,EE Paschoal Carlos Magno,2024,Pública,1,-0.33333333333333304,0
RA-24,9.2,7.9,6.9,8.6,9.111,5.0,8.087,6,,17.0,Feminino,Sim,,,2022,Privada,1,0.0,1
RA-240,7.1,8.1,5.0,4.7,7.042,10.0,6.943,3,Ametista,13.0,Feminino,Não,,,2022,Privada,0,0.0,1
RA-240,7.1,6.7,2.52,4.8,6.9175,10.0,6.337966667,FASE 4,Agata,,Feminino,,6.875,,2023,Privada,0,0.09999999999999964,0
RA-241,10.0,10.0,7.5,7.7,9.125,5.0,8.468,3,Ametista,14.0,Masculino,Sim,,,2022,Privada,1,0.0,1
RA-241,0.0,9.9,2.52,7.5,9.545,5.0,7.016,FASE 4,Ametista,,Masculino,,8.75,,2023,Privada,1,-0.20000000000000018,0
RA-241,10.002,9.891666667,7.1975,6.816666666666667,7.5,10.0,8.311616666733334,7E,Topázio,16.0,Masculino,,7.5,FIAP School - SP,2024,Privada,0,-0.6833333333333327,0
RA-242,9.6,9.7,5.6,8.2,8.708,10.0,8.673,3,Ametista,13.0,Masculino,Sim,,,2022,Privada,0,0.0,1
RA-242,7.1,9.7,2.52,7.9,9.3775,10.0,8.221841667,FASE 4,Topázio,14.0,Masculino,,8.59375,,2023,Privada,0,-0.29999999999999893,0
RA-242,9.585,9.621,6.26,7.650000000000001,7.5,10.0,8.2887,7E,Topázio,15.0,Masculino,,7.5,FIAP School - SP,2024,Privada,0,-0.2499999999999991,0
RA-243,7.1,8.7,5.0,6.0,7.875,5.0,6.982,3,,15.0,Feminino,Não,,,2022,Privada,1,0.0,1
RA-244,7.5,9.4,6.3,7.8,9.208,10.0,8.51,3,Topázio,12.0,Feminino,Sim,,,2022,Privada,0,0.0,1
RA-244,0.0,8.8,2.52,7.3,8.8325,10.0,7.044333333,FASE 4,Ametista,13.0,Feminino,,8.125,,2023,Privada,0,-0.5,0
RA-244,7.5,10.0,6.26,9.5,8.17,10.0,8.7225,5G,Topázio,14.0,Feminino,,8.125,Colégio Arco Íris Evolução,2024,Privada,0,2.2,0
RA-245,10.0,9.9,7.5,8.4,9.25,5.0,8.656,3,Ametista,14.0,Masculino,Sim,,,2022,Privada,1,0.0,1
RA-245,0.0,10.0,2.52,8.1,9.5875,5.0,7.171166667,FASE 4,Ametista,,Masculino,,8.75,,2023,Privada,1,-0.3000000000000007,0
RA-245,9.168,9.953333333,6.885,8.033333333333333,7.5,10.0,8.452633333266668,7E,Topázio,16.0,Masculino,,7.5,Colégio Albert Einstein - SP,2024,Privada,0,-0.06666666666666643,0
RA-246,8.3,9.4,7.5,7.6,9.167,10.0,8.639,3,,13.0,Masculino,Sim,,,2022,Privada,0,0.0,1
RA-246,8.8,9.9,4.39,6.8,8.9175,10.0,8.256766667,FASE 4,Topázio,,Masculino,,8.125,,2023,Privada,0,-0.7999999999999998,0
RA-246,8.334,0.0,6.57,0.0,7.5,10.0,4.7404,7E,Quartzo,15.0,Masculino,,7.5,FIAP School - SP,2024,Privada,0,-6.8,0
RA-247,8.3,8.2,7.5,5.8,7.875,10.0,7.72,3,,13.0,Feminino,Não,,,2022,Privada,0,0.0,1
RA-247,0.0,8.5,7.52,7.2,7.5425,10.0,7.221958333,FASE 3,Ametista,13.0,Feminino,,8.28125,,2023,Privada,0,1.4000000000000004,0
RA-247,0.0,8.306595365666666,6.26,4.333333333333333,8.5875,10.0,6.646485739800001,4B,Agata,14.0,Feminino,,7.75,EE Loris Nassif Mattar Profa,2024,Pública,0,-2.866666666666667,0
RA-248,9.2,7.6,7.5,5.2,7.292,10.0,7.429,3,,13.0,Masculino,Não,,,2022,Privada,0,0.0,1
RA-249,6.7,7.4,5.0,2.9,4.292,5.0,5.097,3,Ágata,14.0,Masculino,Não,,,2022,Privada,1,0.0,1
RA-249,0.0,8.2,5.0,4.9,6.545,5.0,5.444625,FASE 3,Quartzo,,Masculino,,5.15625,,2023,Privada,1,2.0000000000000004,0
RA-249,7.083,6.645021645,5.0,5.0,7.064,5.0,6.125104328999999,4F,Agata,16.0,Masculino,,6.75,EE Paschoal Carlos Magno,2024,Pública,1,0.09999999999999964,0
RA-25,8.3,8.3,8.8,6.9,9.667,5.0,7.979,6,,17.0,Feminino,Sim,,,2022,Privada,1,0.0,1
RA-25,,,,,,10.0,,FASE 8,,18.0,Feminino,,,,2023,Privada,0,0.0,0
RA-25,,0.0,,,,10.0,,8E,,19.0,Feminino,,,Universidade Santo Amaro (UNISA),2024,Privada,0,0.0,0
RA-250,8.3,8.6,7.5,6.6,7.625,10.0,7.958,3,,12.0,Feminino,Não,,,2022,Privada,0,0.0,1
RA-250,0.0,9.3,5.63,8.3,8.625,10.0,7.598208333,FASE 3,Ametista,13.0,Feminino,,7.96875,,2023,Privada,0,1.700000000000001,0
RA-250,9.168,9.629629629666667,6.88,9.166666666666666,8.95,10.0,9.049892592566668,4H,Topázio,14.0,Feminino,,8.958333333,Colégio Arco Íris Evolução,2024,Privada,0,0.8666666666666654,0
RA-251,10.0,8.1,5.6,6.3,6.625,5.0,7.022,3,Ametista,15.0,Masculino,Não,,,2022,Privada,1,0.0,1
RA-251,9.6,8.0,2.52,5.3,7.835,5.0,6.665208333,FASE 4,Agata,,Masculino,,7.34375,,2023,Privada,1,-1.0,0
RA-251,8.751,8.612836439,5.63,4.5,7.326666667,5.0,6.7135006212,5N,Agata,16.0,Masculino,,6.875,EE Maria André Schunck Dona,2024,Pública,1,-0.7999999999999998,0
RA-252,9.2,2.8,7.5,0.9,3.875,5.0,4.277,3,Ágata,14.0,Masculino,Não,,,2022,Privada,1,0.0,1
RA-253,9.2,3.6,5.0,1.8,3.75,5.0,4.312,3,Ágata,15.0,Masculino,Não,,,2022,Privada,1,0.0,1
RA-254,10.0,7.4,5.6,5.3,6.917,5.0,6.715,3,Ametista,14.0,Masculino,Não,,,2022,Privada,1,0.0,1
RA-254,9.6,8.8,,5.9,7.71,5.0,,FASE 4,,15.0,Masculino,,7.8125,,2023,Privada,1,0.6000000000000005,0
RA-255,7.5,3.8,5.0,1.3,5.542,5.0,4.563,3,Quartzo,14.0,Masculino,Não,,,2022,Privada,1,0.0,1
RA-256,8.8,8.5,5.0,5.2,6.708,10.0,7.192,3,Ametista,12.0,Feminino,Não,,,2022,Privada,0,0.0,1
RA-257,0.0,6.4,5.6,3.6,6.708,5.0,5.149,3,Ametista,14.0,Feminino,Não,,,2022,Privada,1,0.0,1
RA-258,10.0,7.3,5.6,4.8,6.125,10.0,6.926,3,Ametista,12.0,Feminino,Não,,,2022,Privada,0,0.0,1
RA-258,7.084,6.944444444333333,7.51,2.5,6.732,10.0,6.429063888866667,3H,Agata,13.0,Feminino,,7.34375,EE João Ortiz Rodrigues,2024,Pública,0,-2.3,0
RA-259,8.8,2.9,7.5,0.9,4.625,2.5,4.182,3,Quartzo,16.0,Masculino,Não,,,2022,Privada,1,0.0,1
RA-26,9.6,8.8,10.0,8.0,10.0,5.0,8.677,6,,17.0,Masculino,Sim,,,2022,Privada,1,0.0,1
RA-26,0.0,,7.52,,,5.0,,FASE 7,,,Masculino,,,,2023,Privada,1,0.0,0
RA-26,,0.0,,,,10.0,,8F,,19.0,Masculino,,,Faculdade FIAP,2024,Privada,0,0.0,0
RA-260,10.0,8.2,7.5,5.0,6.458,10.0,7.44,3,Topázio,13.0,Feminino,Não,,,2022,Privada,0,0.0,1
RA-260,9.2,9.9,7.52,6.1,7.4175,10.0,8.080008333,FASE 3,Topázio,,Feminino,,7.34375,,2023,Privada,0,1.0999999999999996,0
RA-260,8.751,9.674603174666666,7.51,7.0,8.502,10.0,8.448920634933334,4F,Topázio,15.0,Feminino,,7.875,EE João Ortiz Rodrigues,2024,Pública,0,0.9000000000000004,0
RA-261,8.8,7.2,5.6,5.8,7.042,5.0,6.763,3,Ágata,14.0,Feminino,Não,,,2022,Privada,1,0.0,1
RA-262,0.0,5.8,5.6,3.4,5.625,5.0,4.786,3,,15.0,Masculino,Não,,,2022,Privada,1,0.0,1
RA-262,0.0,3.7,5.0,3.8,6.05,5.0,4.406458333,FASE 4,Quartzo,,Masculino,,7.03125,,2023,Privada,1,0.3999999999999999,0
RA-262,7.917,4.854560643666667,7.51,4.166666666666667,6.296,5.0,5.806145462066667,4F,Quartzo,17.0,Masculino,,7.0,Colégio Nogueira e Sonho de Criança,2024,Privada,1,0.36666666666666714,0
RA-263,5.8,5.6,7.5,3.7,4.417,5.0,5.319,3,Ágata,15.0,Feminino,Não,,,2022,Privada,1,0.0,1
RA-264,10.0,9.2,5.6,5.8,6.625,5.0,7.087,3,,15.0,Feminino,Não,,,2022,Privada,1,0.0,1
RA-265,8.3,7.7,7.5,6.9,7.917,10.0,7.926,3,Ametista,13.0,Masculino,Não,,,2022,Privada,0,0.0,1
RA-265,8.3,8.7,,7.0,7.88,10.0,,FASE 4,,14.0,Masculino,,7.96875,,2023,Privada,0,0.09999999999999964,0
RA-266,7.5,5.8,5.6,6.0,6.583,2.5,5.987,3,Quartzo,16.0,Feminino,Não,,,2022,Privada,1,0.0,1
RA-267,10.0,7.4,5.0,3.3,6.292,5.0,6.012,3,Ágata,15.0,Feminino,Não,,,2022,Privada,1,0.0,1
RA-267,7.9,7.7,,2.7,6.505,5.0,,FASE 4,,16.0,Feminino,,4.6875,,2023,Privada,1,-0.5999999999999996,0
RA-267,10.002,8.285533910333333,6.26,2.0,6.273333333,5.0,5.8963067819666675,5G,Quartzo,17.0,Feminino,,4.583333333,EE Leonice de Aquino Oliveira,2024,Pública,1,-0.7000000000000002,0
RA-268,9.2,6.7,6.3,5.7,7.208,5.0,6.695,3,,14.0,Feminino,Não,,,2022,Privada,1,0.0,1
RA-269,9.2,8.6,6.3,8.9,7.25,10.0,8.231,3,,13.0,Masculino,Não,,,2022,Privada,0,0.0,1
RA-269,9.6,9.0,2.52,7.4,8.7975,10.0,8.116041667,FASE 4,Topázio,14.0,Masculino,,8.59375,,2023,Privada,0,-1.5,0
RA-269,9.168,9.6,7.505,8.200000000000001,7.5,10.0,8.4773,7E,Topázio,15.0,Masculino,,7.5,FIAP School - SP,2024,Privada,0,0.8000000000000007,0
RA-27,0.0,7.6,8.1,8.0,9.111,5.0,7.124,6,Topázio,17.0,Masculino,Sim,,,2022,Privada,1,0.0,1
RA-27,6.7,7.7,6.89,6.9,8.8825,10.0,7.921266667,FASE 7,Ametista,,Masculino,,8.625,,2023,Privada,0,-1.0999999999999996,0
RA-27,,0.0,,,,10.0,,8F,,18.0,Masculino,,,Faculdade FIAP,2024,Privada,0,0.0,0
RA-270,8.3,8.4,6.9,7.9,8.125,10.0,8.226,3,Ametista,13.0,Feminino,Não,,,2022,Privada,0,0.0,1
RA-270,9.2,9.0,2.52,6.6,9.1275,10.0,7.982633333,FASE 4,Ametista,14.0,Feminino,,8.75,,2023,Privada,0,-1.3000000000000007,0
RA-270,9.168,0.0,6.2575,0.0,7.5,10.0,4.79255,7E,Quartzo,15.0,Feminino,,7.5,Colégio Albert Einstein - SP,2024,Privada,0,-6.6,0
RA-271,9.2,8.5,5.6,7.1,6.958,5.0,7.255,3,,15.0,Feminino,Não,,,2022,Privada,1,0.0,1
RA-271,0.0,9.3,2.52,5.9,7.7125,5.0,6.140333333,FASE 4,Agata,16.0,Feminino,,8.125,,2023,Privada,1,-1.1999999999999993,0
RA-271,9.168,8.958333333333334,6.26,7.333333333333333,6.7475,5.0,7.400633333333334,5M,Ametista,17.0,Feminino,,7.5,EE Donizetti Aparecido Leite Professor,2024,Pública,1,1.4333333333333327,0
RA-272,9.2,5.7,7.5,5.1,6.417,5.0,6.361,3,,14.0,Masculino,Não,,,2022,Privada,1,0.0,1
RA-273,9.2,5.3,7.5,3.0,5.833,5.0,5.679,3,Ametista,14.0,Feminino,Não,,,2022,Privada,1,0.0,1
RA-273,7.9,7.4,2.52,5.0,7.6275,5.0,6.337116667,FASE 3,Agata,14.0,Feminino,,7.8125,,2023,Privada,1,2.0,0
RA-273,9.168,7.323153899,6.26,4.5,6.896,5.0,6.5991307798,4N,Agata,16.0,Feminino,,8.125,EE Maria André Schunck Dona,2024,Pública,1,-0.5,0
RA-274,7.9,8.3,7.5,8.1,7.0,10.0,7.946,3,Ametista,11.0,Feminino,Não,,,2022,Privada,0,0.0,1
RA-274,7.5,9.5,5.63,7.5,8.295,10.0,8.137625,FASE 4,Topázio,12.0,Feminino,,7.65625,,2023,Privada,0,-0.5999999999999996,0
RA-274,8.334,9.648148147999999,5.635,9.333333333333334,8.226666667,10.0,8.651029629666667,5L,Topázio,13.0,Feminino,,8.125,Colégio Arco Íris Evolução,2024,Privada,0,1.833333333333334,0
RA-275,9.6,6.9,7.5,4.6,6.667,5.0,6.665,3,Quartzo,15.0,Masculino,Não,,,2022,Privada,1,0.0,1
RA-276,7.1,5.7,5.6,4.3,5.125,5.0,5.527,3,Ágata,14.0,Feminino,Não,,,2022,Privada,1,0.0,1
RA-276,6.3,8.5,2.52,5.5,6.585,10.0,6.690458333,FASE 4,Agata,,Feminino,,7.03125,,2023,Privada,0,1.2000000000000002,0
RA-277,7.1,8.8,7.5,7.4,7.208,5.0,7.411,3,,14.0,Masculino,Não,,,2022,Privada,1,0.0,1
RA-277,8.3,9.9,7.52,5.5,8.7525,5.0,7.7284,FASE 4,Ametista,,Masculino,,8.125,,2023,Privada,1,-1.9000000000000004,0
RA-277,8.334,9.741666667,6.5725,6.8999999999999995,7.5,10.0,8.0689833334,7E,Topázio,16.0,Masculino,,7.5,FIAP School - SP,2024,Privada,0,1.3999999999999995,0
RA-278,8.8,9.2,5.6,6.0,7.417,10.0,7.741,3,Ametista,12.0,Masculino,Não,,,2022,Privada,0,0.0,1
RA-278,0.0,9.8,5.63,5.6,8.3775,10.0,7.1935,FASE 4,Ametista,13.0,Masculino,,8.75,,2023,Privada,0,-0.40000000000000036,0
RA-278,9.168,9.855072463666666,7.51,9.333333333333334,7.946666667,10.0,8.907314492800001,5N,Topázio,14.0,Masculino,,8.125,Colégio Arco Íris Evolução,2024,Privada,0,3.7333333333333343,0
RA-279,9.2,9.9,6.3,9.1,8.208,10.0,8.815,3,Topázio,13.0,Masculino,Não,,,2022,Privada,0,0.0,1
RA-279,8.8,10.0,6.27,8.9,9.2125,10.0,9.006266667,FASE 4,Topázio,14.0,Masculino,,8.75,,2023,Privada,0,-0.1999999999999993,0
RA-279,9.168,10.0,7.51,9.333333333333334,8.726666667,10.0,9.113133333366667,5N,Topázio,15.0,Masculino,,8.333333333,Colégio Arco Íris Evolução,2024,Privada,0,0.43333333333333357,0
RA-28,7.9,6.1,7.5,5.0,6.333,5.0,6.242,6,Ametista,17.0,Feminino,Não,,,2022,Privada,1,0.0,1
RA-280,7.5,9.2,7.5,7.1,7.333,10.0,8.046,3,,13.0,Feminino,Não,,,2022,Privada,0,0.0,1
RA-280,6.7,9.5,7.52,6.5,8.7125,10.0,8.189225,FASE 4,Topázio,,Feminino,,8.28125,,2023,Privada,0,-0.5999999999999996,0
RA-280,7.917,9.855072463666666,6.26,9.333333333333334,8.67,10.0,8.822714492700001,5N,Topázio,15.0,Feminino,,8.333333333,Colégio Arco Íris Evolução,2024,Privada,0,2.833333333333334,0
RA-281,6.7,6.9,7.5,5.9,5.625,10.0,6.806,3,Ametista,13.0,Feminino,Não,,,2022,Privada,0,0.0,1
RA-282,8.8,6.8,7.5,4.0,5.625,10.0,6.618,3,Ametista,13.0,Feminino,Não,,,2022,Privada,0,0.0,1
RA-283,9.6,8.8,7.5,5.6,6.625,5.0,7.131,3,Ágata,14.0,Masculino,Não,,,2022,Privada,1,0.0,1
RA-283,8.3,9.5,7.52,6.8,7.5025,5.0,7.549025,FASE 3,Ametista,15.0,Masculino,,7.03125,,2023,Privada,1,1.2000000000000002,0
RA-283,8.751,9.761904762,6.885,8.0,7.736,5.0,7.9444309524,4N,Ametista,16.0,Masculino,,7.8125,EE Maria André Schunck Dona,2024,Pública,1,1.2000000000000002,0
RA-284,6.7,5.1,5.6,3.8,5.958,10.0,5.939,3,,13.0,Masculino,Não,,,2022,Privada,0,0.0,1
RA-285,9.2,4.1,7.5,2.8,5.75,2.5,5.063,3,Ametista,16.0,Feminino,Não,,,2022,Privada,1,0.0,1
RA-285,8.3,4.6,2.52,4.7,7.13,2.5,5.380358333,FASE 4,Quartzo,17.0,Feminino,,7.65625,,2023,Privada,1,1.9000000000000004,0
RA-286,7.1,5.8,6.3,3.0,5.625,5.0,5.424,3,,15.0,Feminino,Não,,,2022,Privada,1,0.0,1
RA-286,0.0,7.5,5.0,4.7,7.3375,5.0,5.713333333,FASE 4,Quartzo,15.0,Feminino,,8.125,,2023,Privada,1,1.7000000000000002,0
RA-286,6.666,4.031862745000001,6.26,3.1666666666666665,5.7825,5.0,5.123180882333333,5M,Quartzo,16.0,Feminino,,7.34375,EE Donizetti Aparecido Leite Professor,2024,Pública,1,-1.5333333333333337,0
RA-287,7.9,3.4,5.0,1.1,4.292,2.5,3.7,3,,17.0,Feminino,Não,,,2022,Privada,1,0.0,1
RA-287,0.0,4.8,2.52,3.9,5.375,2.5,3.745541667,FASE 4,Quartzo,18.0,Feminino,,4.21875,,2023,Privada,1,2.8,0
RA-288,0.0,5.6,6.3,0.0,6.833,2.5,4.097,3,,16.0,Feminino,Não,,,2022,Privada,1,0.0,1
RA-289,0.0,7.8,6.3,6.8,7.25,5.0,6.236,3,Ametista,14.0,Feminino,Não,,,2022,Privada,1,0.0,1
RA-29,0.0,4.0,8.8,3.7,7.611,5.0,4.985,6,,17.0,Masculino,Não,,,2022,Privada,1,0.0,1
RA-29,,,,,,10.0,,FASE 8,,,Masculino,,,,2023,Privada,0,0.0,0
RA-29,,0.0,,,,10.0,,8E,,19.0,Masculino,,,Faculdade FIAP,2024,Privada,0,0.0,0
RA-290,10.0,3.9,6.3,1.7,6.042,2.5,4.929,3,,17.0,Feminino,Não,,,2022,Privada,1,0.0,1
RA-291,8.3,8.2,6.9,8.0,7.792,10.0,8.122,3,,13.0,Masculino,Não,,,2022,Privada,0,0.0,1
RA-291,8.8,8.6,7.52,7.1,9.21,10.0,8.493058333,FASE 4,Topázio,14.0,Masculino,,8.90625,,2023,Privada,0,-0.9000000000000004,0
RA-291,8.751,9.737666667,6.26,6.166666666666667,7.5,10.0,7.9319666667333335,7E,Ametista,15.0,Masculino,,7.5,FIAP School - SP,2024,Privada,0,-0.9333333333333327,0
RA-292,7.9,3.7,7.5,1.8,6.292,2.5,4.837,3,,16.0,Masculino,Não,,,2022,Privada,1,0.0,1
RA-293,8.8,2.9,7.5,2.3,3.333,10.0,4.875,3,,13.0,Masculino,Não,,,2022,Privada,0,0.0,1
RA-294,9.6,5.8,7.5,0.0,5.917,2.5,5.031,3,,18.0,Feminino,Não,,,2022,Privada,1,0.0,1
RA-295,7.9,8.0,7.5,6.9,7.375,5.0,7.305,3,,14.0,Feminino,Não,,,2022,Privada,1,0.0,1
RA-295,8.8,8.8,2.52,7.7,9.005,5.0,7.641016667,FASE 4,Ametista,15.0,Feminino,,9.0625,,2023,Privada,1,0.7999999999999998,0
RA-296,8.8,3.6,7.5,2.8,3.833,5.0,4.665,3,,15.0,Feminino,Não,,,2022,Privada,1,0.0,1
RA-297,7.1,7.9,6.3,6.6,7.417,10.0,7.478,3,,13.0,Feminino,Não,,,2022,Privada,0,0.0,1
RA-298,9.2,6.3,5.6,5.2,5.417,10.0,6.409,3,Ametista,13.0,Masculino,Não,,,2022,Privada,0,0.0,1
RA-298,9.6,8.6,2.52,5.5,7.7525,5.0,6.824333333,FASE 3,Agata,14.0,Masculino,,7.5,,2023,Privada,1,0.2999999999999998,0
RA-299,7.1,8.2,5.0,6.8,6.708,10.0,7.278,3,Topázio,13.0,Feminino,Não,,,2022,Privada,0,0.0,1
RA-299,0.0,9.6,2.52,6.1,8.005,10.0,6.796541667,FASE 4,Agata,14.0,Feminino,,7.96875,,2023,Privada,0,-0.7000000000000002,0
RA-299,8.751,8.963768115999999,6.26,8.166666666666666,7.5,10.0,8.177186956533333,5N,Topázio,15.0,Feminino,,7.5,Colégio Arco Íris Evolução,2024,Privada,0,2.0666666666666664,0
RA-3,0.0,7.9,5.6,5.6,7.556,10.0,6.591,7,Ametista,17.0,Feminino,Não,,,2022,Privada,0,0.0,1
RA-30,8.8,6.4,7.5,7.5,7.333,10.0,7.605,6,,16.0,Feminino,Não,,,2022,Privada,0,0.0,1
RA-300,5.4,6.9,6.3,3.1,5.875,5.0,5.557,3,,14.0,Masculino,Não,,,2022,Privada,1,0.0,1
RA-300,5.0,7.5,2.52,4.5,6.5875,5.0,5.616691667,FASE 3,Quartzo,15.0,Masculino,,6.40625,,2023,Privada,1,1.4,0
RA-301,8.8,5.8,5.6,6.3,6.042,10.0,6.802,3,Ametista,13.0,Feminino,Não,,,2022,Privada,0,0.0,1
RA-301,9.2,5.4,7.52,5.2,6.465,10.0,6.760341667,FASE 4,Agata,,Feminino,,6.71875,,2023,Privada,0,-1.0999999999999996,0
RA-301,9.168,7.4947368423333325,7.51,9.0,8.21,10.0,8.410830701766667,4M,Topázio,15.0,Feminino,,8.020833333,EE Maria André Schunck Dona,2024,Pública,0,3.8,0
RA-302,9.2,7.7,6.9,4.8,6.208,2.5,6.334,3,,16.0,Masculino,Não,,,2022,Privada,1,0.0,1
RA-302,0.0,7.3,5.0,4.3,6.255,5.0,5.314333333,FASE 5,Quartzo,17.0,Masculino,,7.5,,2023,Privada,1,-0.5,0
RA-303,7.5,7.2,7.5,3.9,5.375,5.0,6.03,3,Ametista,14.0,Masculino,Não,,,2022,Privada,1,0.0,1
RA-303,0.0,7.3,7.52,5.1,7.05,5.0,5.914291667,FASE 3,Quartzo,15.0,Masculino,,7.65625,,2023,Privada,1,1.1999999999999997,0
RA-303,8.751,3.9520467836666664,7.51,5.666666666666667,7.535,5.0,6.2443426900666665,4M,Agata,16.0,Masculino,,6.875,EE Donizetti Aparecido Leite Professor,2024,Pública,1,0.5666666666666673,0
RA-304,8.8,7.7,7.5,4.3,5.542,5.0,6.355,3,Ametista,15.0,Masculino,Não,,,2022,Privada,1,0.0,1
RA-304,0.0,8.8,5.0,5.7,7.835,5.0,6.241583333,FASE 3,Agata,,Masculino,,7.8125,,2023,Privada,1,1.4000000000000004,0
RA-304,10.002,7.826890756333333,7.51,7.166666666666667,5.825,2.5,6.852411484600001,3N,Agata,16.0,Masculino,,6.875,EE Maria André Schunck Dona,2024,Pública,1,1.4666666666666668,0
RA-305,7.9,6.6,7.5,4.8,5.208,5.0,6.058,3,Ametista,14.0,Masculino,Não,,,2022,Privada,1,0.0,1
RA-305,0.0,8.9,7.52,5.2,7.75,5.0,6.394291667,FASE 3,Agata,15.0,Masculino,,7.65625,,2023,Privada,1,0.40000000000000036,0
RA-305,8.334,7.898550724666666,6.26,4.833333333333333,7.03,5.0,6.693026811600001,4N,Agata,16.0,Masculino,,7.8125,EE Maria André Schunck Dona,2024,Pública,1,-0.36666666666666714,0
RA-306,8.3,6.8,7.5,5.2,5.958,5.0,6.427,3,,14.0,Feminino,Não,,,2022,Privada,1,0.0,1
RA-306,0.0,7.9,6.26,4.0,7.46,5.0,5.732375,FASE 4,Quartzo,,Feminino,,7.34375,,2023,Privada,1,-1.2000000000000002,0
RA-306,7.917,7.699561403666666,7.51,2.8333333333333335,6.4125,5.0,6.1661539474,5M,Agata,16.0,Feminino,,7.34375,EE Donizetti Aparecido Leite Professor,2024,Pública,1,-1.1666666666666665,0
RA-307,5.4,4.5,7.5,2.5,4.708,5.0,4.733,3,,14.0,Masculino,Não,,,2022,Privada,1,0.0,1
RA-307,0.0,6.5,7.52,6.3,7.46,5.0,6.047333333,FASE 3,Agata,,Masculino,,7.5,,2023,Privada,1,3.8,0
RA-308,7.9,7.4,6.9,5.0,6.167,10.0,6.93,3,Ametista,13.0,Masculino,Não,,,2022,Privada,0,0.0,1
RA-308,5.4,6.8,5.0,4.9,7.5025,10.0,6.578558333,FASE 4,Agata,14.0,Masculino,,7.03125,,2023,Privada,0,-0.09999999999999964,0
RA-308,7.083,8.714912280666667,5.635,6.5,7.1225,10.0,7.489282456133334,5M,Ametista,15.0,Masculino,,7.5,EE Leonice de Aquino Oliveira,2024,Pública,0,1.5999999999999996,0
RA-309,9.2,5.2,7.5,6.5,5.083,5.0,6.151,3,,14.0,Feminino,Não,,,2022,Privada,1,0.0,1
RA-31,10.0,9.5,9.4,8.0,10.0,5.0,8.843,6,Topázio,17.0,Feminino,Sim,,,2022,Privada,1,0.0,1
RA-31,,,,,,10.0,,FASE 8,,18.0,Feminino,,,,2023,Privada,0,0.0,0
RA-31,,0.0,,,,10.0,,8E,,19.0,Feminino,,,ESPM,2024,Privada,0,0.0,0
RA-310,7.9,7.5,7.5,4.5,6.0,5.0,6.4,3,,15.0,Feminino,Não,,,2022,Privada,1,0.0,1
RA-311,7.9,5.6,5.0,5.2,6.222,2.5,5.652,3,,16.0,Feminino,Não,,,2022,Privada,1,0.0,1
RA-312,9.6,8.1,7.5,5.2,6.167,10.0,7.339,3,,13.0,Feminino,Não,,,2022,Privada,0,0.0,1
RA-313,7.5,7.0,5.0,4.1,5.889,5.0,5.8,3,,14.0,Feminino,Não,,,2022,Privada,1,0.0,1
RA-313,9.2,8.7,2.52,3.9,7.75,10.0,7.011091667,FASE 4,Ametista,14.0,Feminino,,7.65625,,2023,Privada,0,-0.19999999999999973,0
RA-313,8.751,9.666666666666666,5.63,4.833333333333333,8.1675,5.0,7.2528500000000005,4L,Ametista,15.0,Feminino,,7.8125,EE Donizetti Aparecido Leite Professor,2024,Pública,1,0.9333333333333331,0
RA-314,5.4,5.4,5.0,5.3,6.0,10.0,6.1,3,,13.0,Feminino,Não,,,2022,Privada,0,0.0,1
RA-315,6.7,5.1,7.5,3.0,5.056,10.0,5.672,3,,13.0,Feminino,Não,,,2022,Privada,0,0.0,1
RA-315,0.0,6.8,5.0,6.3,7.8375,5.0,5.977708333,FASE 3,Quartzo,,Feminino,,7.96875,,2023,Privada,1,3.3,0
RA-315,0.0,5.918518518666667,7.51,6.833333333333333,7.6275,5.0,6.0768703704,4M,Agata,15.0,Feminino,,7.5,EE Donizetti Aparecido Leite Professor,2024,Pública,1,0.5333333333333332,0
RA-316,10.0,10.0,6.9,6.1,8.389,5.0,7.889,3,,14.0,Feminino,Sim,,,2022,Privada,1,0.0,1
RA-316,10.0,9.5,7.52,5.7,8.96,10.0,8.436908333,FASE 4,Topázio,14.0,Feminino,,8.59375,,2023,Privada,0,-0.39999999999999947,0
RA-316,9.168,10.0,7.51,8.0,8.3775,10.0,8.708925,5M,Topázio,15.0,Feminino,,7.65625,Colégio Arco Íris Evolução,2024,Privada,0,2.3,0
RA-317,8.8,5.6,7.5,6.8,5.944,10.0,7.04,3,,13.0,Masculino,Não,,,2022,Privada,0,0.0,1
RA-318,8.3,6.9,6.9,5.8,6.111,5.0,6.527,3,Ágata,14.0,Feminino,Não,,,2022,Privada,1,0.0,1
RA-318,7.9,8.1,6.26,4.9,7.71,5.0,6.856575,FASE 4,Agata,15.0,Feminino,,7.96875,,2023,Privada,1,-0.8999999999999995,0
RA-318,7.917,9.129629629666667,7.51,4.666666666666667,7.443333333,5.0,7.025000925866668,5L,Ametista,16.0,Feminino,,7.34375,EE Donizetti Aparecido Leite Professor,2024,Pública,1,-0.2333333333333334,0
RA-319,9.2,7.7,7.5,5.2,7.5,10.0,7.448,3,,13.0,Masculino,Não,,,2022,Privada,0,0.0,1
RA-319,9.6,9.2,5.0,7.2,8.88,10.0,8.367208333,FASE 4,Topázio,,Masculino,,8.59375,,2023,Privada,0,2.0,0
RA-319,9.585,9.024122807,7.51,5.833333333333333,7.666666667,10.0,7.948699561466667,5L,Ametista,15.0,Masculino,,7.34375,EE Donizetti Aparecido Leite Professor,2024,Pública,0,-1.3666666666666671,0
RA-32,8.8,5.2,8.8,6.1,7.944,10.0,7.37,6,Ametista,16.0,Feminino,Não,,,2022,Privada,0,0.0,1
RA-32,0.0,8.2,3.77,7.9,6.8775,10.0,6.716666667,FASE 7,Agata,,Feminino,,7.375,,2023,Privada,0,1.8000000000000007,0
RA-320,8.8,10.0,6.9,6.4,8.667,5.0,7.897,3,,14.0,Feminino,Sim,,,2022,Privada,1,0.0,1
RA-320,9.2,9.9,7.52,5.5,8.96,10.0,8.393508333,FASE 4,Topázio,14.0,Feminino,,8.59375,,2023,Privada,0,-0.9000000000000004,0
RA-320,9.168,10.0,7.51,6.666666666666667,8.3775,10.0,8.442258333333335,5M,Topázio,15.0,Feminino,,7.65625,Colégio Arco Íris Evolução,2024,Privada,0,1.166666666666667,0
RA-321,9.2,9.1,5.6,5.2,8.278,10.0,7.792,3,,12.0,Feminino,Não,,,2022,Privada,0,0.0,1
RA-321,8.3,9.4,2.52,6.2,8.42,10.0,7.695233333,FASE 4,Ametista,13.0,Feminino,,8.125,,2023,Privada,0,1.0,0
RA-321,7.917,9.534706331,6.26,7.166666666666667,7.776666667,10.0,8.125807932933334,5N,Topázio,14.0,Feminino,,8.125,EE Donizetti Aparecido Leite Professor,2024,Pública,0,0.9666666666666668,0
RA-322,7.1,8.1,5.0,4.7,6.778,10.0,6.859,3,,13.0,Feminino,Não,,,2022,Privada,0,0.0,1
RA-322,6.7,8.3,2.52,5.3,8.045,10.0,7.037808333,FASE 4,Ametista,14.0,Feminino,,7.96875,,2023,Privada,0,0.5999999999999996,0
RA-323,9.2,7.3,7.5,3.4,6.611,10.0,6.86,3,,13.0,Masculino,Não,,,2022,Privada,0,0.0,1
RA-324,10.0,9.3,6.9,6.8,8.611,10.0,8.27,2,,10.0,Feminino,Sim,,,2022,Privada,0,0.0,1
RA-324,5.8,9.0,2.52,8.4,7.5875,10.0,7.6354,FASE 2,Ametista,,Feminino,,8.125,,2023,Privada,0,1.6000000000000005,0
RA-325,9.5,6.8,7.5,6.0,8.444,10.0,7.619,2,,10.0,Masculino,Sim,,,2022,Privada,0,0.0,1
RA-325,0.0,7.1,5.0,5.6,7.0025,10.0,6.243,FASE 2,Agata,11.0,Masculino,,8.125,,2023,Privada,0,-0.40000000000000036,0
RA-325,9.168,9.866666666666667,7.51,7.0,7.553333333,10.0,8.385133333233336,3C,Topázio,12.0,Masculino,,8.333333333,EE Paschoal Carlos Magno,2024,Pública,0,1.4000000000000004,0
RA-326,10.0,9.7,5.0,9.0,8.944,5.0,8.22,2,,12.0,Feminino,Sim,,,2022,Privada,1,0.0,1
RA-326,9.6,9.4,3.14,8.2,9.76,10.0,8.65075,FASE 3,Topázio,13.0,Feminino,,9.0625,,2023,Privada,0,-0.8000000000000007,0
RA-326,9.168,8.973112128333334,6.26,9.333333333333334,8.704,10.0,8.832389092333335,4A,Topázio,14.0,Feminino,,8.875,Recanto Betânia Centro Educacional,2024,Privada,0,1.1333333333333346,0
RA-327,8.5,8.8,7.5,2.8,7.333,10.0,6.986,2,,11.0,Masculino,Não,,,2022,Privada,0,0.0,1
RA-328,10.0,7.0,7.5,5.3,7.5,5.0,6.823,2,Ametista,12.0,Masculino,Não,,,2022,Privada,1,0.0,1
RA-329,7.4,6.9,4.4,5.0,5.778,10.0,6.313,2,Ametista,11.0,Masculino,Não,,,2022,Privada,0,0.0,1
RA-33,0.0,4.6,7.5,4.8,6.0,5.0,4.952,6,Ágata,17.0,Feminino,Não,,,2022,Privada,1,0.0,1
RA-330,9.5,8.8,7.5,2.5,7.056,5.0,6.446,2,Ágata,14.0,Feminino,Não,,,2022,Privada,1,0.0,1
RA-330,9.6,7.2,6.89,3.3,5.8275,5.0,6.084875,FASE 3,Agata,,Feminino,,6.71875,,2023,Privada,1,0.7999999999999998,0
RA-331,9.0,8.7,7.5,3.7,6.944,5.0,6.636,2,Ametista,12.0,Feminino,Não,,,2022,Privada,1,0.0,1
RA-331,9.6,8.6,2.52,5.2,6.7975,10.0,7.039791667,FASE 3,Ametista,13.0,Feminino,,7.03125,,2023,Privada,0,1.5,0
RA-331,8.751,7.735353535333334,8.755,3.5,5.62,5.0,6.231045707066668,3B,Agata,14.0,Feminino,,6.09375,EE Leonice de Aquino Oliveira,2024,Pública,1,-1.7000000000000002,0
RA-332,9.5,9.0,8.1,7.5,8.5,5.0,7.883,2,Ametista,13.0,Masculino,Sim,,,2022,Privada,1,0.0,1
RA-332,9.2,8.4,8.76,6.8,9.175,5.0,8.002591667,FASE 3,Topázio,,Masculino,,8.28125,,2023,Privada,1,-0.7000000000000002,0
RA-332,9.585,7.605358505000001,9.38,7.0,8.706,10.0,8.421271701,4A,Topázio,15.0,Masculino,,8.625,Colégio Arco Íris Evolução,2024,Privada,0,0.20000000000000018,0
RA-333,8.0,5.8,3.8,2.9,6.722,5.0,5.249,2,Ágata,14.0,Masculino,Não,,,2022,Privada,1,0.0,1
RA-334,6.9,9.2,4.4,8.0,8.722,10.0,7.961,2,Topázio,11.0,Feminino,Sim,,,2022,Privada,0,0.0,1
RA-335,9.5,9.4,7.5,7.4,6.833,10.0,7.902,2,,10.0,Masculino,Não,,,2022,Privada,0,0.0,1
RA-336,9.5,8.5,4.4,5.1,7.889,5.0,6.787,2,Ametista,13.0,Masculino,Não,,,2022,Privada,1,0.0,1
RA-336,0.0,7.5,6.89,5.1,7.255,5.0,5.887708333,FASE 3,Quartzo,14.0,Masculino,,7.34375,,2023,Privada,1,0.0,0
RA-336,7.5,5.512100409000001,6.26,5.833333333333333,7.196,10.0,6.834286748466667,4A,Agata,15.0,Masculino,,7.5,EE Mario Francisco de Amorim,2024,Pública,0,0.7333333333333334,0
RA-337,10.0,9.3,7.5,5.8,7.611,10.0,7.914,2,,11.0,Masculino,Não,,,2022,Privada,0,0.0,1
RA-338,8.5,7.3,7.5,5.8,7.611,5.0,6.837,2,Ametista,12.0,Masculino,Não,,,2022,Privada,1,0.0,1
RA-338,8.3,9.1,7.52,6.7,8.38,10.0,8.287441667,FASE 3,Topázio,,Masculino,,8.59375,,2023,Privada,0,0.9000000000000004,0
RA-338,9.168,7.441643324,7.51,6.833333333333333,8.8375,10.0,8.052795331466667,4B,Topázio,14.0,Masculino,,7.625,EE Leonice de Aquino Oliveira,2024,Pública,0,0.13333333333333286,0
RA-339,6.9,9.9,7.5,8.1,8.889,10.0,8.488,2,Topázio,11.0,Feminino,Sim,,,2022,Privada,0,0.0,1
RA-339,0.0,8.9,7.52,7.1,8.255,10.0,7.377583333,FASE 3,Ametista,,Feminino,,7.8125,,2023,Privada,0,-1.0,0
RA-339,7.5,7.155537064000001,5.635,8.166666666666666,7.668,10.0,7.711540746133334,4A,Ametista,13.0,Feminino,,8.0,EE Leonice de Aquino Oliveira,2024,Pública,0,1.0666666666666664,0
RA-34,9.6,4.8,8.1,3.8,7.278,5.0,6.259,6,Ametista,17.0,Masculino,Não,,,2022,Privada,1,0.0,1
RA-34,,,,,,10.0,,FASE 8,,,Masculino,,,,2023,Privada,0,0.0,0
RA-340,9.0,8.2,7.5,6.5,7.667,10.0,7.721,2,Ametista,11.0,Masculino,Não,,,2022,Privada,0,0.0,1
RA-340,0.0,9.6,2.52,8.9,8.505,5.0,7.059666667,FASE 2,Ametista,,Masculino,,9.166666667,,2023,Privada,1,2.4000000000000004,0
RA-340,7.917,6.585769980666666,7.51,5.166666666666667,5.83,10.0,6.715437329466668,3D,Agata,13.0,Masculino,,6.5625,EE Alexandre Rodrigues Nogueira,2024,Pública,0,-3.7333333333333334,0
RA-341,8.0,7.7,7.5,5.8,7.5,5.0,6.854,2,,12.0,Masculino,Não,,,2022,Privada,1,0.0,1
RA-342,9.0,6.7,7.5,6.6,7.5,5.0,6.941,2,,14.0,Feminino,Não,,,2022,Privada,1,0.0,1
RA-342,7.5,8.6,7.52,6.6,8.505,5.0,7.539875,FASE 3,Ametista,15.0,Feminino,,7.96875,,2023,Privada,1,0.0,0
RA-342,8.751,7.728174603333334,6.26,4.5,7.723333333,5.0,6.757026587266667,4C,Agata,16.0,Feminino,,7.65625,EE Mario Francisco de Amorim,2024,Pública,1,-2.0999999999999996,0
RA-343,9.5,7.4,7.5,5.9,7.167,5.0,6.9,2,Ametista,14.0,Masculino,Não,,,2022,Privada,1,0.0,1
RA-343,9.2,7.2,6.26,5.7,6.9225,5.0,6.779591667,FASE 3,Agata,,Masculino,,7.65625,,2023,Privada,1,-0.20000000000000018,0
RA-344,8.5,8.3,7.5,4.5,7.5,10.0,7.263,2,Topázio,11.0,Masculino,Não,,,2022,Privada,0,0.0,1
RA-345,9.5,5.4,5.6,3.6,6.667,5.0,5.75,2,,13.0,Masculino,Não,,,2022,Privada,1,0.0,1
RA-345,8.8,6.8,6.26,4.6,7.1725,5.0,6.534766667,FASE 3,Agata,,Masculino,,8.125,,2023,Privada,1,0.9999999999999996,0
RA-346,10.0,9.1,7.5,7.0,7.889,10.0,8.143,2,,10.0,Masculino,Não,,,2022,Privada,0,0.0,1
RA-346,0.0,9.4,8.14,6.2,7.84,10.0,7.305541667,FASE 3,Ametista,,Masculino,,7.96875,,2023,Privada,0,-0.7999999999999998,0
RA-346,10.002,9.149206349333333,2.51,6.166666666666667,8.2525,10.0,7.761749603200001,3A,Ametista,12.0,Masculino,,7.96875,Rede Decisão - Unidade União,2024,Privada,0,-0.033333333333333215,0
RA-347,9.0,10.0,5.6,8.5,8.0,5.0,7.908,2,Topázio,12.0,Feminino,Não,,,2022,Privada,1,0.0,1
RA-347,6.7,9.5,2.52,7.3,7.7925,10.0,7.61835,FASE 3,Ametista,13.0,Feminino,,7.8125,,2023,Privada,0,-1.2000000000000002,0
RA-347,8.751,9.673046251999999,6.885,7.666666666666667,7.766,10.0,8.384742583733333,4A,Topázio,14.0,Feminino,,8.0,EE Leonice de Aquino Oliveira,2024,Pública,0,0.36666666666666714,0
RA-348,9.0,8.7,7.5,1.8,5.833,5.0,5.864,2,,12.0,Masculino,Não,,,2022,Privada,1,0.0,1
RA-348,10.0,8.7,2.52,4.4,8.0075,5.0,6.817866667,FASE 2,Agata,,Masculino,,8.541666667,,2023,Privada,1,2.6000000000000005,0
RA-349,9.5,7.7,7.5,3.7,3.944,5.0,5.658,2,,12.0,Masculino,Não,,,2022,Privada,1,0.0,1
RA-35,10.0,9.6,9.4,8.5,10.0,5.0,8.965,6,Ametista,17.0,Feminino,Sim,,,2022,Privada,1,0.0,1
RA-35,,,,,,10.0,,FASE 8,,18.0,Feminino,,,,2023,Privada,0,0.0,0
RA-35,,0.0,,,,10.0,,8E,,19.0,Feminino,,,ESPM,2024,Privada,0,0.0,0
RA-350,10.0,8.8,7.5,6.5,8.611,10.0,8.206,2,,11.0,Feminino,Sim,,,2022,Privada,0,0.0,1
RA-350,10.0,9.7,2.52,9.0,7.92,5.0,7.972033333,FASE 2,Ametista,,Feminino,,8.958333333,,2023,Privada,1,2.5,0
RA-351,9.0,7.2,7.5,4.0,8.111,5.0,6.622,2,,14.0,Masculino,Não,,,2022,Privada,1,0.0,1
RA-352,9.0,8.1,5.6,7.0,8.389,10.0,7.834,2,Ametista,11.0,Masculino,Sim,,,2022,Privada,0,0.0,1
RA-352,9.2,8.1,6.26,7.2,7.17,10.0,7.840341667,FASE 3,Ametista,12.0,Masculino,,7.96875,,2023,Privada,0,0.20000000000000018,0
RA-352,8.334,4.453748006333333,6.26,3.1666666666666665,6.7925,10.0,5.9794829346,4B,Quartzo,13.0,Masculino,,6.375,EE Loris Nassif Mattar Profa,2024,Pública,0,-4.033333333333333,0
RA-353,7.0,10.0,7.5,7.5,8.444,10.0,8.264,2,,11.0,Feminino,Sim,,,2022,Privada,0,0.0,1
RA-353,8.8,9.9,2.52,8.4,8.67,10.0,8.309016667,FASE 3,Topázio,12.0,Feminino,,7.8125,,2023,Privada,0,0.9000000000000004,0
RA-354,8.5,4.3,7.5,4.5,7.333,5.0,5.858,2,Ametista,13.0,Feminino,Não,,,2022,Privada,1,0.0,1
RA-355,5.8,5.0,7.5,4.5,6.056,5.0,5.379,2,Ametista,12.0,Feminino,Não,,,2022,Privada,1,0.0,1
RA-356,10.0,8.4,5.0,4.6,8.278,5.0,6.69,2,Topázio,12.0,Masculino,Não,,,2022,Privada,1,0.0,1
RA-356,9.2,8.5,2.52,3.4,6.5025,10.0,6.452008333,FASE 3,Agata,,Masculino,,6.09375,,2023,Privada,0,-1.1999999999999997,0
RA-356,8.334,6.656346749333334,5.635,5.333333333333333,6.5375,10.0,6.627336016533334,4B,Agata,14.0,Masculino,,5.25,EE Alexandre Rodrigues Nogueira,2024,Pública,0,1.9333333333333331,0
RA-357,8.0,9.6,7.5,8.5,7.778,5.0,7.836,2,,12.0,Masculino,Não,,,2022,Privada,1,0.0,1
RA-357,8.5,9.6,7.52,8.7,8.23,5.0,8.2832,FASE 2,Topázio,13.0,Masculino,,8.75,,2023,Privada,1,0.1999999999999993,0
RA-357,8.751,9.028180354333333,8.135,7.666666666666667,7.0825,5.0,7.731569404200001,3I,Ametista,14.0,Masculino,,7.875,EE Joaquim Mendes Feliz,2024,Pública,1,-1.0333333333333323,0
RA-358,7.5,6.5,7.5,0.0,7.556,5.0,5.412,2,,13.0,Masculino,Não,,,2022,Privada,1,0.0,1
RA-359,9.0,7.0,7.5,4.6,7.5,5.0,6.606,2,Ametista,12.0,Feminino,Não,,,2022,Privada,1,0.0,1
RA-359,9.6,9.2,2.52,5.8,8.255,10.0,7.627125,FASE 3,Ametista,13.0,Feminino,,7.65625,,2023,Privada,0,1.2000000000000002,0
RA-359,9.168,7.162698412666667,6.26,5.5,8.333333333,10.0,7.492006349133335,4C,Ametista,14.0,Feminino,,7.5,EE Joaquim Mendes Feliz,2024,Pública,0,-0.2999999999999998,0
RA-36,9.2,9.0,6.9,6.8,8.944,5.0,7.876,6,Topázio,17.0,Feminino,Sim,,,2022,Privada,1,0.0,1
RA-36,,,,,,10.0,,FASE 8,,18.0,Feminino,,,,2023,Privada,0,0.0,0
RA-36,,0.0,,,,10.0,,8E,,19.0,Feminino,,,Universidade Santo Amaro (UNISA),2024,Privada,0,0.0,0
RA-360,9.5,8.5,7.5,5.2,7.5,5.0,7.075,2,Ametista,12.0,Feminino,Não,,,2022,Privada,1,0.0,1
RA-360,0.0,7.3,2.52,4.3,7.4225,10.0,5.790875,FASE 3,Quartzo,13.0,Feminino,,7.34375,,2023,Privada,0,-0.9000000000000004,0
RA-360,8.334,5.618045113,5.0,5.833333333333333,6.993333333,5.0,6.293175689166667,3C,Agata,14.0,Feminino,,7.708333333,EE Paschoal Carlos Magno,2024,Pública,1,1.5333333333333332,0
RA-361,7.9,9.2,6.3,5.0,6.778,5.0,6.731,2,,13.0,Feminino,Não,,,2022,Privada,1,0.0,1
RA-362,8.5,7.9,7.5,7.9,7.5,5.0,7.413,2,Ágata,12.0,Feminino,Não,,,2022,Privada,1,0.0,1
RA-362,0.0,7.5,7.52,5.1,7.0875,10.0,6.392625,FASE 3,Agata,13.0,Feminino,,7.03125,,2023,Privada,0,-2.8000000000000007,0
RA-363,10.0,10.0,6.9,2.0,7.056,5.0,6.644,2,,12.0,Masculino,Não,,,2022,Privada,1,0.0,1
RA-363,0.0,9.9,2.52,6.8,8.673333333,5.0,6.680833333,FASE 2,Agata,13.0,Masculino,,8.541666667,,2023,Privada,1,4.8,0
RA-363,9.585,9.523809524,5.625,5.333333333333333,6.955,10.0,7.617803571466666,3D,Ametista,14.0,Masculino,,7.34375,Colégio Nogueira e Sonho de Criança,2024,Privada,0,-1.4666666666666668,0
RA-364,9.5,10.0,7.5,8.8,8.167,10.0,8.75,2,Ametista,11.0,Masculino,Não,,,2022,Privada,0,0.0,1
RA-364,8.8,9.0,6.89,5.8,7.505,10.0,7.734891667,FASE 3,Ametista,,Masculino,,7.03125,,2023,Privada,0,-3.000000000000001,0
RA-364,8.751,9.526143791,7.51,7.5,7.2075,10.0,8.2697037582,3G,Topázio,13.0,Masculino,,7.96875,EE Leonice de Aquino Oliveira,2024,Pública,0,1.7000000000000002,0
RA-365,8.0,10.0,5.0,7.8,7.833,10.0,8.063,2,,10.0,Feminino,Não,,,2022,Privada,0,0.0,1
RA-365,10.0,9.9,2.52,8.7,8.953333333,10.0,8.6587,FASE 2,Topázio,10.0,Feminino,,8.958333333,,2023,Privada,0,0.8999999999999995,0
RA-365,9.585,10.0,7.51,6.666666666666667,8.202,10.0,8.526983333333334,3H,Topázio,11.0,Feminino,,8.4375,EE Loris Nassif Mattar Profa,2024,Pública,0,-2.0333333333333323,0
RA-366,9.5,9.4,7.5,5.5,6.833,5.0,7.181,2,,12.0,Masculino,Não,,,2022,Privada,1,0.0,1
RA-367,8.5,7.4,6.3,6.7,7.5,5.0,6.95,2,Topázio,12.0,Feminino,Não,,,2022,Privada,1,0.0,1
RA-367,8.8,8.7,2.52,5.9,7.7925,10.0,7.38685,FASE 3,Ametista,12.0,Feminino,,7.8125,,2023,Privada,0,-0.7999999999999998,0
RA-367,9.168,7.268170426,6.26,5.0,7.6275,10.0,7.209434085200001,4B,Ametista,13.0,Feminino,,6.875,EE Leonice de Aquino Oliveira,2024,Pública,0,-0.9000000000000004,0
RA-368,8.0,7.9,5.0,7.3,7.5,5.0,6.969,2,Ametista,13.0,Masculino,Não,,,2022,Privada,1,0.0,1
RA-368,0.0,7.7,2.52,6.7,7.34,5.0,5.796458333,FASE 3,Quartzo,,Masculino,,7.03125,,2023,Privada,1,-0.5999999999999996,0
RA-368,7.917,6.166666666666667,7.51,7.0,6.7025,5.0,6.782158333333333,3G,Agata,15.0,Masculino,,7.65625,EE João Ortiz Rodrigues,2024,Pública,1,0.2999999999999998,0
RA-369,9.0,6.9,7.5,4.8,6.889,10.0,6.973,2,,11.0,Masculino,Não,,,2022,Privada,0,0.0,1
RA-369,10.0,4.1,5.0,4.0,7.726666667,5.0,6.0197,FASE 2,Agata,,Masculino,,8.541666667,,2023,Privada,1,-0.7999999999999998,0
RA-369,8.751,4.908119658333334,7.51,1.6666666666666667,5.428,10.0,5.667282265,3H,Quartzo,13.0,Masculino,,6.40625,EE Leonice de Aquino Oliveira,2024,Pública,0,-2.333333333333333,0
RA-37,0.0,5.4,5.0,5.9,5.222,5.0,4.95,6,Ametista,17.0,Feminino,Não,,,2022,Privada,1,0.0,1
RA-370,8.5,8.2,5.0,7.2,7.611,5.0,7.066,2,Ametista,12.0,Feminino,Não,,,2022,Privada,1,0.0,1
RA-371,9.5,8.0,6.9,8.4,7.667,10.0,8.112,2,,10.0,Feminino,Não,,,2022,Privada,0,0.0,1
RA-372,8.5,5.5,6.9,7.8,7.389,10.0,7.304,2,,10.0,Masculino,Não,,,2022,Privada,0,0.0,1
RA-373,6.4,9.5,5.0,7.3,6.944,10.0,7.503,2,,11.0,Masculino,Não,,,2022,Privada,0,0.0,1
RA-373,0.0,9.7,2.52,8.4,7.84,5.0,6.805,FASE 2,Agata,,Masculino,,8.75,,2023,Privada,1,1.1000000000000005,0
RA-374,9.0,9.8,7.5,6.9,7.944,5.0,7.747,2,,12.0,Feminino,Não,,,2022,Privada,1,0.0,1
RA-374,8.8,8.3,5.63,5.4,7.9175,10.0,7.533891667,FASE 3,Ametista,13.0,Feminino,,7.65625,,2023,Privada,0,-1.5,0
RA-375,9.0,9.5,7.5,5.4,7.667,10.0,7.831,2,Topázio,11.0,Masculino,Não,,,2022,Privada,0,0.0,1
RA-375,0.0,9.9,5.0,7.9,8.283333333,5.0,7.070833333,FASE 2,Ametista,12.0,Masculino,,8.541666667,,2023,Privada,1,2.5,0
RA-375,9.585,9.443589743666667,7.51,6.833333333333333,6.432,10.0,7.970034615400001,3H,Ametista,13.0,Masculino,,7.1875,EE Leonice de Aquino Oliveira,2024,Pública,0,-1.0666666666666673,0
RA-376,9.0,9.0,7.5,4.3,7.5,5.0,6.957,2,Ametista,12.0,Feminino,Não,,,2022,Privada,1,0.0,1
RA-376,8.5,9.6,2.52,5.9,8.226666667,5.0,7.1392,FASE 2,Ametista,,Feminino,,7.916666667,,2023,Privada,1,1.6000000000000005,0
RA-376,10.002,8.287284610666667,2.51,2.8333333333333335,6.325,5.0,5.896573588800001,3G,Quartzo,14.0,Feminino,,6.5625,EE Leonice de Aquino Oliveira,2024,Pública,1,-3.066666666666667,0
RA-377,9.0,7.7,5.6,6.2,6.833,5.0,6.743,2,,12.0,Feminino,Não,,,2022,Privada,1,0.0,1
RA-377,9.6,7.6,5.0,4.8,7.6275,10.0,7.205041667,FASE 3,Ametista,13.0,Feminino,,7.34375,,2023,Privada,0,-1.4000000000000004,0
RA-377,9.168,7.698412698333333,7.51,5.166666666666667,7.634,10.0,7.480115873000001,4F,Ametista,14.0,Feminino,,7.125,EE João Ortiz Rodrigues,2024,Pública,0,0.36666666666666714,0
RA-378,9.0,6.8,5.6,8.1,7.889,5.0,7.203,2,,12.0,Masculino,Não,,,2022,Privada,1,0.0,1
RA-379,8.5,8.1,7.5,5.0,6.778,5.0,6.722,2,,13.0,Feminino,Não,,,2022,Privada,1,0.0,1
RA-38,9.2,8.9,7.5,8.6,9.833,5.0,8.523,6,Ametista,17.0,Feminino,Sim,,,2022,Privada,1,0.0,1
RA-38,9.6,9.7,7.52,7.7,8.8825,10.0,8.835333333,FASE 7,Topázio,17.0,Feminino,,8.75,,2023,Privada,0,-0.8999999999999995,0
RA-38,,0.0,,,,10.0,,8F,,18.0,Feminino,,,Universidade Santo Amaro (UNISA),2024,Privada,0,0.0,0
RA-380,7.9,4.4,5.0,2.5,4.833,5.0,4.556,2,Ametista,13.0,Masculino,Não,,,2022,Privada,1,0.0,1
RA-380,0.0,6.4,2.52,4.5,6.5425,5.0,4.912375,FASE 3,Quartzo,14.0,Masculino,,6.71875,,2023,Privada,1,2.0,0
RA-381,9.0,8.3,6.9,3.3,6.944,5.0,6.454,2,Ágata,13.0,Masculino,Não,,,2022,Privada,1,0.0,1
RA-381,0.0,8.4,6.89,3.9,6.84,5.0,5.758041667,FASE 3,Quartzo,,Masculino,,7.34375,,2023,Privada,1,0.6000000000000001,0
RA-381,8.334,6.133333333333333,7.51,3.6666666666666665,6.1225,5.0,5.940775,3G,Quartzo,15.0,Masculino,,6.71875,EE Alexandre Rodrigues Nogueira,2024,Pública,1,-0.2333333333333334,0
RA-382,9.0,7.7,6.3,5.4,7.333,5.0,6.777,2,Ametista,14.0,Masculino,Não,,,2022,Privada,1,0.0,1
RA-382,0.0,9.4,6.26,5.2,7.1725,5.0,6.223833333,FASE 3,Agata,15.0,Masculino,,7.5,,2023,Privada,1,-0.20000000000000018,0
RA-382,9.168,6.324561403666666,5.63,3.0,6.43,5.0,5.805712280733333,4F,Quartzo,16.0,Masculino,,6.75,EE Alexandre Rodrigues Nogueira,2024,Pública,1,-2.2,0
RA-383,9.0,9.6,7.5,8.1,7.778,10.0,8.4,2,Topázio,11.0,Masculino,Não,,,2022,Privada,0,0.0,1
RA-383,9.2,8.8,3.14,6.5,7.5,10.0,7.5408,FASE 3,Ametista,12.0,Masculino,,7.5,,2023,Privada,0,-1.5999999999999996,0
RA-383,9.168,8.600288600333334,7.51,5.833333333333333,8.47,10.0,8.036024386733335,4F,Topázio,13.0,Masculino,,7.875,EE João Ortiz Rodrigues,2024,Pública,0,-0.666666666666667,0
RA-384,9.0,8.4,6.3,8.1,8.0,5.0,7.558,2,Ametista,12.0,Feminino,Não,,,2022,Privada,1,0.0,1
RA-384,0.0,9.1,2.52,7.3,7.335,10.0,6.757958333,FASE 3,Agata,,Feminino,,7.65625,,2023,Privada,0,-0.7999999999999998,0
RA-384,7.5,8.607503607333333,7.51,7.5,7.936,10.0,8.072200721466668,4F,Topázio,14.0,Feminino,,7.625,EE João Ortiz Rodrigues,2024,Pública,0,0.20000000000000018,0
RA-385,7.4,7.5,5.0,4.9,6.5,5.0,6.083,2,,12.0,Feminino,Não,,,2022,Privada,1,0.0,1
RA-386,10.0,5.9,5.6,4.0,7.222,5.0,6.104,2,Ágata,13.0,Masculino,Não,,,2022,Privada,1,0.0,1
RA-386,9.2,7.0,2.52,3.3,6.6325,5.0,5.758425,FASE 3,Quartzo,,Masculino,,7.03125,,2023,Privada,1,-0.7000000000000002,0
RA-387,7.0,8.2,7.5,3.7,6.833,5.0,6.323,2,Ágata,13.0,Masculino,Não,,,2022,Privada,1,0.0,1
RA-387,0.0,6.8,2.52,3.0,7.0075,5.0,4.794333333,FASE 3,Quartzo,14.0,Masculino,,6.875,,2023,Privada,1,-0.7000000000000002,0
RA-387,7.5,7.166666666666667,7.51,4.333333333333333,5.9975,5.0,6.125500000000001,3G,Agata,15.0,Masculino,,6.25,EE Leonice de Aquino Oliveira,2024,Pública,1,1.333333333333333,0
RA-388,7.9,8.5,5.6,4.5,7.722,5.0,6.654,2,Ágata,14.0,Feminino,Não,,,2022,Privada,1,0.0,1
RA-388,0.0,7.4,5.63,4.2,7.835,5.0,5.630833333,FASE 3,Quartzo,15.0,Feminino,,6.875,,2023,Privada,1,-0.2999999999999998,0
RA-388,7.5,6.349206349,7.51,4.333333333333333,5.764,5.0,5.965307936466667,4F,Quartzo,16.0,Feminino,,6.75,EE Joaquim Mendes Feliz,2024,Pública,1,0.13333333333333286,0
RA-389,8.0,8.9,7.5,3.5,7.556,10.0,7.184,2,Ametista,11.0,Masculino,Não,,,2022,Privada,0,0.0,1
RA-389,0.0,8.2,2.52,8.2,8.95,5.0,6.687,FASE 2,Agata,,Masculino,,8.75,,2023,Privada,1,4.699999999999999,0
RA-389,9.585,6.674358974333333,8.76,5.166666666666667,6.745,10.0,7.2079551282,3G,Ametista,13.0,Masculino,,6.5625,EE João Ortiz Rodrigues,2024,Pública,0,-3.0333333333333323,0
RA-39,0.0,4.8,6.9,6.9,6.111,10.0,6.033,6,Ametista,16.0,Feminino,Não,,,2022,Privada,0,0.0,1
RA-39,9.6,9.1,7.52,7.8,8.7575,10.0,8.710333333,FASE 7,Topázio,17.0,Feminino,,8.75,,2023,Privada,0,0.8999999999999995,0
RA-39,,0.0,,,,10.0,,8F,,18.0,Feminino,,,Universidade Santo Amaro (UNISA),2024,Privada,0,0.0,0
RA-390,7.4,8.8,6.3,4.7,7.722,5.0,6.776,2,,12.0,Feminino,Não,,,2022,Privada,1,0.0,1
RA-390,7.9,8.8,2.52,4.8,7.005,10.0,6.905741667,FASE 3,Agata,,Feminino,,7.34375,,2023,Privada,0,0.09999999999999964,0
RA-390,7.5,6.080701754333333,8.755,4.166666666666667,6.08,10.0,6.5472236842000004,3G,Agata,13.0,Feminino,,6.5625,EE João Ortiz Rodrigues,2024,Pública,0,-0.6333333333333329,0
RA-391,10.0,8.1,7.5,5.1,8.056,5.0,7.117,2,,12.0,Feminino,Não,,,2022,Privada,1,0.0,1
RA-391,7.9,7.5,2.52,3.5,7.585,10.0,6.5107,FASE 3,Agata,,Feminino,,7.5,,2023,Privada,0,-1.5999999999999996,0
RA-392,9.5,8.8,5.6,4.8,6.778,5.0,6.418,2,,14.0,Masculino,Não,,,2022,Privada,1,0.0,1
RA-392,9.6,9.5,2.52,4.6,7.17,5.0,6.567208333,FASE 3,Agata,15.0,Masculino,,6.09375,,2023,Privada,1,-0.20000000000000018,0
RA-392,9.585,5.414731682,5.635,1.0,3.545,5.0,4.3639463364,4B,Quartzo,16.0,Masculino,,3.5,EE Alexandre Rodrigues Nogueira,2024,Pública,1,-3.5999999999999996,0
RA-393,10.0,5.4,5.0,4.6,6.778,2.5,5.518,2,Ágata,16.0,Feminino,Não,,,2022,Privada,1,0.0,1
RA-394,9.5,8.6,7.5,5.9,8.444,10.0,7.897,2,,11.0,Feminino,Sim,,,2022,Privada,0,0.0,1
RA-395,9.0,8.9,7.5,4.9,8.333,10.0,7.683,2,Ametista,11.0,Feminino,Não,,,2022,Privada,0,0.0,1
RA-395,9.2,8.6,2.52,6.0,7.9175,10.0,7.469175,FASE 3,Ametista,12.0,Feminino,,7.96875,,2023,Privada,0,1.0999999999999996,0
RA-395,8.751,6.921693121666666,6.26,4.333333333333333,8.464,10.0,7.169905291000001,4F,Ametista,13.0,Feminino,,7.25,EE Olivia de Faria Nogueira,2024,Pública,0,-1.666666666666667,0
RA-396,9.0,8.0,6.3,5.6,6.556,5.0,6.556,2,,12.0,Masculino,Não,,,2022,Privada,1,0.0,1
RA-397,9.0,5.7,6.9,2.8,7.167,5.0,5.852,2,Quartzo,14.0,Feminino,Não,,,2022,Privada,1,0.0,1
RA-397,7.5,7.9,2.52,4.6,7.465,5.0,6.207083333,FASE 4,Agata,15.0,Feminino,,7.1875,,2023,Privada,1,1.7999999999999998,0
RA-397,7.918,7.885292942666666,5.63,5.666666666666667,7.398,5.0,6.807291921866668,4A,Agata,16.0,Feminino,,7.625,EE Paschoal Carlos Magno,2024,Pública,1,1.0666666666666673,0
RA-398,9.0,9.3,7.5,5.5,7.5,10.0,7.742,2,,10.0,Feminino,Não,,,2022,Privada,0,0.0,1
RA-398,6.7,8.1,2.52,6.5,7.7925,10.0,7.153766667,FASE 3,Ametista,,Feminino,,7.5,,2023,Privada,0,1.0,0
RA-398,7.083,5.733333333333333,7.51,8.0,6.553333333,10.0,7.2457999999666685,3U,Ametista,12.0,Feminino,,7.291666667,EE Donizetti Aparecido Leite Professor,2024,Pública,0,1.5,0
RA-399,6.8,9.3,5.6,4.3,7.5,5.0,6.58,2,,12.0,Feminino,Não,,,2022,Privada,1,0.0,1
RA-399,7.9,8.2,2.52,4.7,8.165,10.0,7.000033333,FASE 3,Ametista,,Feminino,,7.5,,2023,Privada,0,0.40000000000000036,0
RA-4,8.8,4.5,5.6,5.0,5.278,10.0,5.951,7,Ametista,17.0,Masculino,Não,,,2022,Privada,0,0.0,1
RA-40,7.9,7.8,7.5,6.8,7.75,5.0,7.203,5,Ametista,16.0,Feminino,Não,,,2022,Privada,1,0.0,1
RA-40,7.5,8.2,7.52,5.9,7.755,5.0,7.169975,FASE 6,Ametista,17.0,Feminino,,7.96875,,2023,Privada,1,-0.8999999999999995,0
RA-40,7.083,7.211257310000001,8.13,5.333333333333333,6.276666667,10.0,7.098051462066667,7A,Ametista,18.0,Feminino,,8.125,Colégio Arco Íris Evolução,2024,Privada,0,-0.5666666666666673,0
RA-400,9.0,8.5,5.0,1.7,7.444,5.0,6.042,2,Ágata,14.0,Masculino,Não,,,2022,Privada,1,0.0,1
RA-400,9.2,9.0,2.52,4.1,7.375,5.0,6.529425,FASE 3,Agata,,Masculino,,7.65625,,2023,Privada,1,2.3999999999999995,0
RA-401,6.9,9.6,7.5,4.3,6.722,5.0,6.645,2,,12.0,Feminino,Não,,,2022,Privada,1,0.0,1
RA-401,4.0,8.1,2.52,7.3,7.116666667,5.0,6.363666667,FASE 2,Agata,12.0,Feminino,,7.083333333,,2023,Privada,1,3.0,0
RA-401,6.666,6.839473684333334,6.885,4.833333333333333,6.915,10.0,6.728911403533334,3L,Agata,14.0,Feminino,,6.5625,EE Maria André Schunck Dona,2024,Pública,0,-2.466666666666667,0
RA-402,9.0,3.7,5.0,3.0,7.222,5.0,5.261,2,Ágata,12.0,Feminino,Não,,,2022,Privada,1,0.0,1
RA-402,9.2,7.3,2.52,4.2,6.88,10.0,6.632716667,FASE 3,Agata,13.0,Feminino,,7.8125,,2023,Privada,0,1.2000000000000002,0
RA-402,7.5,3.074074074,6.26,4.166666666666667,6.1175,10.0,5.683064814833333,4M,Quartzo,14.0,Feminino,,6.354166667,EE Donizetti Aparecido Leite Professor,2024,Pública,0,-0.033333333333333215,0
RA-403,9.5,9.3,7.5,6.3,7.5,5.0,7.455,2,Ametista,12.0,Masculino,Não,,,2022,Privada,1,0.0,1
RA-403,8.5,8.8,6.27,7.8,8.45,5.0,7.716366667,FASE 2,Ametista,,Masculino,,7.291666667,,2023,Privada,1,1.5,0
RA-403,8.751,7.361111111,7.51,7.666666666666667,7.613333333,10.0,8.008488888833334,3K,Topázio,14.0,Masculino,,8.541666667,EE Maria André Schunck Dona,2024,Pública,0,-0.13333333333333286,0
RA-404,9.0,7.3,7.5,5.3,6.944,5.0,6.658,2,Ametista,12.0,Feminino,Não,,,2022,Privada,1,0.0,1
RA-404,7.9,8.3,5.02,6.0,6.89,5.0,6.7093,FASE 2,Agata,,Feminino,,6.875,,2023,Privada,1,0.7000000000000002,0
RA-404,8.334,6.286274509666666,2.51,5.666666666666667,6.998,10.0,6.624588235266668,3M,Agata,14.0,Feminino,,7.5,EM Cecilia Cristina de Oliveira Rodrigues,2024,Privada,0,-0.33333333333333304,0
RA-405,9.5,6.2,5.0,3.3,6.0,5.0,5.661,2,Quartzo,13.0,Masculino,Não,,,2022,Privada,1,0.0,1
RA-406,9.5,9.5,7.5,6.6,7.333,5.0,7.496,2,Ametista,13.0,Feminino,Não,,,2022,Privada,1,0.0,1
RA-407,8.5,9.3,7.5,6.0,7.056,5.0,7.195,2,,13.0,Masculino,Não,,,2022,Privada,1,0.0,1
RA-407,9.6,8.6,7.52,7.3,7.5,5.0,7.665083333,FASE 3,Ametista,14.0,Masculino,,7.8125,,2023,Privada,1,1.2999999999999998,0
RA-407,8.334,7.614522417333333,6.26,3.6666666666666665,7.875,10.0,7.0875128168,4L,Ametista,15.0,Masculino,,7.96875,EE Maria André Schunck Dona,2024,Pública,0,-3.6333333333333333,0
RA-408,8.0,9.7,7.5,3.3,7.333,5.0,6.725,2,,12.0,Feminino,Não,,,2022,Privada,1,0.0,1
RA-408,7.9,8.5,3.77,6.8,8.45,5.0,7.242133333,FASE 2,Ametista,13.0,Feminino,,8.333333333,,2023,Privada,1,3.5,0
RA-408,7.5,4.981481481666667,7.51,4.833333333333333,6.776666667,10.0,6.5276296297,3K,Agata,14.0,Feminino,,7.083333333,EE Maria André Schunck Dona,2024,Pública,0,-1.9666666666666668,0
RA-409,7.9,9.7,7.5,7.8,7.5,10.0,8.15,2,,11.0,Feminino,Não,,,2022,Privada,0,0.0,1
RA-409,8.4,9.5,2.52,8.0,8.73,5.0,7.621466667,FASE 2,Ametista,,Feminino,,7.916666667,,2023,Privada,1,0.20000000000000018,0
RA-409,9.585,9.231481481333333,7.51,7.166666666666667,7.223333333,10.0,8.225462962900002,3K,Topázio,13.0,Feminino,,7.916666667,EE Maria André Schunck Dona,2024,Pública,0,-0.833333333333333,0
RA-41,9.2,6.1,5.0,5.6,4.375,5.0,5.581,5,Ágata,17.0,Masculino,Não,,,2022,Privada,1,0.0,1
RA-410,7.4,6.5,6.3,2.0,7.444,5.0,5.675,2,Quartzo,14.0,Masculino,Não,,,2022,Privada,1,0.0,1
RA-410,8.8,5.8,7.52,4.9,6.0425,5.0,6.140808333,FASE 3,Agata,,Masculino,,6.71875,,2023,Privada,1,2.9000000000000004,0
RA-411,6.4,8.6,7.5,7.1,7.833,5.0,7.232,2,Ametista,12.0,Feminino,Não,,,2022,Privada,1,0.0,1
RA-411,6.2,9.0,7.52,6.6,7.5425,10.0,7.779983333,FASE 3,Ametista,13.0,Feminino,,7.8125,,2023,Privada,0,-0.5,0
RA-411,7.083,9.148148147999999,5.635,4.833333333333333,7.4125,10.0,7.279762962966667,4M,Ametista,14.0,Feminino,,7.291666667,Rede Decisão - Unidade União,2024,Privada,0,-1.7666666666666666,0
RA-412,8.5,9.0,7.5,7.3,7.778,5.0,7.556,2,Ágata,12.0,Feminino,Não,,,2022,Privada,1,0.0,1
RA-412,8.8,8.9,2.52,6.2,7.585,10.0,7.373891667,FASE 3,Ametista,13.0,Feminino,,7.03125,,2023,Privada,0,-1.0999999999999996,0
RA-412,8.334,8.456140351,6.26,7.333333333333333,8.125,10.0,8.044378070166667,4M,Topázio,14.0,Feminino,,8.020833333,EE Maria André Schunck Dona,2024,Pública,0,1.1333333333333329,0
RA-413,6.4,8.7,5.6,4.7,7.056,5.0,6.408,2,,12.0,Feminino,Não,,,2022,Privada,1,0.0,1
RA-413,7.9,8.9,2.52,6.3,7.503333333,5.0,6.803633333,FASE 2,Agata,13.0,Feminino,,7.291666667,,2023,Privada,1,1.5999999999999996,0
RA-414,8.0,9.3,7.5,5.9,7.667,5.0,7.284,2,,12.0,Feminino,Não,,,2022,Privada,1,0.0,1
RA-414,0.0,9.5,7.52,6.5,7.585,10.0,7.25025,FASE 3,Ametista,13.0,Feminino,,7.8125,,2023,Privada,0,0.5999999999999996,0
RA-414,7.917,8.429629629666666,7.51,6.0,5.67,10.0,7.187625925933334,3L,Ametista,14.0,Feminino,,6.25,EE Maria André Schunck Dona,2024,Pública,0,-0.5,0
RA-415,8.0,8.3,7.5,6.2,8.056,10.0,7.695,2,Topázio,11.0,Feminino,Não,,,2022,Privada,0,0.0,1
RA-415,7.1,8.2,7.52,3.7,7.8325,10.0,7.18805,FASE 3,Ametista,12.0,Feminino,,7.8125,,2023,Privada,0,-2.5,0
RA-416,9.5,9.3,8.8,7.2,8.222,5.0,7.913,2,Ametista,12.0,Masculino,Não,,,2022,Privada,1,0.0,1
RA-416,9.2,9.8,2.52,7.6,8.3375,10.0,8.144425,FASE 3,Topázio,13.0,Masculino,,8.28125,,2023,Privada,0,0.39999999999999947,0
RA-416,8.751,8.972709551666666,7.51,8.0,9.13,10.0,8.700808577033333,4M,Topázio,14.0,Masculino,,8.541666667,Colégio Arco Íris Evolução,2024,Privada,0,0.40000000000000036,0
RA-417,10.0,10.0,7.5,8.0,9.556,5.0,8.428,2,,13.0,Feminino,Sim,,,2022,Privada,1,0.0,1
RA-417,5.4,9.7,7.52,7.8,8.2125,10.0,8.257658333,FASE 3,Topázio,,Feminino,,8.28125,,2023,Privada,0,-0.20000000000000018,0
RA-417,8.334,8.401559454333333,7.51,8.833333333333334,8.2925,10.0,8.533628557533333,4L,Topázio,14.0,Feminino,,8.4375,EE Neide Celestina de Oliveira Profa,2024,Pública,0,1.033333333333334,0
RA-418,8.0,9.4,7.5,7.5,8.222,10.0,8.175,2,Topázio,10.0,Feminino,Não,,,2022,Privada,0,0.0,1
RA-418,8.8,10.0,2.52,8.1,8.045,10.0,8.1686,FASE 3,Topázio,,Feminino,,8.125,,2023,Privada,0,0.5999999999999996,0
RA-418,8.751,10.0,7.51,9.333333333333334,9.0475,10.0,9.125183333366667,4M,Topázio,12.0,Feminino,,8.229166667,Colégio Arco Íris Evolução,2024,Privada,0,1.2333333333333343,0
RA-419,7.5,9.2,5.6,6.9,8.389,5.0,7.359,2,Ametista,12.0,Feminino,Sim,,,2022,Privada,1,0.0,1
RA-419,6.7,9.5,2.52,7.6,7.875,10.0,7.7261,FASE 3,Ametista,,Feminino,,8.125,,2023,Privada,0,0.6999999999999993,0
RA-419,7.083,9.382456140666667,6.26,8.166666666666666,8.5475,10.0,8.355707894766669,4M,Topázio,14.0,Feminino,,8.020833333,Colégio Arco Íris Evolução,2024,Privada,0,0.5666666666666664,0
RA-42,8.3,7.9,5.6,4.8,6.083,10.0,6.72,5,Topázio,15.0,Masculino,Não,,,2022,Privada,0,0.0,1
RA-42,8.8,8.6,5.63,5.7,6.6675,5.0,6.794516667,FASE 5,Agata,,Masculino,,6.5625,,2023,Privada,1,0.9000000000000004,0
RA-42,9.168,9.682539682666667,5.635,8.166666666666666,7.134,5.0,7.656628769866667,6A,Ametista,17.0,Masculino,,6.796875,EE Paschoal Carlos Magno,2024,Pública,1,2.466666666666666,0
RA-420,9.5,9.0,5.6,4.5,8.0,10.0,7.461,2,Topázio,11.0,Feminino,Não,,,2022,Privada,0,0.0,1
RA-420,8.3,9.3,2.52,5.3,7.96,10.0,7.356358333,FASE 3,Ametista,,Feminino,,7.65625,,2023,Privada,0,0.7999999999999998,0
RA-420,8.334,9.557894737,6.26,4.0,7.96,10.0,7.544228947400001,4M,Ametista,13.0,Feminino,,7.8125,Colégio Arco Íris Evolução,2024,Privada,0,-1.2999999999999998,0
RA-421,8.5,9.3,7.5,8.8,9.111,10.0,8.717,2,,11.0,Masculino,Sim,,,2022,Privada,0,0.0,1
RA-421,9.2,9.9,2.52,7.3,8.17,10.0,8.030716667,FASE 3,Topázio,,Masculino,,7.8125,,2023,Privada,0,-1.5000000000000009,0
RA-421,8.751,9.540744978333334,7.51,6.666666666666667,8.572,10.0,8.488232329,4N,Topázio,13.0,Masculino,,9.0625,Estuda em outra cidade,2024,Privada,0,-0.6333333333333329,0
RA-422,8.5,10.0,7.5,2.5,7.5,5.0,6.746,2,,12.0,Masculino,Não,,,2022,Privada,1,0.0,1
RA-422,0.0,7.8,7.52,4.4,6.106666667,5.0,5.57,FASE 2,Quartzo,,Masculino,,6.666666667,,2023,Privada,1,1.9000000000000004,0
RA-422,7.5,6.157407407333333,7.51,2.8333333333333335,5.5,5.0,5.544981481433334,3K,Quartzo,14.0,Masculino,,6.458333333,EE Maria André Schunck Dona,2024,Pública,1,-1.5666666666666669,0
RA-423,8.4,9.6,7.5,2.3,7.667,5.0,6.647,2,,12.0,Feminino,Não,,,2022,Privada,1,0.0,1
RA-423,8.0,8.7,6.89,3.4,7.45,5.0,6.607533333,FASE 2,Agata,13.0,Feminino,,7.083333333,,2023,Privada,1,1.1,0
RA-423,5.833,6.501135191,8.13,4.333333333333333,6.8275,10.0,6.616193704866666,3L,Agata,14.0,Feminino,,6.875,EE Maria André Schunck Dona,2024,Pública,0,0.9333333333333331,0
RA-424,9.0,10.0,7.5,7.5,8.222,5.0,7.94,2,,12.0,Feminino,Não,,,2022,Privada,1,0.0,1
RA-424,8.8,9.9,2.52,6.4,7.7925,10.0,7.72685,FASE 3,Ametista,,Feminino,,7.8125,,2023,Privada,0,-1.0999999999999996,0
RA-424,8.334,9.616228070333333,7.51,3.3333333333333335,7.1625,10.0,7.341187280733334,4L,Ametista,14.0,Feminino,,7.34375,EM Cecilia Cristina de Oliveira Rodrigues,2024,Privada,0,-3.066666666666667,0
RA-425,9.0,10.0,7.5,9.0,7.5,5.0,8.117,2,,12.0,Masculino,Não,,,2022,Privada,1,0.0,1
RA-425,9.2,9.9,2.52,7.5,8.3775,10.0,8.10555,FASE 3,Topázio,13.0,Masculino,,7.8125,,2023,Privada,0,-1.5,0
RA-425,10.002,10.0,6.26,9.0,8.8375,10.0,9.016616666700001,4M,Topázio,14.0,Masculino,,8.229166667,EE Maria André Schunck Dona,2024,Pública,0,1.5,0
RA-426,9.0,6.5,7.5,4.6,7.111,5.0,6.35,2,,14.0,Feminino,Não,,,2022,Privada,1,0.0,1
RA-426,5.4,7.6,5.0,5.0,7.5425,5.0,6.329158333,FASE 3,Agata,,Feminino,,7.65625,,2023,Privada,1,0.40000000000000036,0
RA-426,7.917,7.9050567596666665,4.38,4.833333333333333,8.0,5.0,6.6430030186,4L,Agata,15.0,Feminino,,7.65625,EE Donizetti Aparecido Leite Professor,2024,Pública,1,-0.16666666666666696,0
RA-427,8.0,8.5,7.5,2.5,6.778,5.0,6.245,2,,13.0,Masculino,Não,,,2022,Privada,1,0.0,1
RA-428,6.8,8.7,7.5,9.5,7.111,5.0,7.683,2,,13.0,Masculino,Não,,,2022,Privada,1,0.0,1
RA-428,8.3,9.5,2.52,7.2,8.0425,10.0,7.821816667,FASE 3,Ametista,,Masculino,,7.8125,,2023,Privada,0,-2.3,0
RA-428,9.168,8.898245614,5.635,5.0,7.625,10.0,7.534949122800001,4M,Ametista,14.0,Masculino,,7.5,EE Donizetti Aparecido Leite Professor,2024,Pública,0,-2.2,0
RA-429,10.0,5.3,7.5,2.7,6.611,5.0,5.811,2,Ametista,13.0,Masculino,Não,,,2022,Privada,1,0.0,1
RA-43,6.3,6.5,5.6,4.3,5.958,5.0,5.486,5,Ametista,16.0,Feminino,Não,,,2022,Privada,1,0.0,1
RA-43,7.9,6.7,5.63,5.0,7.5875,5.0,6.4622,FASE 6,Agata,17.0,Feminino,,7.5,,2023,Privada,1,0.7000000000000002,0
RA-430,9.5,8.6,7.5,8.5,6.611,5.0,7.585,2,,13.0,Masculino,Não,,,2022,Privada,1,0.0,1
RA-430,9.2,9.3,2.52,6.4,7.75,5.0,7.146716667,FASE 3,Ametista,14.0,Masculino,,7.8125,,2023,Privada,1,-2.0999999999999996,0
RA-431,9.0,8.1,7.5,4.5,6.778,10.0,7.175,2,,11.0,Masculino,Não,,,2022,Privada,0,0.0,1
RA-432,10.0,6.8,5.0,5.1,6.611,5.0,6.34,2,Quartzo,14.0,Feminino,Não,,,2022,Privada,1,0.0,1
RA-432,8.8,9.0,2.52,5.2,8.0425,5.0,6.850183333,FASE 3,Agata,,Feminino,,7.8125,,2023,Privada,1,0.10000000000000053,0
RA-432,7.501,10.0,6.26,5.5,7.2875,5.0,7.167975,4L,Ametista,16.0,Feminino,,7.34375,EE Donizetti Aparecido Leite Professor,2024,Pública,1,0.2999999999999998,0
RA-433,8.5,7.3,5.0,2.6,5.778,5.0,5.557,2,,12.0,Masculino,Não,,,2022,Privada,1,0.0,1
RA-433,8.5,7.2,7.52,4.8,7.613333333,5.0,6.5982,FASE 2,Agata,,Masculino,,5.833333333,,2023,Privada,1,2.1999999999999997,0
RA-433,7.918,8.380952381,8.13,4.833333333333333,6.415,10.0,7.218157142866668,3N,Ametista,14.0,Masculino,,6.875,EE Donizetti Aparecido Leite Professor,2024,Pública,0,0.033333333333333215,0
RA-434,9.0,8.1,7.5,5.7,6.778,10.0,7.403,2,,11.0,Masculino,Não,,,2022,Privada,0,0.0,1
RA-434,6.3,8.0,7.52,6.6,7.613333333,5.0,7.069766667,FASE 2,Ametista,12.0,Masculino,,7.5,,2023,Privada,1,0.8999999999999995,0
RA-434,7.084,5.061904762,7.51,5.5,6.55,10.0,6.610947619100001,3U,Agata,13.0,Masculino,,7.291666667,EE Donizetti Aparecido Leite Professor,2024,Pública,0,-1.0999999999999996,0
RA-435,7.9,6.2,7.5,4.7,6.444,10.0,6.599,2,,10.0,Feminino,Não,,,2022,Privada,0,0.0,1
RA-436,9.5,8.1,7.5,2.0,6.611,10.0,6.687,2,,11.0,Masculino,Não,,,2022,Privada,0,0.0,1
RA-436,7.5,4.7,2.52,3.4,7.613333333,5.0,5.322366667,FASE 2,Quartzo,12.0,Masculino,,6.875,,2023,Privada,1,1.4,0
RA-437,8.5,8.3,7.5,5.8,6.611,5.0,6.875,2,,13.0,Masculino,Não,,,2022,Privada,1,0.0,1
RA-437,8.0,8.4,7.52,4.7,7.78,5.0,6.947366667,FASE 2,Agata,,Masculino,,7.291666667,,2023,Privada,1,-1.0999999999999996,0
RA-438,8.0,8.7,7.5,7.3,6.889,10.0,7.764,2,,10.0,Masculino,Não,,,2022,Privada,0,0.0,1
RA-438,6.9,7.5,6.26,5.4,7.223333333,10.0,6.9883,FASE 2,Agata,,Masculino,,6.458333333,,2023,Privada,0,-1.8999999999999995,0
RA-438,9.168,8.6630434785,7.51,8.25,7.915,5.0,7.930283695700001,2K,Ametista,12.0,Masculino,,7.96875,EE Maria André Schunck Dona,2024,Pública,1,2.8499999999999996,0
RA-439,9.0,4.9,7.5,2.3,6.5,5.0,5.519,2,,12.0,Masculino,Não,,,2022,Privada,1,0.0,1
RA-44,5.0,5.9,7.5,3.0,7.292,5.0,5.542,5,,17.0,Feminino,Não,,,2022,Privada,1,0.0,1
RA-44,0.0,8.5,5.01,6.9,7.17,5.0,6.258333333,FASE 6,Agata,,Feminino,,7.5,,2023,Privada,1,3.9000000000000004,0
RA-440,9.5,9.0,6.9,5.5,5.833,10.0,7.329,2,,11.0,Masculino,Não,,,2022,Privada,0,0.0,1
RA-440,0.0,8.2,7.52,6.2,7.835,10.0,6.989208333,FASE 3,Agata,12.0,Masculino,,7.96875,,2023,Privada,0,0.7000000000000002,0
RA-441,9.0,7.9,7.5,8.0,8.333,10.0,8.188,2,Topázio,11.0,Feminino,Não,,,2022,Privada,0,0.0,1
RA-442,10.0,8.2,7.5,7.5,8.222,10.0,8.226,2,,11.0,Feminino,Não,,,2022,Privada,0,0.0,1
RA-442,0.0,7.6,7.52,5.8,8.1275,10.0,6.814166667,FASE 3,Agata,,Feminino,,7.5,,2023,Privada,0,-1.7000000000000002,0
RA-442,8.334,5.9151960783333335,5.635,5.0,7.8775,10.0,6.905439215666667,4M,Agata,13.0,Feminino,,7.5,EE Maria André Schunck Dona,2024,Pública,0,-0.7999999999999998,0
RA-443,9.0,9.1,7.5,5.6,8.5,5.0,7.482,2,Ametista,13.0,Feminino,Sim,,,2022,Privada,1,0.0,1
RA-443,7.1,7.5,2.52,7.6,8.125,5.0,6.895508333,FASE 3,Agata,14.0,Feminino,,7.96875,,2023,Privada,1,2.0,0
RA-444,9.0,7.2,5.0,3.1,7.778,10.0,6.665,2,Ágata,11.0,Masculino,Não,,,2022,Privada,0,0.0,1
RA-444,0.0,7.9,5.0,4.7,6.4575,10.0,5.958791667,FASE 3,Quartzo,11.0,Masculino,,6.40625,,2023,Privada,0,1.6,0
RA-444,8.334,6.377276524666667,2.51,3.6666666666666665,5.96,5.0,5.410188638266668,3P,Quartzo,14.0,Masculino,,6.25,EE Maria André Schunck Dona,2024,Pública,1,-1.0333333333333337,0
RA-445,9.0,9.4,7.5,3.8,7.5,5.0,6.924,2,,12.0,Masculino,Não,,,2022,Privada,1,0.0,1
RA-445,8.0,8.8,6.89,8.4,8.176666667,5.0,7.9087,FASE 2,Ametista,13.0,Masculino,,8.541666667,,2023,Privada,1,4.6000000000000005,0
RA-445,7.917,8.715873016,7.51,4.0,7.3725,10.0,7.3416246032,3P,Ametista,14.0,Masculino,,7.8125,EE Maria André Schunck Dona,2024,Pública,0,-4.4,0
RA-446,9.5,8.9,5.0,6.9,7.889,5.0,7.367,2,Ágata,13.0,Feminino,Não,,,2022,Privada,1,0.0,1
RA-447,0.0,7.0,7.5,3.5,5.556,10.0,5.607,2,,10.0,Feminino,Não,,,2022,Privada,0,0.0,1
RA-448,9.0,9.7,7.5,5.5,8.111,10.0,7.972,2,,11.0,Feminino,Não,,,2022,Privada,0,0.0,1
RA-449,0.0,6.0,7.5,7.0,8.111,5.0,6.143,2,,12.0,Feminino,Não,,,2022,Privada,1,0.0,1
RA-449,7.1,7.2,7.52,7.0,6.8425,10.0,7.396508333,FASE 3,Ametista,12.0,Feminino,,7.34375,,2023,Privada,0,0.0,0
RA-45,7.9,8.9,5.6,6.8,7.417,10.0,7.591,5,Ametista,15.0,Feminino,Não,,,2022,Privada,0,0.0,1
RA-45,7.1,9.6,6.26,7.9,8.1725,10.0,8.303591667,FASE 6,Topázio,,Feminino,,8.28125,,2023,Privada,0,1.1000000000000005,0
RA-45,7.5,9.619047619,9.38,8.0,8.283333333,10.0,8.743476190400001,7A,Topázio,17.0,Feminino,,8.75,Colégio Arco Íris Evolução,2024,Privada,0,0.09999999999999964,0
RA-450,10.0,9.1,7.5,7.5,8.111,5.0,7.843,2,,13.0,Masculino,Não,,,2022,Privada,1,0.0,1
RA-450,9.6,8.4,2.52,5.4,7.9175,5.0,6.819625,FASE 3,Agata,14.0,Masculino,,7.65625,,2023,Privada,1,-2.0999999999999996,0
RA-450,8.751,8.954191033333332,5.63,7.5,7.58,5.0,7.526188206666666,4L,Ametista,15.0,Masculino,,7.8125,EE Donizetti Aparecido Leite Professor,2024,Pública,1,2.0999999999999996,0
RA-451,9.0,6.0,6.3,6.1,6.889,5.0,6.434,2,Ametista,13.0,Feminino,Não,,,2022,Privada,1,0.0,1
RA-451,8.5,9.5,4.39,8.9,9.896666667,5.0,8.386033333,FASE 2,Topázio,14.0,Feminino,,9.375,,2023,Privada,1,2.8000000000000007,0
RA-452,9.0,5.6,7.5,4.8,7.167,5.0,6.287,2,,13.0,Feminino,Não,,,2022,Privada,1,0.0,1
RA-453,9.0,8.7,7.5,8.8,7.778,5.0,7.845,2,,13.0,Feminino,Não,,,2022,Privada,1,0.0,1
RA-454,9.5,8.6,5.0,2.3,5.444,5.0,5.561,2,Quartzo,14.0,Masculino,Não,,,2022,Privada,1,0.0,1
RA-454,0.0,7.5,5.0,2.6,5.54,5.0,4.603416667,FASE 3,Quartzo,15.0,Masculino,,4.6875,,2023,Privada,1,0.30000000000000027,0
RA-454,9.585,6.633138401666667,6.255,3.6666666666666665,5.833333333,5.0,5.8522943469666675,4R,Quartzo,17.0,Masculino,,5.416666667,EE Paschoal Carlos Magno,2024,Pública,1,1.0666666666666664,0
RA-455,7.0,7.9,7.5,6.3,7.278,5.0,6.876,2,,12.0,Feminino,Não,,,2022,Privada,1,0.0,1
RA-455,8.751,6.111111111,8.13,4.5,7.276666667,10.0,7.098988888900001,3U,Ametista,14.0,Feminino,,8.333333333,EE Donizetti Aparecido Leite Professor,2024,Pública,0,-1.7999999999999998,0
RA-456,6.4,8.2,6.3,7.3,8.389,5.0,7.193,2,,12.0,Feminino,Sim,,,2022,Privada,1,0.0,1
RA-456,0.0,8.3,4.39,9.9,9.953333333,5.0,7.518,FASE 2,Ametista,12.0,Feminino,,9.583333333,,2023,Privada,1,2.6000000000000005,0
RA-456,7.083,9.382456140333334,7.51,6.5,8.893333333,10.0,8.331124561366668,3R,Topázio,13.0,Feminino,,9.166666667,EE Donizetti Aparecido Leite Professor,2024,Pública,0,-3.4000000000000004,0
RA-457,8.0,8.8,7.5,8.5,7.667,5.0,7.68,2,,12.0,Feminino,Não,,,2022,Privada,1,0.0,1
RA-457,7.5,8.6,7.52,8.1,8.045,10.0,8.256833333,FASE 3,Topázio,13.0,Feminino,,8.125,,2023,Privada,0,-0.40000000000000036,0
RA-457,8.334,8.743961352333335,7.51,8.666666666666666,7.77,10.0,8.5892756038,4N,Topázio,14.0,Feminino,,9.6875,EE Donizetti Aparecido Leite Professor,2024,Pública,0,0.5666666666666664,0
RA-458,8.0,7.7,7.5,5.6,5.833,5.0,6.512,2,Ametista,13.0,Masculino,Não,,,2022,Privada,1,0.0,1
RA-458,9.6,6.9,7.52,3.8,6.2475,5.0,6.312083333,FASE 3,Agata,,Masculino,,7.1875,,2023,Privada,1,-1.7999999999999998,0
RA-458,8.751,3.7396825396666666,6.88,4.0,6.83,5.0,5.680161507933333,3P,Quartzo,15.0,Masculino,,7.03125,EE Maria André Schunck Dona,2024,Pública,1,0.20000000000000018,0
RA-459,7.0,9.1,8.1,7.3,7.222,5.0,7.28,2,Ametista,12.0,Masculino,Não,,,2022,Privada,1,0.0,1
RA-459,6.7,9.3,7.52,8.3,7.88,10.0,8.240016667,FASE 3,Topázio,13.0,Masculino,,7.1875,,2023,Privada,0,1.0000000000000009,0
RA-459,7.917,8.454106280333333,5.635,4.666666666666667,7.366,10.0,7.233804589400001,4N,Ametista,14.0,Masculino,,7.8125,EE Donizetti Aparecido Leite Professor,2024,Pública,0,-3.6333333333333337,0
RA-46,8.8,8.4,6.3,2.1,7.083,5.0,6.048,5,,17.0,Feminino,Não,,,2022,Privada,1,0.0,1
RA-46,7.1,7.4,2.52,4.4,6.6275,2.5,5.545383333,FASE 5,Quartzo,18.0,Feminino,,6.5625,,2023,Privada,1,2.3000000000000003,0
RA-460,6.8,8.1,7.5,3.3,5.056,5.0,5.711,2,,12.0,Masculino,Não,,,2022,Privada,1,0.0,1
RA-461,0.0,6.7,7.5,3.8,7.222,5.0,5.451,2,Ametista,12.0,Feminino,Não,,,2022,Privada,1,0.0,1
RA-461,7.3,7.9,3.77,7.4,8.616666667,5.0,7.2379,FASE 2,Ametista,12.0,Feminino,,8.541666667,,2023,Privada,1,3.6000000000000005,0
RA-461,8.751,9.182446312,7.51,4.5,7.056666667,10.0,7.5447559291,3R,Ametista,13.0,Feminino,,7.708333333,EE Donizetti Aparecido Leite Professor,2024,Pública,0,-2.9000000000000004,0
RA-462,10.0,8.5,7.5,3.6,6.778,5.0,6.626,2,,14.0,Masculino,Não,,,2022,Privada,1,0.0,1
RA-462,10.0,8.1,5.0,2.7,6.5825,5.0,6.2267,FASE 3,Agata,,Feminino,,7.5,,2023,Privada,1,-0.8999999999999999,0
RA-463,10.0,7.8,7.5,2.5,7.389,5.0,6.41,2,Quartzo,12.0,Feminino,Não,,,2022,Privada,1,0.0,1
RA-463,9.2,5.4,2.52,4.0,7.795,10.0,6.382383333,FASE 3,Agata,13.0,Feminino,,7.8125,,2023,Privada,0,1.5,0
RA-464,7.5,8.0,7.5,4.8,7.722,5.0,6.745,2,,13.0,Feminino,Não,,,2022,Privada,1,0.0,1
RA-464,9.2,7.7,2.52,3.0,7.38,5.0,6.081675,FASE 3,Agata,,Feminino,,7.96875,,2023,Privada,1,-1.7999999999999998,0
RA-464,9.168,7.851461988333334,8.76,4.333333333333333,7.1175,5.0,6.872009064333334,3L,Agata,15.0,Feminino,,7.1875,EE Maria André Schunck Dona,2024,Pública,1,1.333333333333333,0
RA-465,8.0,7.9,7.5,7.8,8.444,10.0,8.012,2,Topázio,11.0,Masculino,Sim,,,2022,Privada,0,0.0,1
RA-465,7.5,9.4,2.52,8.5,8.17,10.0,8.012875,FASE 3,Topázio,,Masculino,,7.96875,,2023,Privada,0,0.7000000000000002,0
RA-466,8.5,9.7,7.5,3.3,7.556,5.0,6.826,2,,13.0,Masculino,Não,,,2022,Privada,1,0.0,1
RA-466,9.5,7.6,6.89,4.5,7.056666667,5.0,6.595533333,FASE 2,Agata,14.0,Masculino,,6.25,,2023,Privada,1,1.2000000000000002,0
RA-466,8.751,7.223245614,8.76,4.0,7.665,5.0,6.778749122800001,3L,Agata,15.0,Masculino,,7.5,EE Maria André Schunck Dona,2024,Pública,1,-0.5,0
RA-467,5.8,8.4,5.0,5.5,7.111,5.0,6.38,2,,13.0,Feminino,Não,,,2022,Privada,1,0.0,1
RA-467,6.3,9.2,3.14,5.2,7.5425,5.0,6.552916667,FASE 3,Agata,,Feminino,,7.1875,,2023,Privada,1,-0.2999999999999998,0
RA-467,7.917,9.140350877333333,5.01,6.833333333333333,7.54,10.0,7.7298118421333335,4L,Ametista,15.0,Feminino,,7.34375,EE Maria André Schunck Dona,2024,Pública,0,1.6333333333333329,0
RA-468,9.5,6.7,7.5,4.1,6.722,5.0,6.313,2,,13.0,Masculino,Não,,,2022,Privada,1,0.0,1
RA-468,8.3,6.0,6.27,3.4,6.715,5.0,5.911108333,FASE 3,Quartzo,,Masculino,,7.34375,,2023,Privada,1,-0.6999999999999997,0
RA-469,9.0,9.6,5.0,5.7,7.833,10.0,7.624,2,,11.0,Feminino,Não,,,2022,Privada,0,0.0,1
RA-469,7.5,9.3,2.52,7.8,8.843333333,5.0,7.482533333,FASE 2,Ametista,,Feminino,,7.916666667,,2023,Privada,1,2.0999999999999996,0
RA-469,9.168,9.498366013,7.51,5.0,6.94,10.0,7.684639869300001,3K,Ametista,13.0,Feminino,,7.291666667,EE Maria André Schunck Dona,2024,Pública,0,-2.8,0
RA-47,7.9,6.3,7.5,2.1,7.042,5.0,5.677,5,,17.0,Feminino,Não,,,2022,Privada,1,0.0,1
RA-470,8.0,9.7,7.5,6.3,7.5,5.0,7.378,2,Ametista,13.0,Feminino,Não,,,2022,Privada,1,0.0,1
RA-470,8.8,9.2,5.0,4.9,7.71,5.0,6.993766667,FASE 3,Agata,14.0,Feminino,,7.5,,2023,Privada,1,-1.3999999999999995,0
RA-470,9.585,8.011695906666667,7.51,3.3333333333333335,6.4975,10.0,6.981130848,4L,Agata,15.0,Feminino,,7.03125,EE Maria André Schunck Dona,2024,Pública,0,-1.5666666666666669,0
RA-471,3.5,8.5,5.0,6.3,8.056,5.0,6.535,2,Ágata,13.0,Feminino,Não,,,2022,Privada,1,0.0,1
RA-471,0.0,9.0,6.27,5.0,8.125,10.0,6.855541667,FASE 3,Agata,,Feminino,,7.96875,,2023,Privada,0,-1.2999999999999998,0
RA-471,0.0,7.027568922333333,7.51,5.5,8.0425,10.0,6.635847117766667,4M,Agata,14.0,Feminino,,7.708333333,EE Maria André Schunck Dona,2024,Pública,0,0.5,0
RA-472,9.0,7.0,7.5,2.0,7.056,5.0,5.93,2,,12.0,Feminino,Não,,,2022,Privada,1,0.0,1
RA-472,5.1,7.1,7.52,5.5,8.223333333,5.0,6.6858,FASE 2,Agata,,Feminino,,7.708333333,,2023,Privada,1,3.5,0
RA-472,7.502,7.48447205,7.51,6.25,6.333333333,5.0,6.6397610766,2U,Agata,14.0,Feminino,,6.25,EM Cecilia Cristina de Oliveira Rodrigues,2024,Privada,1,0.75,0
RA-473,8.0,6.1,7.5,4.3,5.889,5.0,5.915,2,Ametista,12.0,Masculino,Não,,,2022,Privada,1,0.0,1
RA-474,9.5,9.1,7.5,3.0,6.0,5.0,6.446,2,Ametista,13.0,Masculino,Não,,,2022,Privada,1,0.0,1
RA-474,0.0,7.8,5.0,3.3,6.7575,5.0,5.283583333,FASE 3,Quartzo,14.0,Masculino,,7.1875,,2023,Privada,1,0.2999999999999998,0
RA-474,9.168,5.818518518666667,7.51,3.0,6.8725,5.0,6.024753703733333,3L,Agata,15.0,Masculino,,7.1875,EE Maria André Schunck Dona,2024,Pública,1,-0.2999999999999998,0
RA-475,8.5,9.2,7.5,5.8,7.667,5.0,7.199,2,,12.0,Feminino,Não,,,2022,Privada,1,0.0,1
RA-476,9.0,9.3,4.4,5.5,7.556,5.0,6.931,2,Ágata,12.0,Feminino,Não,,,2022,Privada,1,0.0,1
RA-476,7.9,7.0,2.52,4.1,7.505,10.0,6.492408333,FASE 3,Agata,13.0,Feminino,,7.34375,,2023,Privada,0,-1.4000000000000004,0
RA-476,7.917,6.5964912280000005,7.51,4.5,6.745,10.0,6.7359982456,3L,Agata,14.0,Feminino,,6.25,EE Maria André Schunck Dona,2024,Pública,0,0.40000000000000036,0
RA-477,0.0,5.0,5.6,0.7,4.5,5.0,3.633,2,,13.0,Masculino,Não,,,2022,Privada,1,0.0,1
RA-478,8.5,9.1,5.6,4.9,7.056,5.0,6.709,2,Ametista,12.0,Feminino,Não,,,2022,Privada,1,0.0,1
RA-478,6.7,7.3,2.52,4.4,7.2975,10.0,6.443616667,FASE 3,Agata,12.0,Feminino,,7.1875,,2023,Privada,0,-0.5,0
RA-479,8.0,9.2,7.5,9.8,9.5,5.0,8.465,1,Topázio,10.0,Masculino,Sim,,,2022,Privada,1,0.0,1
RA-479,9.0,10.0,2.52,9.7,9.6375,10.0,8.988866667,FASE 2,Topázio,,Masculino,,9.791666667,,2023,Privada,0,-0.10000000000000142,0
RA-479,9.168,9.866666666666667,2.51,9.666666666666666,9.45,10.0,8.901966666666668,3C,Topázio,12.0,Masculino,,9.375,Colégio Arco Íris Evolução,2024,Privada,0,-0.033333333333333215,0
RA-48,6.7,8.4,7.5,8.1,8.5,10.0,8.006,5,Ametista,15.0,Feminino,Sim,,,2022,Privada,0,0.0,1
RA-48,6.7,8.4,6.26,7.7,7.6275,10.0,7.797058333,FASE 6,Ametista,16.0,Feminino,,7.65625,,2023,Privada,0,-0.39999999999999947,0
RA-48,7.917,8.339076859,9.375,7.5,8.23,10.0,8.402390371800001,7A,Topázio,17.0,Feminino,,8.59375,Colégio Arco Íris Evolução,2024,Privada,0,-0.20000000000000018,0
RA-480,9.0,8.8,7.5,6.3,8.444,5.0,7.502,1,,10.0,Feminino,Sim,,,2022,Privada,1,0.0,1
RA-480,10.0,9.7,7.52,7.9,8.336666667,5.0,8.226408333,FASE 1,Topázio,11.0,Feminino,,7.96875,,2023,Privada,1,1.6000000000000005,0
RA-480,6.25,8.0714285715,7.51,5.0,7.443333333,10.0,7.260202380900001,2C,Ametista,12.0,Feminino,,7.8125,EE Alexandre Rodrigues Nogueira,2024,Pública,0,-2.9000000000000004,0
RA-481,9.0,8.0,7.5,5.2,6.889,10.0,7.21,1,,9.0,Masculino,Não,,,2022,Privada,0,0.0,1
RA-482,10.0,7.9,7.5,5.5,6.833,5.0,6.866,1,,11.0,Masculino,Não,,,2022,Privada,1,0.0,1
RA-483,9.0,4.8,5.0,2.4,6.833,5.0,5.263,1,Ametista,11.0,Feminino,Não,,,2022,Privada,1,0.0,1
RA-483,9.0,6.0,2.52,5.6,8.166666667,5.0,6.3972,FASE 1,Agata,12.0,Feminino,,7.916666667,,2023,Privada,1,3.1999999999999997,0
RA-483,8.502,5.6428571430000005,6.26,5.25,8.056666667,5.0,6.578604762,2B,Agata,13.0,Feminino,,8.125,EE Mario Francisco de Amorim,2024,Pública,1,-0.34999999999999964,0
RA-484,9.5,8.7,5.0,6.5,6.389,5.0,6.71,1,,11.0,Masculino,Não,,,2022,Privada,1,0.0,1
RA-484,6.4,7.5,2.52,3.6,6.8,5.0,5.515466667,FASE 2,Quartzo,12.0,Masculino,,5.416666667,,2023,Privada,1,-2.9,0
RA-484,8.334,3.9141382866666667,2.51,0.0,3.1225,10.0,3.8354776573333336,3A,Quartzo,13.0,Masculino,,3.4375,EE Leonice de Aquino Oliveira,2024,Pública,0,-3.6,0
RA-485,9.5,4.0,7.5,1.2,5.444,5.0,4.742,1,Topázio,10.0,Masculino,Não,,,2022,Privada,1,0.0,1
RA-486,10.0,9.9,7.5,7.3,7.222,5.0,7.621,1,Topázio,10.0,Feminino,Não,,,2022,Privada,1,0.0,1
RA-486,8.4,6.4,2.52,6.2,8.7525,10.0,7.1043,FASE 2,Ametista,11.0,Feminino,,7.5,,2023,Privada,0,-1.0999999999999996,0
RA-487,7.5,9.7,7.5,9.6,9.333,5.0,8.417,1,Topázio,10.0,Feminino,Sim,,,2022,Privada,1,0.0,1
RA-487,8.5,9.9,5.0,9.5,9.26,10.0,8.988866667,FASE 2,Topázio,11.0,Feminino,,9.166666667,,2023,Privada,0,-0.09999999999999964,0
RA-487,9.168,9.441269841333334,9.38,9.666666666666666,9.1725,10.0,9.4171373016,3A,Topázio,12.0,Feminino,,9.0625,Colégio Arco Íris Evolução,2024,Privada,0,0.16666666666666607,0
RA-488,8.5,8.8,7.5,7.3,7.722,5.0,7.413,1,,10.0,Feminino,Não,,,2022,Privada,1,0.0,1
RA-489,9.0,7.2,7.5,0.0,6.5,10.0,5.853,1,,9.0,Feminino,Não,,,2022,Privada,0,0.0,1
RA-49,7.5,7.4,7.5,3.9,7.042,5.0,6.304,5,,17.0,Feminino,Não,,,2022,Privada,1,0.0,1
RA-49,,,,,,10.0,,FASE 8,,18.0,Feminino,,,,2023,Privada,0,0.0,0
RA-49,,0.0,,,,10.0,,8E,,19.0,Feminino,,,Faculdade FIAP,2024,Privada,0,0.0,0
RA-490,7.9,8.2,7.5,7.7,8.722,5.0,7.576,1,,10.0,Feminino,Sim,,,2022,Privada,1,0.0,1
RA-490,7.9,7.9,2.52,5.8,9.0075,10.0,7.429466667,FASE 2,Ametista,,Feminino,,8.541666667,,2023,Privada,0,-1.9000000000000004,0
RA-490,9.168,5.5110047846666665,8.755,6.166666666666667,7.295,10.0,7.368084290266667,3A,Ametista,12.0,Feminino,,7.8125,Rede Decisão - Unidade União,2024,Privada,0,0.36666666666666714,0
RA-491,7.5,9.7,7.5,7.0,7.722,5.0,7.461,1,,11.0,Masculino,Não,,,2022,Privada,1,0.0,1
RA-491,9.5,9.6,2.52,5.0,8.3375,10.0,7.560533333,FASE 2,Ametista,,Masculino,,7.708333333,,2023,Privada,0,-2.0,0
RA-491,7.502,9.011904762,7.51,5.25,7.166666667,5.0,6.995247619100001,2B,Agata,12.0,Masculino,,7.083333333,EE Mario Francisco de Amorim,2024,Pública,1,0.25,0
RA-492,10.0,8.8,7.5,7.1,8.278,5.0,7.678,1,,11.0,Feminino,Não,,,2022,Privada,1,0.0,1
RA-493,10.0,9.4,7.5,7.2,8.278,10.0,8.306,1,Topázio,9.0,Feminino,Não,,,2022,Privada,0,0.0,1
RA-493,9.5,9.6,2.52,6.0,8.84,10.0,7.934366667,FASE 2,Ametista,10.0,Feminino,,8.541666667,,2023,Privada,0,-1.2000000000000002,0
RA-493,10.002,8.933333333333334,10.0,3.1666666666666665,6.705,10.0,7.4643250000000005,3B,Ametista,11.0,Feminino,,7.03125,EE Mario Francisco de Amorim,2024,Pública,0,-2.8333333333333335,0
RA-494,6.4,8.3,5.0,5.8,6.944,5.0,6.407,1,,11.0,Feminino,Não,,,2022,Privada,1,0.0,1
RA-494,6.9,9.0,2.52,6.8,8.71,5.0,7.116633333,FASE 2,Ametista,12.0,Feminino,,7.708333333,,2023,Privada,1,1.0,0
RA-494,7.5,7.329323308333333,8.755,6.333333333333333,8.915,10.0,7.922281328333334,3A,Ametista,13.0,Feminino,,7.8125,Rede Decisão - Unidade União,2024,Privada,0,-0.4666666666666668,0
RA-495,9.0,8.9,7.5,8.4,8.056,5.0,7.857,1,,11.0,Masculino,Não,,,2022,Privada,1,0.0,1
RA-495,9.0,8.4,2.52,7.4,8.755,5.0,7.417366667,FASE 2,Ametista,,Masculino,,8.541666667,,2023,Privada,1,-1.0,0
RA-496,8.5,6.8,7.5,5.7,7.556,5.0,6.683,1,Quartzo,11.0,Masculino,Não,,,2022,Privada,1,0.0,1
RA-496,0.0,7.1,5.0,8.3,8.71,5.0,6.603666667,FASE 2,Agata,,Masculino,,7.916666667,,2023,Privada,1,2.6000000000000005,0
RA-496,10.002,5.315995871999999,6.255,5.666666666666667,6.1625,10.0,6.726607507733334,3A,Agata,13.0,Masculino,,6.71875,Recanto Betânia Centro Educacional,2024,Privada,0,-2.6333333333333337,0
RA-497,6.9,9.2,5.0,5.1,5.833,5.0,6.323,1,Quartzo,13.0,Feminino,Não,,,2022,Privada,1,0.0,1
RA-497,5.3,8.7,2.52,3.5,6.885,5.0,5.7191,FASE 2,Quartzo,,Feminino,,6.25,,2023,Privada,1,-1.5999999999999996,0
RA-497,7.502,6.095238095,5.63,1.0,3.506666667,5.0,4.4960809524,2B,Quartzo,15.0,Feminino,,5.625,EE Mario Francisco de Amorim,2024,Pública,1,-2.5,0
RA-498,8.5,8.8,7.5,8.8,7.556,5.0,7.7,1,Ametista,11.0,Feminino,Não,,,2022,Privada,1,0.0,1
RA-499,8.5,10.0,7.5,8.2,7.444,5.0,7.826,1,Ágata,10.0,Masculino,Não,,,2022,Privada,1,0.0,1
RA-499,7.9,10.0,2.52,6.6,8.2975,10.0,7.8883,FASE 2,Ametista,11.0,Masculino,,8.75,,2023,Privada,0,-1.5999999999999996,0
RA-499,8.502,9.0476190475,7.51,4.75,7.5,10.0,7.5794738095000005,2C,Ametista,12.0,Masculino,,7.1875,EE Leonice de Aquino Oliveira,2024,Pública,0,-1.8499999999999996,0
RA-5,7.9,8.6,5.6,5.2,7.389,10.0,7.427,7,Ametista,17.0,Feminino,Não,,,2022,Privada,0,0.0,1
RA-5,,,,,,10.0,,FASE 8,,,Feminino,,,,2023,Privada,0,0.0,0
RA-50,7.5,8.4,7.5,7.8,7.542,2.5,7.138,5,,18.0,Feminino,Não,,,2022,Privada,1,0.0,1
RA-500,9.0,10.0,7.5,9.5,7.889,5.0,8.232,1,Topázio,10.0,Feminino,Não,,,2022,Privada,1,0.0,1
RA-500,9.5,10.0,2.52,7.9,8.7975,10.0,8.427533333,FASE 2,Topázio,11.0,Feminino,,8.958333333,,2023,Privada,0,-1.5999999999999996,0
RA-500,9.585,10.0,2.51,6.666666666666667,8.3775,10.0,8.077708333333334,3D,Topázio,12.0,Feminino,,8.59375,Colégio Arco Íris Evolução,2024,Privada,0,-1.2333333333333334,0
RA-501,8.5,8.8,7.5,6.8,7.333,10.0,7.794,1,,9.0,Masculino,Não,,,2022,Privada,0,0.0,1
RA-501,7.0,8.4,7.52,8.9,9.396666667,5.0,8.1357,FASE 1,Topázio,10.0,Masculino,,8.541666667,,2023,Privada,1,2.1000000000000005,0
RA-501,7.002,7.9949874685,7.51,8.75,8.17,10.0,8.2779474937,2D,Topázio,11.0,Masculino,,8.4375,João Friaza Colégio,2024,Privada,0,-0.15000000000000036,0
RA-502,9.5,9.7,7.5,7.4,7.778,10.0,8.287,1,,8.0,Feminino,Não,,,2022,Privada,0,0.0,1
RA-502,8.5,9.8,7.52,8.0,8.95,10.0,8.749075,FASE 1,Topázio,9.0,Feminino,,7.96875,,2023,Privada,0,0.5999999999999996,0
RA-502,9.002,9.761904762,3.755,8.0,8.84,10.0,8.5023309524,2D,Topázio,10.0,Feminino,,9.0625,Colégio Arco Íris Evolução,2024,Privada,0,0.0,0
RA-503,8.5,10.0,7.5,8.8,7.5,5.0,7.95,1,Topázio,10.0,Masculino,Não,,,2022,Privada,1,0.0,1
RA-503,9.5,10.0,2.52,8.7,8.255,10.0,8.4682,FASE 2,Topázio,,Masculino,,8.75,,2023,Privada,0,-0.10000000000000142,0
RA-503,9.585,9.824561403666666,7.51,7.666666666666667,7.7925,10.0,8.547495614066667,3D,Topázio,12.0,Masculino,,7.8125,EE Leonice de Aquino Oliveira,2024,Pública,0,-1.0333333333333323,0
RA-504,8.5,8.9,7.5,8.0,7.556,10.0,8.072,1,,9.0,Feminino,Não,,,2022,Privada,0,0.0,1
RA-504,8.0,8.3,7.52,7.9,8.836666667,10.0,8.299533333,FASE 1,Topázio,9.0,Feminino,,7.5,,2023,Privada,0,-0.09999999999999964,0
RA-505,9.5,8.0,7.5,8.4,7.556,5.0,7.591,1,Topázio,11.0,Feminino,Não,,,2022,Privada,1,0.0,1
RA-506,9.5,7.3,7.5,7.2,7.278,5.0,7.132,1,Ametista,12.0,Masculino,Não,,,2022,Privada,1,0.0,1
RA-506,9.5,8.1,5.0,8.5,7.92,5.0,7.750033333,FASE 2,Ametista,13.0,Masculino,,8.958333333,,2023,Privada,1,1.2999999999999998,0
RA-507,8.5,10.0,7.5,7.4,7.222,5.0,7.653,1,,11.0,Feminino,Não,,,2022,Privada,1,0.0,1
RA-508,8.0,7.4,7.5,4.5,7.556,5.0,6.575,1,,10.0,Masculino,Não,,,2022,Privada,1,0.0,1
RA-508,6.4,8.6,2.52,7.5,8.6725,10.0,7.671633333,FASE 2,Ametista,10.0,Masculino,,8.333333333,,2023,Privada,0,3.0,0
RA-508,7.083,5.567251461999999,7.51,4.666666666666667,7.5,10.0,6.771708625733333,3D,Agata,12.0,Masculino,,7.65625,EE Alexandre Rodrigues Nogueira,2024,Pública,0,-2.833333333333333,0
RA-509,9.0,8.2,7.5,9.2,7.833,5.0,7.808,1,Ametista,12.0,Feminino,Não,,,2022,Privada,1,0.0,1
RA-509,8.5,8.1,2.52,8.6,8.84,5.0,7.606033333,FASE 2,Ametista,12.0,Feminino,,8.958333333,,2023,Privada,1,-0.5999999999999996,0
RA-509,9.168,6.363636363666667,2.51,6.0,7.2475,10.0,6.918152272733334,3D,Agata,13.0,Feminino,,8.28125,EE Leonice de Aquino Oliveira,2024,Pública,0,-2.5999999999999996,0
RA-51,8.8,7.6,7.5,5.0,6.5,5.0,6.488,5,,17.0,Feminino,Não,,,2022,Privada,1,0.0,1
RA-510,8.0,9.3,7.5,7.1,7.056,5.0,7.336,1,,12.0,Masculino,Não,,,2022,Privada,1,0.0,1
RA-511,8.0,10.0,7.5,5.3,7.056,5.0,7.094,1,,10.0,Feminino,Não,,,2022,Privada,1,0.0,1
RA-512,9.0,9.3,7.5,6.2,7.722,5.0,7.365,1,,10.0,Feminino,Não,,,2022,Privada,1,0.0,1
RA-513,9.0,9.6,5.6,8.3,7.778,10.0,8.229,1,,9.0,Masculino,Não,,,2022,Privada,0,0.0,1
RA-513,9.5,9.7,2.52,7.5,9.0075,10.0,8.297866667,FASE 2,Topázio,10.0,Masculino,,8.541666667,,2023,Privada,0,-0.8000000000000007,0
RA-513,10.002,8.831746031666666,8.135,7.666666666666667,8.545,10.0,8.728632539666668,3B,Topázio,11.0,Masculino,,9.0625,Escola João Paulo II,2024,Privada,0,0.16666666666666696,0
RA-514,8.0,9.7,7.5,4.8,5.889,10.0,7.039,1,,9.0,Feminino,Não,,,2022,Privada,0,0.0,1
RA-514,7.9,7.5,2.52,5.5,5.896666667,5.0,5.823133333,FASE 1,Quartzo,,Feminino,,5.0,,2023,Privada,1,0.7000000000000002,0
RA-514,9.002,7.595238095,4.385,3.0,5.996666667,10.0,6.219580952400001,2C,Agata,11.0,Feminino,,5.625,EE Paschoal Carlos Magno,2024,Pública,0,-2.5,0
RA-515,8.0,6.3,7.5,5.8,7.556,5.0,6.582,1,,12.0,Masculino,Não,,,2022,Privada,1,0.0,1
RA-516,10.0,9.7,7.5,9.9,8.056,10.0,8.903,1,Topázio,9.0,Masculino,Não,,,2022,Privada,0,0.0,1
RA-516,10.0,9.8,2.52,9.3,8.7175,10.0,8.6807,FASE 2,Topázio,10.0,Masculino,,8.75,,2023,Privada,0,-0.5999999999999996,0
RA-516,10.002,10.0,2.51,8.833333333333334,7.56,10.0,8.384033333366668,3C,Topázio,11.0,Masculino,,8.541666667,Colégio Arco Íris Evolução,2024,Privada,0,-0.4666666666666668,0
RA-517,6.9,9.5,7.5,7.7,7.833,5.0,7.604,1,Ametista,12.0,Feminino,Não,,,2022,Privada,1,0.0,1
RA-517,4.1,9.0,2.52,6.6,6.7125,5.0,6.3104,FASE 2,Agata,13.0,Feminino,,6.875,,2023,Privada,1,-1.1000000000000005,0
RA-517,7.5,5.266499582333334,2.51,5.0,6.11,10.0,5.880466583166668,3C,Quartzo,14.0,Feminino,,6.041666667,EE Paschoal Carlos Magno,2024,Pública,0,-1.5999999999999996,0
RA-518,9.0,9.4,7.5,7.5,7.5,5.0,7.661,1,,10.0,Masculino,Não,,,2022,Privada,1,0.0,1
RA-518,8.5,8.5,5.0,6.7,6.9175,10.0,7.5762,FASE 2,Ametista,11.0,Masculino,,8.125,,2023,Privada,0,-0.7999999999999998,0
RA-518,8.334,6.8300751879999995,2.51,4.0,6.94,10.0,6.3467483709,3C,Agata,12.0,Masculino,,7.083333333,EE Paschoal Carlos Magno,2024,Pública,0,-2.7,0
RA-519,7.4,9.6,7.5,7.5,7.333,10.0,8.0,1,,9.0,Masculino,Não,,,2022,Privada,0,0.0,1
RA-519,9.0,9.9,7.52,7.4,8.223333333,5.0,8.0177,FASE 1,Topázio,10.0,Masculino,,7.708333333,,2023,Privada,1,-0.09999999999999964,0
RA-52,9.6,8.9,7.5,6.2,7.5,10.0,7.861,5,Topázio,13.0,Masculino,Não,,,2022,Privada,0,0.0,1
RA-52,10.0,9.8,2.52,6.4,8.2975,10.0,7.9642,FASE 5,Ametista,,Masculino,,8.125,,2023,Privada,0,0.20000000000000018,0
RA-52,8.751,9.437666667,6.885,7.216666666666666,7.5,10.0,8.144466666733333,7E,Topázio,15.0,Masculino,,7.5,FIAP School - SP,2024,Privada,0,0.8166666666666655,0
RA-520,10.0,6.8,7.5,6.8,7.278,5.0,7.035,1,,11.0,Feminino,Não,,,2022,Privada,1,0.0,1
RA-521,9.0,10.0,5.0,6.0,7.5,10.0,7.725,1,,9.0,Masculino,Não,,,2022,Privada,0,0.0,1
RA-521,0.0,9.9,3.77,7.9,8.166666667,5.0,6.768666667,FASE 1,Agata,,Masculino,,7.083333333,,2023,Privada,1,1.9000000000000004,0
RA-521,8.002,9.0357142855,5.005,6.25,7.276666667,10.0,7.4798428571999995,2A,Ametista,11.0,Masculino,,6.666666667,Colégio Nogueira e Sonho de Criança,2024,Privada,0,-1.6500000000000004,0
RA-522,9.5,9.1,7.5,7.5,8.167,10.0,8.306,1,,9.0,Masculino,Não,,,2022,Privada,0,0.0,1
RA-522,7.5,9.2,7.52,8.3,8.45,5.0,7.890533333,FASE 1,Ametista,,Masculino,,7.083333333,,2023,Privada,1,0.8000000000000007,0
RA-522,8.002,9.523809524,7.51,9.0,7.89,10.0,8.6777119048,2D,Topázio,11.0,Masculino,,8.4375,EE Joaquim Mendes Feliz,2024,Pública,0,0.6999999999999993,0
RA-523,10.0,9.5,7.5,6.5,7.556,5.0,7.591,1,,11.0,Feminino,Não,,,2022,Privada,1,0.0,1
RA-524,0.0,9.4,5.0,9.1,8.056,5.0,6.947,1,Ametista,11.0,Masculino,Não,,,2022,Privada,1,0.0,1
RA-524,6.4,9.2,2.52,8.9,7.42,5.0,7.331133333,FASE 2,Ametista,,Masculino,,8.333333333,,2023,Privada,1,-0.1999999999999993,0
RA-524,7.083,5.111779448666667,2.51,8.666666666666666,7.39,10.0,7.026322556366667,3C,Ametista,13.0,Masculino,,8.333333333,EE Paschoal Carlos Magno,2024,Pública,0,-0.23333333333333428,0
RA-525,9.0,9.3,7.5,8.6,8.167,5.0,8.013,1,,11.0,Feminino,Não,,,2022,Privada,1,0.0,1
RA-525,8.0,8.6,2.52,9.2,9.566666667,5.0,7.911366667,FASE 2,Ametista,,Feminino,,8.958333333,,2023,Privada,1,0.5999999999999996,0
RA-526,10.0,9.9,7.5,8.0,8.167,5.0,8.079,1,,12.0,Masculino,Não,,,2022,Privada,1,0.0,1
RA-526,9.5,9.8,5.0,8.8,7.7525,5.0,8.0957,FASE 2,Topázio,,Masculino,,8.75,,2023,Privada,1,0.8000000000000007,0
RA-526,9.585,9.382456140333334,8.13,7.333333333333333,7.496666667,5.0,7.843157894833334,3C,Ametista,14.0,Masculino,,7.291666667,EE Paschoal Carlos Magno,2024,Pública,1,-1.4666666666666677,0
RA-527,8.5,10.0,7.5,6.5,7.5,10.0,8.025,1,,9.0,Feminino,Não,,,2022,Privada,0,0.0,1
RA-527,9.0,9.1,7.52,6.5,7.78,5.0,7.5682,FASE 1,Ametista,,Feminino,,7.5,,2023,Privada,1,0.0,0
RA-527,9.002,10.0,7.51,6.0,7.383333333,10.0,8.1403666666,2D,Topázio,11.0,Feminino,,8.125,EE Joaquim Mendes Feliz,2024,Pública,0,-0.5,0
RA-528,0.0,6.2,7.5,4.0,6.944,5.0,5.335,1,,11.0,Masculino,Não,,,2022,Privada,1,0.0,1
RA-528,9.0,8.5,5.0,8.2,7.92,5.0,7.6892,FASE 2,Ametista,,Masculino,,8.75,,2023,Privada,1,4.199999999999999,0
RA-528,9.168,5.793483709333334,7.51,6.666666666666667,6.936666667,10.0,7.276330075300001,3C,Ametista,13.0,Masculino,,7.291666667,EE Joaquim Mendes Feliz,2024,Pública,0,-1.5333333333333323,0
RA-529,8.5,8.9,5.0,5.2,6.556,5.0,6.51,1,Ágata,12.0,Masculino,Não,,,2022,Privada,1,0.0,1
RA-529,8.0,9.6,7.52,6.8,6.893333333,5.0,7.278991667,FASE 1,Ametista,,Masculino,,5.78125,,2023,Privada,1,1.5999999999999996,0
RA-529,7.002,6.6071428569999995,4.38,4.25,4.886666667,5.0,5.2661285715,2A,Quartzo,14.0,Masculino,,4.791666667,EE Leonice de Aquino Oliveira,2024,Pública,1,-2.55,0
RA-53,9.2,7.0,7.5,7.0,6.458,5.0,6.725,5,,17.0,Masculino,Não,,,2022,Privada,1,0.0,1
RA-53,9.2,9.1,5.63,7.7,7.5875,5.0,7.600633333,FASE 6,Ametista,18.0,Masculino,,7.5,,2023,Privada,1,0.7000000000000002,0
RA-530,10.0,9.0,7.5,8.9,9.056,5.0,8.338,1,Topázio,10.0,Masculino,Sim,,,2022,Privada,1,0.0,1
RA-530,10.0,8.8,5.0,5.7,7.46,10.0,7.653033333,FASE 2,Ametista,11.0,Masculino,,7.708333333,,2023,Privada,0,-3.2,0
RA-530,8.751,6.468838763666667,9.38,4.5,7.496666667,10.0,7.214534419433333,3C,Ametista,12.0,Masculino,,7.083333333,EE Joaquim Mendes Feliz,2024,Pública,0,-1.2000000000000002,0
RA-531,9.5,9.8,7.5,7.8,8.167,5.0,8.057,1,,10.0,Masculino,Não,,,2022,Privada,1,0.0,1
RA-531,9.5,10.0,2.52,7.7,8.59,10.0,8.3252,FASE 2,Topázio,11.0,Masculino,,8.75,,2023,Privada,0,-0.09999999999999964,0
RA-531,9.168,9.803921568666667,4.38,6.666666666666667,7.335,10.0,7.9127926470666665,3B,Ametista,12.0,Masculino,,7.96875,EE Leonice de Aquino Oliveira,2024,Pública,0,-1.0333333333333332,0
RA-532,9.5,9.7,7.5,5.5,7.167,10.0,7.792,1,,9.0,Feminino,Não,,,2022,Privada,0,0.0,1
RA-533,8.5,8.8,5.6,6.0,7.333,5.0,6.962,1,,10.0,Masculino,Não,,,2022,Privada,1,0.0,1
RA-533,9.0,9.3,7.52,5.8,7.613333333,5.0,7.434866667,FASE 1,Ametista,,Masculino,,7.5,,2023,Privada,1,-0.20000000000000018,0
RA-534,9.0,7.4,7.5,7.1,7.333,5.0,7.131,1,,12.0,Feminino,Não,,,2022,Privada,1,0.0,1
RA-534,0.0,8.1,2.52,5.4,7.92,5.0,5.8385,FASE 2,Quartzo,13.0,Masculino,,8.125,,2023,Privada,1,-1.6999999999999993,0
RA-534,9.585,6.043441938333333,7.51,5.0,7.103333333,10.0,7.088855054266667,3C,Ametista,14.0,Masculino,,7.5,EE Paschoal Carlos Magno,2024,Pública,0,-0.40000000000000036,0
RA-535,9.0,9.2,7.5,5.1,6.917,5.0,6.953,1,Topázio,10.0,Feminino,Não,,,2022,Privada,1,0.0,1
RA-535,9.0,9.4,5.0,5.6,8.95,10.0,8.0027,FASE 2,Topázio,,Feminino,,8.125,,2023,Privada,0,0.5,0
RA-535,9.168,7.161904762,8.135,6.0,7.5,10.0,7.659555952400001,3H,Ametista,12.0,Feminino,,7.96875,EE João Ortiz Rodrigues,2024,Pública,0,0.40000000000000036,0
RA-536,9.5,8.9,5.6,6.0,7.75,5.0,7.106,1,Topázio,10.0,Feminino,Não,,,2022,Privada,1,0.0,1
RA-536,8.0,9.3,2.52,5.9,9.17,10.0,7.759533333,FASE 2,Ametista,10.0,Feminino,,8.333333333,,2023,Privada,0,-0.09999999999999964,0
RA-536,8.334,9.109090909,8.135,5.5,7.415,10.0,7.7704681818,3B,Ametista,11.0,Feminino,,7.1875,EE Leonice de Aquino Oliveira,2024,Pública,0,-0.40000000000000036,0
RA-537,9.5,9.0,4.4,4.8,7.167,5.0,6.641,1,,10.0,Masculino,Não,,,2022,Privada,1,0.0,1
RA-538,8.5,7.5,5.6,6.8,5.583,5.0,6.309,1,,13.0,Masculino,Não,,,2022,Privada,1,0.0,1
RA-538,7.4,8.6,2.52,4.7,7.39,5.0,6.413466667,FASE 2,Agata,13.0,Masculino,,7.916666667,,2023,Privada,1,-2.0999999999999996,0
RA-538,8.751,7.668803418666666,7.51,6.166666666666667,5.292,5.0,6.514094017066666,3H,Agata,14.0,Masculino,,5.625,EE Mario Francisco de Amorim,2024,Pública,1,1.4666666666666668,0
RA-539,8.5,9.3,6.9,7.5,8.417,5.0,7.665,1,,11.0,Feminino,Sim,,,2022,Privada,1,0.0,1
RA-539,9.5,8.6,2.52,8.5,8.84,5.0,7.796866667,FASE 2,Ametista,,Feminino,,9.166666667,,2023,Privada,1,1.0,0
RA-539,10.002,9.233333333333333,7.51,5.833333333333333,9.13,10.0,8.465533333333335,3G,Topázio,13.0,Feminino,,8.75,Colégio Arco Íris Evolução,2024,Privada,0,-2.666666666666667,0
RA-54,7.9,6.9,7.5,4.8,6.125,5.0,6.058,5,,16.0,Feminino,Não,,,2022,Privada,1,0.0,1
RA-540,8.5,9.5,5.6,7.0,7.5,5.0,7.303,1,Topázio,10.0,Feminino,Não,,,2022,Privada,1,0.0,1
RA-540,8.5,8.8,5.0,7.1,8.95,10.0,8.216033333,FASE 2,Topázio,,Feminino,,8.958333333,,2023,Privada,0,0.09999999999999964,0
RA-541,10.0,7.8,6.9,2.5,5.0,2.5,5.427,1,,14.0,Masculino,Não,,,2022,Privada,1,0.0,1
RA-542,8.0,9.8,6.3,6.5,7.417,5.0,7.221,1,Ametista,11.0,Feminino,Não,,,2022,Privada,1,0.0,1
RA-542,9.5,9.7,5.0,6.3,9.006666667,5.0,7.816533333,FASE 2,Ametista,12.0,Feminino,,8.75,,2023,Privada,1,-0.20000000000000018,0
RA-542,8.751,6.481366459666667,8.13,3.9333333333333336,6.232,10.0,6.7205649586,3F,Agata,13.0,Feminino,,7.03125,EE João Ortiz Rodrigues,2024,Pública,0,-2.3666666666666663,0
RA-543,8.5,9.8,4.4,6.5,7.167,5.0,7.05,1,,10.0,Feminino,Não,,,2022,Privada,1,0.0,1
RA-543,7.8,9.8,2.52,6.5,9.006666667,10.0,7.971833333,FASE 2,Ametista,11.0,Feminino,,8.75,,2023,Privada,0,0.0,0
RA-543,8.751,9.616977225666666,2.51,6.833333333333333,8.7,10.0,8.0467871118,3F,Topázio,12.0,Feminino,,8.90625,EE João Ortiz Rodrigues,2024,Pública,0,0.33333333333333304,0
RA-544,9.5,9.7,5.6,3.3,6.0,5.0,6.307,1,,10.0,Masculino,Não,,,2022,Privada,1,0.0,1
RA-545,9.5,6.6,7.5,5.5,7.5,5.0,6.723,1,Ametista,13.0,Masculino,Não,,,2022,Privada,1,0.0,1
RA-546,9.0,7.9,5.0,5.6,7.917,5.0,6.77,1,,11.0,Feminino,Não,,,2022,Privada,1,0.0,1
RA-546,0.0,7.2,2.52,5.7,9.173333333,5.0,6.031666667,FASE 2,Agata,,Feminino,,8.75,,2023,Privada,1,0.10000000000000053,0
RA-546,5.832,3.7838383836666662,8.135,4.666666666666667,5.5,10.0,5.702426010066667,3B,Quartzo,13.0,Feminino,,5.15625,EE Alexandre Rodrigues Nogueira,2024,Pública,0,-1.0333333333333332,0
RA-547,9.5,9.7,5.0,7.6,8.833,5.0,7.745,1,Ágata,11.0,Feminino,Sim,,,2022,Privada,1,0.0,1
RA-547,0.0,9.1,2.52,6.2,8.95,5.0,6.467,FASE 2,Agata,12.0,Feminino,,8.75,,2023,Privada,1,-1.3999999999999995,0
RA-547,8.751,7.030620028333334,8.135,6.833333333333333,5.932,10.0,7.2102906723333335,3H,Ametista,13.0,Feminino,,5.625,EE João Ortiz Rodrigues,2024,Pública,0,0.6333333333333329,0
RA-548,8.0,9.1,6.9,7.2,7.583,5.0,7.292,1,Ametista,12.0,Masculino,Não,,,2022,Privada,1,0.0,1
RA-548,9.0,9.1,2.52,7.4,8.283333333,5.0,7.4322,FASE 2,Ametista,12.0,Masculino,,8.333333333,,2023,Privada,1,0.20000000000000018,0
RA-548,9.168,7.600427350666667,7.51,6.666666666666667,5.626,10.0,7.240168803466668,3H,Ametista,13.0,Masculino,,5.9375,EE João Ortiz Rodrigues,2024,Pública,0,-0.7333333333333334,0
RA-549,10.0,7.9,6.9,4.2,6.167,5.0,6.301,1,,10.0,Masculino,Não,,,2022,Privada,1,0.0,1
RA-549,9.5,8.1,5.02,6.4,7.5,5.0,7.0297,FASE 1,Ametista,,Masculino,,6.875,,2023,Privada,1,2.2,0
RA-549,10.002,7.204968943999999,6.255,5.75,5.9125,5.0,6.5398187888,2G,Agata,12.0,Masculino,,6.40625,EE Alexandre Rodrigues Nogueira,2024,Pública,1,-0.6500000000000004,0
RA-55,7.1,7.6,5.6,7.5,6.5,5.0,6.576,5,Ametista,16.0,Feminino,Não,,,2022,Privada,1,0.0,1
RA-55,7.9,8.1,3.14,7.1,7.545,5.0,6.898033333,FASE 6,Agata,,Feminino,,7.5,,2023,Privada,1,-0.40000000000000036,0
RA-550,9.0,9.0,6.9,1.9,6.25,5.0,6.026,1,,12.0,Feminino,Não,,,2022,Privada,1,0.0,1
RA-551,8.5,7.3,6.9,6.6,7.333,5.0,6.853,1,Ametista,12.0,Feminino,Não,,,2022,Privada,1,0.0,1
RA-551,10.0,8.6,2.52,5.4,8.393333333,5.0,7.075033333,FASE 2,Ametista,,Feminino,,8.541666667,,2023,Privada,1,-1.1999999999999993,0
RA-552,9.5,8.8,5.0,5.5,7.167,5.0,6.625,1,,11.0,Masculino,Não,,,2022,Privada,1,0.0,1
RA-552,0.0,5.6,3.14,6.4,6.89,5.0,5.248666667,FASE 1,Quartzo,,Masculino,,6.666666667,,2023,Privada,1,0.9000000000000004,0
RA-553,9.5,6.9,6.9,3.3,8.167,5.0,6.39,1,Ametista,11.0,Feminino,Não,,,2022,Privada,1,0.0,1
RA-554,7.9,6.0,6.9,4.0,5.75,5.0,5.588,1,Quartzo,12.0,Masculino,Não,,,2022,Privada,1,0.0,1
RA-555,9.5,8.1,5.0,4.4,5.167,5.0,5.949,1,Ametista,12.0,Masculino,Não,,,2022,Privada,1,0.0,1
RA-555,7.4,8.1,2.52,3.9,6.946666667,5.0,5.898133333,FASE 2,Quartzo,,Masculino,,6.25,,2023,Privada,1,-0.5000000000000004,0
RA-555,10.002,2.7505175983333334,6.885,4.333333333333333,5.03,5.0,5.111470186333333,3F,Quartzo,14.0,Masculino,,5.0,EE Leonice de Aquino Oliveira,2024,Pública,1,0.4333333333333331,0
RA-556,9.0,8.8,5.0,6.4,8.25,5.0,7.181,1,Topázio,11.0,Feminino,Não,,,2022,Privada,1,0.0,1
RA-556,8.5,9.6,2.52,7.2,9.396666667,5.0,7.7482,FASE 2,Ametista,,Feminino,,9.166666667,,2023,Privada,1,0.7999999999999998,0
RA-556,7.083,6.171428571333333,2.51,3.8333333333333335,6.1625,10.0,5.833377380933333,3G,Quartzo,13.0,Feminino,,6.40625,EE João Ortiz Rodrigues,2024,Pública,0,-3.3666666666666667,0
RA-557,10.0,8.4,7.5,9.4,9.333,5.0,8.334,1,Ametista,10.0,Masculino,Sim,,,2022,Privada,1,0.0,1
RA-557,10.0,8.2,5.0,8.9,9.62,10.0,8.7717,FASE 2,Topázio,,Masculino,,9.375,,2023,Privada,0,-0.5,0
RA-557,10.002,8.756265663999999,7.51,9.666666666666666,9.576,10.0,9.350986466133334,3H,Topázio,12.0,Masculino,,10.0,Colégio Arco Íris Evolução,2024,Privada,0,0.7666666666666657,0
RA-558,9.0,8.5,5.0,4.3,4.5,2.5,5.539,1,,14.0,Masculino,Não,,,2022,Privada,1,0.0,1
RA-558,7.8,9.4,5.0,6.0,6.78,2.5,6.615333333,FASE 2,Agata,,Masculino,,6.458333333,,2023,Privada,1,1.7000000000000002,0
RA-558,9.168,3.7763975156666674,8.13,3.0,4.268,5.0,5.048054503133334,3F,Quartzo,16.0,Masculino,,6.09375,EE Alexandre Rodrigues Nogueira,2024,Pública,1,-3.0,0
RA-559,9.5,9.2,7.5,7.1,8.083,5.0,7.634,1,,11.0,Masculino,Não,,,2022,Privada,1,0.0,1
RA-559,10.0,9.4,5.0,7.4,8.506666667,5.0,7.947366667,FASE 2,Ametista,,Masculino,,8.958333333,,2023,Privada,1,0.3000000000000007,0
RA-559,10.002,5.705128205,8.13,3.1666666666666665,4.728,10.0,6.158158974333333,3F,Agata,13.0,Masculino,,6.25,EE João Ortiz Rodrigues,2024,Pública,0,-4.233333333333334,0
RA-56,10.0,10.0,7.5,7.0,8.25,10.0,8.404,5,Topázio,15.0,Feminino,Não,,,2022,Privada,0,0.0,1
RA-56,9.6,9.5,5.0,7.8,7.8,10.0,8.284333333,FASE 6,Topázio,16.0,Feminino,,8.125,,2023,Privada,0,0.7999999999999998,0
RA-56,10.002,9.265350877333333,10.0,7.666666666666667,9.233333333,10.0,9.077020175400001,7A,Topázio,17.0,Feminino,,8.4375,Colégio Arco Íris Evolução,2024,Privada,0,-0.13333333333333286,0
RA-560,6.9,7.2,5.0,3.8,3.75,5.0,4.949,1,Ágata,11.0,Masculino,Não,,,2022,Privada,1,0.0,1
RA-560,0.0,8.4,2.52,4.0,6.0,5.0,4.932,FASE 2,Quartzo,,Masculino,,5.0,,2023,Privada,1,0.20000000000000018,0
RA-561,9.0,9.0,7.5,7.4,8.833,5.0,7.856,1,,11.0,Masculino,Sim,,,2022,Privada,1,0.0,1
RA-562,8.0,9.0,7.5,8.0,8.75,5.0,7.855,1,,11.0,Feminino,Sim,,,2022,Privada,1,0.0,1
RA-562,0.0,8.5,2.52,8.7,8.893333333,5.0,6.824833333,FASE 2,Agata,12.0,Feminino,,8.541666667,,2023,Privada,1,0.6999999999999993,0
RA-562,8.334,9.833333333333334,8.135,7.833333333333333,7.25,10.0,8.392733333333334,3I,Topázio,13.0,Feminino,,7.625,EE Joaquim Mendes Feliz,2024,Pública,0,-0.8666666666666663,0
RA-563,10.0,9.2,7.5,8.5,8.833,5.0,8.22,1,Topázio,11.0,Feminino,Sim,,,2022,Privada,1,0.0,1
RA-563,6.4,9.7,2.52,6.2,8.726666667,10.0,7.684133333,FASE 2,Ametista,11.0,Feminino,,8.75,,2023,Privada,0,-2.3,0
RA-563,9.168,9.461904762000001,8.135,8.333333333333334,7.468,10.0,8.595447619066668,3H,Topázio,12.0,Feminino,,8.125,EE João Ortiz Rodrigues,2024,Pública,0,2.1333333333333337,0
RA-564,9.5,3.8,5.0,2.3,6.833,5.0,4.972,1,Ágata,13.0,Masculino,Não,,,2022,Privada,1,0.0,1
RA-565,9.0,4.1,7.5,2.9,5.917,5.0,5.233,1,,13.0,Masculino,Não,,,2022,Privada,1,0.0,1
RA-566,9.5,8.4,7.5,8.5,7.917,5.0,7.729,1,,12.0,Feminino,Não,,,2022,Privada,1,0.0,1
RA-566,9.0,8.8,2.52,8.4,8.673333333,5.0,7.7227,FASE 2,Ametista,12.0,Feminino,,8.958333333,,2023,Privada,1,-0.09999999999999964,0
RA-567,9.5,6.0,7.5,4.8,6.833,5.0,6.281,1,Ametista,11.0,Masculino,Não,,,2022,Privada,1,0.0,1
RA-568,8.0,8.6,6.9,8.3,7.944,2.5,7.306,1,Ametista,14.0,Masculino,Não,,,2022,Privada,1,0.0,1
RA-568,7.0,7.9,5.0,7.6,8.01,2.5,6.9647,FASE 2,Agata,,Masculino,,8.125,,2023,Privada,1,-0.7000000000000011,0
RA-568,7.917,3.2619047620000003,8.13,5.166666666666667,5.496,5.0,5.545864285733334,3F,Quartzo,16.0,Masculino,,6.5625,EE Joaquim Mendes Feliz,2024,Pública,1,-2.4333333333333327,0
RA-569,9.5,8.7,5.0,6.8,7.333,5.0,7.074,1,Ametista,12.0,Feminino,Não,,,2022,Privada,1,0.0,1
RA-57,7.1,8.1,5.6,8.4,7.875,5.0,7.305,5,Ametista,16.0,Masculino,Não,,,2022,Privada,1,0.0,1
RA-57,0.0,8.0,5.63,7.2,7.755,5.0,6.450875,FASE 6,Agata,,Masculino,,7.96875,,2023,Privada,1,-1.2000000000000002,0
RA-57,9.585,6.010860484333333,6.88,6.166666666666667,7.39,10.0,7.4193804301999995,7A,Ametista,18.0,Masculino,,8.59375,Colégio Arco Íris Evolução,2024,Privada,0,-1.0333333333333332,0
RA-570,9.0,7.0,7.5,1.3,6.778,5.0,5.722,1,Topázio,10.0,Feminino,Não,,,2022,Privada,1,0.0,1
RA-570,8.5,7.3,3.77,5.9,8.056666667,5.0,6.781033333,FASE 1,Agata,,Feminino,,8.125,,2023,Privada,1,4.6000000000000005,0
RA-570,8.002,8.0020703935,5.625,6.75,6.4075,5.0,6.8133640787,2H,Agata,12.0,Feminino,,7.1875,EE João Ortiz Rodrigues,2024,Pública,1,0.8499999999999996,0
RA-571,8.5,8.8,7.5,3.7,6.944,5.0,6.589,1,Ametista,11.0,Feminino,Não,,,2022,Privada,1,0.0,1
RA-571,9.0,7.9,3.77,5.0,7.616666667,5.0,6.6097,FASE 1,Agata,12.0,Feminino,,7.291666667,,2023,Privada,1,1.2999999999999998,0
RA-571,7.002,8.695652174,4.375,5.25,5.8325,5.0,6.2964554347999995,2G,Agata,13.0,Feminino,,7.03125,EE João Ortiz Rodrigues,2024,Pública,1,0.25,0
RA-572,8.5,8.0,7.5,6.8,6.833,10.0,7.48,1,,9.0,Masculino,Não,,,2022,Privada,0,0.0,1
RA-573,9.5,9.9,7.5,8.2,8.944,5.0,8.261,1,Ametista,11.0,Masculino,Sim,,,2022,Privada,1,0.0,1
RA-573,9.5,9.8,5.0,6.6,8.45,5.0,7.774366667,FASE 2,Ametista,,Masculino,,8.541666667,,2023,Privada,1,-1.5999999999999996,0
RA-573,9.168,9.5,8.755,5.0,6.8275,10.0,7.839050000000001,3G,Ametista,13.0,Masculino,,7.8125,EE João Ortiz Rodrigues,2024,Pública,0,-1.5999999999999996,0
RA-574,9.5,7.2,5.0,7.5,6.944,5.0,6.86,1,,10.0,Masculino,Não,,,2022,Privada,1,0.0,1
RA-574,6.9,8.2,5.0,8.1,8.173333333,10.0,7.878133333,FASE 2,Ametista,,Masculino,,7.916666667,,2023,Privada,0,0.5999999999999996,0
RA-575,8.0,6.1,7.5,2.8,7.0,5.0,5.889,1,Ametista,12.0,Masculino,Não,,,2022,Privada,1,0.0,1
RA-576,9.5,9.1,7.5,7.8,7.111,5.0,7.59,1,,10.0,Feminino,Não,,,2022,Privada,1,0.0,1
RA-576,9.0,9.3,5.02,8.0,8.503333333,5.0,7.984741667,FASE 1,Ametista,11.0,Feminino,,9.21875,,2023,Privada,1,0.20000000000000018,0
RA-576,8.502,10.0,7.51,9.25,8.4975,10.0,8.93195,2H,Topázio,12.0,Feminino,,7.8125,EE João Ortiz Rodrigues,2024,Pública,0,1.25,0
RA-577,9.5,9.3,7.5,9.0,7.111,5.0,7.862,1,,10.0,Feminino,Não,,,2022,Privada,1,0.0,1
RA-577,10.0,8.2,3.77,7.4,7.673333333,5.0,7.219366667,FASE 1,Ametista,11.0,Feminino,,6.875,,2023,Privada,1,-1.5999999999999996,0
RA-577,8.502,5.7660455485,5.625,8.0,6.535,5.0,6.629159109700001,2H,Agata,12.0,Feminino,,6.5625,EE João Ortiz Rodrigues,2024,Pública,1,0.5999999999999996,0
RA-578,9.5,10.0,8.8,9.5,9.611,5.0,8.814,1,Ametista,10.0,Masculino,Sim,,,2022,Privada,1,0.0,1
RA-578,9.0,10.0,2.52,9.7,9.7625,10.0,9.013866667,FASE 2,Topázio,11.0,Masculino,,9.791666667,,2023,Privada,0,0.1999999999999993,0
RA-578,10.002,10.0,2.51,9.833333333333334,9.45,10.0,9.066199999966669,3C,Topázio,12.0,Masculino,,9.583333333,Colégio Arco Íris Evolução,2024,Privada,0,0.13333333333333464,0
RA-579,8.5,5.8,7.5,3.8,7.222,5.0,6.067,1,,10.0,Feminino,Não,,,2022,Privada,1,0.0,1
RA-58,9.6,9.2,6.3,7.2,8.125,10.0,8.136,5,Topázio,15.0,Masculino,Não,,,2022,Privada,0,0.0,1
RA-58,0.0,9.7,6.26,8.1,8.3825,10.0,7.70625,FASE 6,Ametista,,Masculino,,8.4375,,2023,Privada,0,0.8999999999999995,0
RA-58,9.585,9.824561403666666,7.51,7.333333333333333,8.62,10.0,8.7713289474,7A,Topázio,17.0,Masculino,,9.0625,Colégio Arco Íris Evolução,2024,Privada,0,-0.7666666666666666,0
RA-580,8.0,9.6,7.5,7.6,7.167,5.0,7.525,1,Topázio,10.0,Feminino,Não,,,2022,Privada,1,0.0,1
RA-580,8.5,9.8,7.52,9.0,8.67,5.0,8.4712,FASE 1,Topázio,11.0,Feminino,,8.75,,2023,Privada,1,1.4000000000000004,0
RA-580,9.002,8.871635610999999,7.51,9.25,7.2475,5.0,7.9281521222,2H,Ametista,12.0,Feminino,,7.03125,EE João Ortiz Rodrigues,2024,Pública,1,0.25,0
RA-581,7.5,8.9,7.5,5.0,5.889,5.0,6.464,1,Ametista,10.0,Masculino,Não,,,2022,Privada,1,0.0,1
RA-581,8.0,9.8,7.52,7.9,7.393333333,5.0,7.7167,FASE 1,Ametista,11.0,Masculino,,6.458333333,,2023,Privada,1,2.9000000000000004,0
RA-581,7.418,8.198757764,5.625,8.75,6.165,5.0,7.0833015528,2H,Ametista,12.0,Masculino,,6.5625,EE João Ortiz Rodrigues,2024,Pública,1,0.8499999999999996,0
RA-582,10.0,9.0,7.5,4.9,7.222,5.0,7.064,1,,10.0,Feminino,Não,,,2022,Privada,1,0.0,1
RA-583,8.5,9.4,7.5,7.1,7.333,5.0,7.456,1,Ametista,12.0,Feminino,Não,,,2022,Privada,1,0.0,1
RA-583,9.0,9.4,7.52,6.3,8.616666667,5.0,7.838866667,FASE 2,Ametista,,Feminino,,8.333333333,,2023,Privada,1,-0.7999999999999998,0
RA-583,7.917,8.904455179666668,8.135,5.0,6.87,10.0,7.447591035933334,3I,Ametista,14.0,Feminino,,6.875,EE Joaquim Mendes Feliz,2024,Pública,0,-1.2999999999999998,0
RA-584,8.0,8.5,7.5,4.6,7.333,5.0,6.714,1,Topázio,10.0,Feminino,Não,,,2022,Privada,1,0.0,1
RA-584,9.5,9.0,2.52,5.8,8.56,10.0,7.697533333,FASE 2,Ametista,11.0,Feminino,,8.333333333,,2023,Privada,0,1.2000000000000002,0
RA-584,8.751,5.636363636333333,8.755,4.333333333333333,6.37,10.0,6.752914393933334,3G,Agata,12.0,Feminino,,7.34375,EE João Ortiz Rodrigues,2024,Pública,0,-1.4666666666666668,0
RA-585,8.5,9.1,7.5,5.0,6.889,10.0,7.398,1,Ágata,9.0,Feminino,Não,,,2022,Privada,0,0.0,1
RA-586,10.0,9.6,5.6,8.2,8.778,5.0,7.988,1,,10.0,Feminino,Sim,,,2022,Privada,1,0.0,1
RA-586,8.0,10.0,2.52,8.4,9.343333333,10.0,8.4242,FASE 2,Topázio,10.0,Feminino,,8.333333333,,2023,Privada,0,0.20000000000000107,0
RA-586,9.168,9.241269841333333,7.51,8.5,8.056666667,10.0,8.702387301666668,3U,Topázio,11.0,Feminino,,8.75,Colégio Arco Íris Evolução,2024,Privada,0,0.09999999999999964,0
RA-587,9.5,9.3,7.5,3.8,6.167,5.0,6.632,1,,10.0,Masculino,Não,,,2022,Privada,1,0.0,1
RA-587,8.5,7.0,7.52,2.7,6.72,5.0,6.032033333,FASE 1,Agata,,Masculino,,6.458333333,,2023,Privada,1,-1.0999999999999996,0
RA-587,9.002,7.380952381,7.51,6.25,5.74,5.0,6.817057142900001,1L,Agata,12.0,Masculino,,7.916666667,EM Cecilia Cristina de Oliveira Rodrigues,2024,Privada,1,3.55,0
RA-588,9.5,10.0,5.6,9.3,8.278,10.0,8.622,1,,9.0,Feminino,Não,,,2022,Privada,0,0.0,1
RA-588,8.0,9.6,2.52,7.8,9.673333333,10.0,8.3527,FASE 2,Topázio,10.0,Feminino,,8.958333333,,2023,Privada,0,-1.5000000000000009,0
RA-588,9.168,9.833333333333334,7.51,7.833333333333333,8.0,10.0,8.676133333333334,3U,Topázio,11.0,Feminino,,8.75,Colégio Arco Íris Evolução,2024,Privada,0,0.033333333333333215,0
RA-589,9.5,9.4,7.5,5.8,7.056,10.0,7.744,1,,9.0,Feminino,Não,,,2022,Privada,0,0.0,1
RA-59,9.2,9.3,7.5,7.2,7.917,5.0,7.642,5,,17.0,Masculino,Não,,,2022,Privada,1,0.0,1
RA-59,7.5,9.6,5.63,7.2,8.4225,5.0,7.692291667,FASE 6,Ametista,,Masculino,,8.28125,,2023,Privada,1,0.0,0
RA-59,,0.0,,,,10.0,,8F,,19.0,Masculino,,,Faculdade FIAP,2024,Privada,0,0.0,0
RA-590,8.5,8.6,7.5,7.4,7.611,5.0,7.435,1,Ametista,10.0,Feminino,Não,,,2022,Privada,1,0.0,1
RA-590,6.3,9.7,3.77,6.5,8.34,10.0,7.647666667,FASE 2,Ametista,11.0,Feminino,,7.291666667,,2023,Privada,0,-0.9000000000000004,0
RA-590,8.002,8.457556936,6.26,4.0,7.723333333,5.0,6.712378053800001,2U,Agata,12.0,Feminino,,7.5,Colégio Nogueira e Sonho de Criança,2024,Privada,1,-2.5,0
RA-591,9.5,9.3,7.5,7.1,7.389,5.0,7.507,1,,11.0,Masculino,Não,,,2022,Privada,1,0.0,1
RA-591,9.0,8.5,6.27,6.9,7.333333333,5.0,7.1472,FASE 2,Ametista,,Masculino,,5.833333333,,2023,Privada,1,-0.1999999999999993,0
RA-591,7.418,7.913043478500001,6.255,7.5,6.54,5.0,6.8360336957,2K,Agata,13.0,Masculino,,5.78125,EM Cecilia Cristina de Oliveira Rodrigues,2024,Privada,1,0.5999999999999996,0
RA-592,8.0,8.5,5.6,8.4,7.778,5.0,7.381,1,Ametista,10.0,Feminino,Não,,,2022,Privada,1,0.0,1
RA-592,6.2,9.2,3.77,7.6,8.95,10.0,7.935466667,FASE 2,Ametista,11.0,Feminino,,7.916666667,,2023,Privada,0,-0.8000000000000007,0
RA-592,7.917,6.108152734666667,2.51,7.833333333333333,7.625,10.0,7.121622213600001,3L,Ametista,12.0,Feminino,,7.65625,Escola João Paulo II,2024,Privada,0,0.2333333333333334,0
RA-593,7.5,7.4,7.5,4.6,6.278,5.0,6.254,1,,10.0,Feminino,Não,,,2022,Privada,1,0.0,1
RA-594,8.0,9.4,7.5,7.8,6.889,5.0,7.392,1,,10.0,Masculino,Não,,,2022,Privada,1,0.0,1
RA-594,8.5,7.1,6.27,5.8,7.336666667,5.0,6.702033333,FASE 1,Agata,11.0,Masculino,,6.875,,2023,Privada,1,-2.0,0
RA-594,6.918,5.75,6.26,7.0,6.053333333,10.0,6.890966666600001,2M,Agata,12.0,Masculino,,8.125,EE Donizetti Aparecido Leite Professor,2024,Pública,0,1.2000000000000002,0
RA-595,8.5,5.5,7.5,1.0,6.0,5.0,5.18,1,Ágata,12.0,Masculino,Não,,,2022,Privada,1,0.0,1
RA-595,0.0,7.0,7.52,3.3,5.55,5.0,5.078666667,FASE 2,Quartzo,,Masculino,,6.666666667,,2023,Privada,1,2.3,0
RA-596,9.5,10.0,7.5,9.3,9.0,10.0,8.971,1,,9.0,Feminino,Sim,,,2022,Privada,0,0.0,1
RA-597,9.0,10.0,7.5,8.0,7.056,10.0,8.265,1,,9.0,Masculino,Não,,,2022,Privada,0,0.0,1
RA-597,10.0,9.6,7.52,8.5,8.56,5.0,8.49045,FASE 1,Topázio,10.0,Masculino,,9.0625,,2023,Privada,1,0.5,0
RA-597,9.002,9.3271221535,7.51,6.0,6.883333333,10.0,7.843291097300001,2L,Ametista,11.0,Masculino,,7.5,EE Maria André Schunck Dona,2024,Pública,0,-2.5,0
RA-598,9.5,7.2,7.5,3.7,6.944,5.0,6.35,1,,11.0,Feminino,Não,,,2022,Privada,1,0.0,1
RA-599,9.5,9.2,7.5,9.1,8.556,5.0,8.2,1,,10.0,Masculino,Sim,,,2022,Privada,1,0.0,1
RA-599,10.0,9.5,2.52,8.5,9.286666667,10.0,8.532866667,FASE 2,Topázio,10.0,Masculino,,8.333333333,,2023,Privada,0,-0.5999999999999996,0
RA-599,10.002,8.607843137333333,9.375,7.666666666666667,7.28,10.0,8.3569352941,3K,Topázio,12.0,Masculino,,7.083333333,EE Maria André Schunck Dona,2024,Pública,0,-0.833333333333333,0
RA-6,7.9,4.5,7.5,3.3,7.222,5.0,5.848,7,,18.0,Feminino,Não,,,2022,Privada,1,0.0,1
RA-6,,,,,,10.0,,FASE 8,,,Feminino,,,,2023,Privada,0,0.0,0
RA-6,,0.0,,,,10.0,,8E,,20.0,Feminino,,,Faculdade FIAP,2024,Privada,0,0.0,0
RA-60,6.7,6.0,7.5,4.9,6.167,2.5,5.537,5,,18.0,Feminino,Não,,,2022,Privada,1,0.0,1
RA-600,8.5,8.4,7.5,3.9,6.833,10.0,7.011,1,,9.0,Feminino,Não,,,2022,Privada,0,0.0,1
RA-600,8.5,8.4,7.52,7.2,8.056666667,5.0,7.651658333,FASE 1,Ametista,10.0,Feminino,,8.28125,,2023,Privada,1,3.3000000000000003,0
RA-600,8.002,8.010869565,7.51,7.5,7.22,10.0,7.847373913,2L,Ametista,11.0,Feminino,,7.5,EM Cecilia Cristina de Oliveira Rodrigues,2024,Privada,0,0.2999999999999998,0
RA-601,9.0,9.7,7.5,5.7,7.167,10.0,7.713,1,,8.0,Masculino,Não,,,2022,Privada,0,0.0,1
RA-601,9.0,10.0,7.52,8.7,8.336666667,10.0,8.955783333,FASE 1,Topázio,9.0,Masculino,,9.0625,,2023,Privada,0,2.999999999999999,0
RA-601,9.502,10.0,7.505,8.75,8.425,5.0,8.5107,1K,Topázio,10.0,Masculino,,8.75,EE Helio Luiz Dobrochinski Prof,2024,Pública,1,0.05000000000000071,0
RA-602,10.0,9.7,7.5,8.6,7.667,5.0,8.041,1,Ametista,11.0,Masculino,Não,,,2022,Privada,1,0.0,1
RA-602,10.0,9.6,7.52,8.1,9.51,5.0,8.5592,FASE 2,Topázio,12.0,Masculino,,8.75,,2023,Privada,1,-0.5,0
RA-602,9.585,9.670588235333334,7.51,7.333333333333333,8.545,10.0,8.647409313733334,3L,Topázio,13.0,Masculino,,8.28125,EE Maria André Schunck Dona,2024,Pública,0,-0.7666666666666666,0
RA-603,9.0,9.5,7.5,7.5,8.0,5.0,7.78,1,,11.0,Feminino,Não,,,2022,Privada,1,0.0,1
RA-603,0.0,8.9,2.52,7.0,7.78,10.0,6.748833333,FASE 2,Agata,11.0,Masculino,,7.708333333,,2023,Privada,0,-0.5,0
RA-603,9.585,7.155555555666666,6.885,4.666666666666667,6.216666667,10.0,6.942277777866667,3U,Agata,12.0,Masculino,,6.875,EE Donizetti Aparecido Leite Professor,2024,Pública,0,-2.333333333333333,0
RA-604,9.0,9.0,7.5,8.8,8.333,5.0,8.018,1,,10.0,Feminino,Não,,,2022,Privada,1,0.0,1
RA-604,9.0,9.3,7.52,7.5,8.616666667,10.0,8.548033333,FASE 2,Topázio,,Feminino,,8.125,,2023,Privada,0,-1.3000000000000007,0
RA-604,8.334,7.5029927763333335,8.13,7.0,6.21,10.0,7.429623555266667,3L,Ametista,12.0,Feminino,,6.40625,EE Maria André Schunck Dona,2024,Pública,0,-0.5,0
RA-605,6.9,9.3,6.9,7.1,7.556,5.0,7.276,1,,12.0,Feminino,Não,,,2022,Privada,1,0.0,1
RA-605,9.0,9.5,7.52,6.8,7.84,5.0,7.709366667,FASE 2,Ametista,12.0,Feminino,,7.291666667,,2023,Privada,1,-0.2999999999999998,0
RA-605,7.5,6.194444444333333,6.885,2.6666666666666665,5.534,10.0,6.0175222222,3M,Agata,13.0,Feminino,,7.0,EM Cecilia Cristina de Oliveira Rodrigues,2024,Privada,0,-4.133333333333333,0
RA-606,9.5,9.0,7.5,1.8,6.111,5.0,6.127,1,,10.0,Masculino,Não,,,2022,Privada,1,0.0,1
RA-606,8.5,8.5,7.52,6.0,8.223333333,5.0,7.402491667,FASE 1,Ametista,10.0,Masculino,,7.65625,,2023,Privada,1,4.2,0
RA-606,8.502,7.6136363634999995,6.885,3.25,5.606666667,10.0,6.645260606100001,2M,Agata,11.0,Masculino,,8.125,EE Donizetti Aparecido Leite Professor,2024,Pública,0,-2.75,0
RA-607,6.8,8.1,7.5,4.0,7.444,5.0,6.44,1,,10.0,Masculino,Não,,,2022,Privada,1,0.0,1
RA-607,8.0,7.5,7.52,6.8,8.17,5.0,7.333075,FASE 1,Ametista,11.0,Masculino,,7.96875,,2023,Privada,1,2.8,0
RA-607,8.502,7.4782608695,7.51,7.0,7.165,10.0,7.6486021739000005,2K,Ametista,12.0,Masculino,,7.1875,EE Helio Luiz Dobrochinski Prof,2024,Pública,0,0.20000000000000018,0
RA-608,7.8,9.6,7.5,6.3,7.222,5.0,7.216,1,,10.0,Masculino,Não,,,2022,Privada,1,0.0,1
RA-608,10.0,7.5,7.52,6.2,8.113333333,5.0,7.401741667,FASE 1,Ametista,10.0,Masculino,,7.96875,,2023,Privada,1,-0.09999999999999964,0
RA-608,9.002,3.054347826,6.885,4.25,5.053333333,10.0,5.778986231800001,2N,Quartzo,11.0,Masculino,,7.1875,EE Donizetti Aparecido Leite Professor,2024,Pública,0,-1.9500000000000002,0
RA-609,8.5,7.6,7.5,6.0,7.056,5.0,6.794,1,Ametista,11.0,Masculino,Não,,,2022,Privada,1,0.0,1
RA-609,9.5,6.4,7.52,5.3,6.216666667,5.0,6.463033333,FASE 2,Agata,,Masculino,,6.875,,2023,Privada,1,-0.7000000000000002,0
RA-61,9.2,7.4,7.5,5.8,7.875,10.0,7.533,5,,15.0,Masculino,Não,,,2022,Privada,0,0.0,1
RA-61,8.3,7.0,6.26,6.2,7.4625,10.0,7.382108333,FASE 6,Ametista,16.0,Masculino,,7.96875,,2023,Privada,0,0.40000000000000036,0
RA-610,9.0,9.6,7.5,6.5,8.5,10.0,8.18,1,,9.0,Feminino,Sim,,,2022,Privada,0,0.0,1
RA-610,10.0,10.0,2.52,7.0,8.896666667,10.0,8.2857,FASE 2,Topázio,,Feminino,,8.541666667,,2023,Privada,0,0.5,0
RA-610,9.585,9.694444444333334,3.76,6.333333333333333,8.336666667,10.0,7.894888888933334,3K,Ametista,11.0,Feminino,,6.875,EE Maria André Schunck Dona,2024,Pública,0,-0.666666666666667,0
RA-611,9.5,7.6,7.5,9.5,7.556,5.0,7.756,1,,12.0,Masculino,Não,,,2022,Privada,1,0.0,1
RA-612,9.0,9.2,7.5,7.9,7.167,5.0,7.594,1,,10.0,Feminino,Não,,,2022,Privada,1,0.0,1
RA-612,9.0,9.7,3.77,9.7,9.286666667,5.0,8.410783333,FASE 1,Topázio,11.0,Feminino,,9.0625,,2023,Privada,1,1.799999999999999,0
RA-612,8.002,9.5454545455,6.26,9.75,9.4,10.0,9.134040909100001,2M,Topázio,12.0,Feminino,,9.6875,Colégio Arco Íris Evolução,2024,Privada,0,0.05000000000000071,0
RA-613,9.0,9.2,7.5,9.2,8.556,5.0,8.121,1,Ametista,13.0,Masculino,Sim,,,2022,Privada,1,0.0,1
RA-613,9.2,9.4,5.0,4.8,7.2125,5.0,6.864508333,FASE 3,Agata,14.0,Masculino,,6.71875,,2023,Privada,1,-4.3999999999999995,0
RA-613,8.334,9.566666666666666,7.51,7.333333333333333,6.25,5.0,7.4019,3N,Ametista,15.0,Masculino,,6.875,EE Donizetti Aparecido Leite Professor,2024,Pública,1,2.533333333333333,0
RA-614,9.5,9.7,7.5,9.6,8.278,5.0,8.339,1,,12.0,Masculino,Não,,,2022,Privada,1,0.0,1
RA-614,9.0,9.1,7.52,8.6,8.563333333,5.0,8.2282,FASE 2,Topázio,13.0,Masculino,,8.333333333,,2023,Privada,1,-1.0,0
RA-614,9.585,9.700000000000001,7.51,6.833333333333333,7.603333333,5.0,7.8284999999666685,3U,Ametista,14.0,Masculino,,7.916666667,EE Paschoal Carlos Magno,2024,Pública,1,-1.7666666666666666,0
RA-615,9.5,9.7,7.5,7.3,6.889,10.0,8.086,1,Topázio,9.0,Feminino,Não,,,2022,Privada,0,0.0,1
RA-615,10.0,9.7,3.14,7.6,8.616666667,5.0,7.815658333,FASE 1,Ametista,,Feminino,,8.28125,,2023,Privada,1,0.2999999999999998,0
RA-616,7.4,7.4,7.5,8.8,7.278,5.0,7.303,1,Ágata,12.0,Masculino,Não,,,2022,Privada,1,0.0,1
RA-616,0.0,6.6,5.02,6.8,6.783333333,5.0,5.612,FASE 2,Quartzo,,Masculino,,5.833333333,,2023,Privada,1,-2.000000000000001,0
RA-616,7.5,3.087719298333333,6.885,3.8333333333333335,4.946666667,10.0,5.457877193033333,3U,Quartzo,14.0,Masculino,,6.458333333,EE Donizetti Aparecido Leite Professor,2024,Pública,0,-2.9666666666666663,0
RA-617,8.5,8.9,7.5,6.3,6.778,5.0,7.107,1,,11.0,Feminino,Não,,,2022,Privada,1,0.0,1
RA-617,0.0,9.0,7.52,6.9,8.116666667,5.0,6.816166667,FASE 1,Agata,11.0,Feminino,,7.708333333,,2023,Privada,1,0.6000000000000005,0
RA-618,8.9,8.3,7.5,6.7,7.333,5.0,7.18,1,Ametista,13.0,Masculino,Não,,,2022,Privada,1,0.0,1
RA-618,0.0,9.2,5.02,6.2,7.95,5.0,6.4745,FASE 2,Agata,,Masculino,,8.125,,2023,Privada,1,-0.5,0
RA-618,10.002,8.324074074,6.88,4.166666666666667,6.826666667,5.0,6.718348148233334,3K,Agata,15.0,Masculino,,6.666666667,EE Donizetti Aparecido Leite Professor,2024,Pública,1,-2.033333333333333,0
RA-619,9.5,8.0,7.5,9.0,7.333,5.0,7.693,1,,11.0,Feminino,Não,,,2022,Privada,1,0.0,1
RA-619,9.0,7.1,3.77,9.0,8.116666667,10.0,7.891366667,FASE 2,Ametista,11.0,Feminino,,7.708333333,,2023,Privada,0,0.0,0
RA-62,8.8,9.4,7.5,9.3,7.25,5.0,7.891,5,,17.0,Masculino,Não,,,2022,Privada,1,0.0,1
RA-62,0.0,9.8,6.89,7.5,8.215,10.0,7.610333333,FASE 7,Ametista,17.0,Feminino,,8.25,,2023,Privada,0,-1.8000000000000007,0
RA-62,,0.0,,,,10.0,,8F,,18.0,Feminino,,,Universidade Estácio de Sá,2024,Privada,0,0.0,0
RA-620,0.0,7.5,7.5,6.8,6.833,5.0,6.018,1,,12.0,Masculino,Não,,,2022,Privada,1,0.0,1
RA-620,6.8,8.4,7.52,6.2,7.503333333,5.0,7.043666667,FASE 2,Ametista,13.0,Masculino,,6.875,,2023,Privada,1,-0.5999999999999996,0
RA-620,8.334,3.9841269843333333,7.51,2.5,5.886666667,10.0,5.766892063566667,3U,Quartzo,14.0,Masculino,,7.083333333,EE Donizetti Aparecido Leite Professor,2024,Pública,0,-3.7,0
RA-621,9.5,7.7,7.5,7.5,8.222,5.0,7.448,1,Topázio,10.0,Masculino,Não,,,2022,Privada,1,0.0,1
RA-622,3.5,3.8,7.5,3.8,6.0,5.0,4.934,1,Quartzo,12.0,Feminino,Não,,,2022,Privada,1,0.0,1
RA-623,7.5,9.0,7.5,8.3,7.389,5.0,7.524,1,,13.0,Masculino,Não,,,2022,Privada,1,0.0,1
RA-623,10.0,9.5,7.52,7.3,7.446666667,5.0,7.8307,FASE 2,Ametista,14.0,Masculino,,7.291666667,,2023,Privada,1,-1.0000000000000009,0
RA-623,8.334,7.3999999999999995,6.885,4.0,7.05,5.0,6.357733333300001,3U,Agata,15.0,Masculino,,6.458333333,EE Donizetti Aparecido Leite Professor,2024,Pública,1,-3.3,0
RA-624,9.0,8.9,7.5,6.8,7.722,5.0,7.425,1,,10.0,Masculino,Não,,,2022,Privada,1,0.0,1
RA-624,9.0,9.2,7.52,8.6,8.39,5.0,8.270825,FASE 1,Topázio,,Masculino,,8.90625,,2023,Privada,1,1.7999999999999998,0
RA-624,8.002,8.219461698,7.51,4.0,7.213333333,10.0,7.229425672900001,2L,Ametista,12.0,Masculino,,7.916666667,EM Cecilia Cristina de Oliveira Rodrigues,2024,Privada,0,-4.6,0
RA-625,8.0,9.2,7.5,7.8,7.333,5.0,7.483,1,,11.0,Masculino,Não,,,2022,Privada,1,0.0,1
RA-626,7.4,7.6,7.5,1.3,7.278,5.0,5.818,1,,11.0,Masculino,Não,,,2022,Privada,1,0.0,1
RA-626,9.0,9.2,4.39,6.5,7.613333333,5.0,7.231033333,FASE 2,Ametista,12.0,Masculino,,7.291666667,,2023,Privada,1,5.2,0
RA-626,9.585,3.380451127666667,6.885,5.333333333333333,6.443333333,10.0,6.407590225500001,3U,Agata,13.0,Masculino,,7.291666667,EE Donizetti Aparecido Leite Professor,2024,Pública,0,-1.166666666666667,0
RA-627,7.0,6.7,7.5,6.5,7.0,5.0,6.621,1,,10.0,Feminino,Não,,,2022,Privada,1,0.0,1
RA-628,9.5,7.6,7.5,9.2,7.333,5.0,7.577,1,,11.0,Masculino,Não,,,2022,Privada,1,0.0,1
RA-628,9.5,8.9,7.52,9.4,8.45,5.0,8.370325,FASE 1,Topázio,12.0,Masculino,,8.28125,,2023,Privada,1,0.20000000000000107,0
RA-628,9.002,10.0,7.51,9.0,7.833333333,5.0,8.2366166666,2U,Topázio,13.0,Masculino,,7.1875,EM Alfredo Schunk,2024,Privada,1,-0.40000000000000036,0
RA-629,9.0,10.0,7.5,7.0,7.278,10.0,8.11,1,,9.0,Masculino,Não,,,2022,Privada,0,0.0,1
RA-629,10.0,9.4,7.52,7.5,7.95,5.0,8.013866667,FASE 1,Topázio,10.0,Feminino,,7.916666667,,2023,Privada,1,0.5,0
RA-629,10.002,9.523809524,7.51,6.0,7.276666667,10.0,8.061295238200001,2U,Topázio,11.0,Feminino,,7.5,EM Cecilia Cristina de Oliveira Rodrigues,2024,Privada,0,-1.5,0
RA-63,8.3,9.1,8.8,8.7,9.417,5.0,8.282,5,Ametista,16.0,Masculino,Sim,,,2022,Privada,1,0.0,1
RA-63,6.7,9.0,6.89,8.7,8.9675,5.0,8.0641,FASE 6,Topázio,,Masculino,,8.75,,2023,Privada,1,0.0,0
RA-630,9.5,9.2,7.5,7.3,7.278,10.0,8.064,1,,9.0,Masculino,Não,,,2022,Privada,0,0.0,1
RA-630,9.0,8.6,3.77,5.7,8.673333333,5.0,7.199991667,FASE 1,Ametista,10.0,Masculino,,8.28125,,2023,Privada,1,-1.5999999999999996,0
RA-630,0.0,8.4782608695,7.51,5.75,7.666666667,10.0,6.879985507300001,2L,Agata,11.0,Masculino,,7.5,EE Maria André Schunck Dona,2024,Pública,0,0.04999999999999982,0
RA-631,8.5,6.8,7.5,7.0,7.222,5.0,6.928,1,,12.0,Masculino,Não,,,2022,Privada,1,0.0,1
RA-631,0.0,6.4,6.27,7.0,6.78,5.0,5.954666667,FASE 2,Quartzo,13.0,Masculino,,7.916666667,,2023,Privada,1,0.0,0
RA-631,8.334,7.2122004356666665,8.75,4.166666666666667,6.245,10.0,6.795673420466667,3L,Agata,14.0,Masculino,,5.625,EE Maria André Schunck Dona,2024,Pública,0,-2.833333333333333,0
RA-632,8.5,9.3,6.9,6.3,6.722,5.0,6.996,1,,10.0,Feminino,Não,,,2022,Privada,1,0.0,1
RA-632,4.7,9.1,5.64,7.4,8.563333333,10.0,7.8768,FASE 2,Ametista,11.0,Feminino,,8.333333333,,2023,Privada,0,1.1000000000000005,0
RA-632,7.917,8.999164578333334,6.875,4.166666666666667,7.875,10.0,7.515491249000001,3P,Ametista,12.0,Feminino,,8.28125,EE Maria André Schunck Dona,2024,Pública,0,-3.2333333333333334,0
RA-633,7.3,8.9,7.5,7.7,7.833,5.0,7.476,1,Ametista,11.0,Feminino,Não,,,2022,Privada,1,0.0,1
RA-633,1.7,8.1,6.27,7.2,7.286666667,5.0,6.6552,FASE 2,Agata,,Feminino,,8.541666667,,2023,Privada,1,-0.5,0
RA-633,4.584,4.707017544,2.51,3.3333333333333335,6.1175,10.0,5.228470175466667,3P,Quartzo,13.0,Feminino,,6.875,EE Maria André Schunck Dona,2024,Pública,0,-3.8666666666666667,0
RA-634,9.5,9.4,7.5,6.5,8.222,5.0,7.619,1,,11.0,Feminino,Não,,,2022,Privada,1,0.0,1
RA-635,10.0,4.9,6.9,1.5,6.444,5.0,5.313,1,,10.0,Masculino,Não,,,2022,Privada,1,0.0,1
RA-636,8.5,8.0,6.9,7.3,7.389,5.0,7.189,1,,10.0,Masculino,Não,,,2022,Privada,1,0.0,1
RA-636,0.0,8.3,5.64,9.0,7.446666667,5.0,6.836666667,FASE 1,Agata,11.0,Masculino,,8.333333333,,2023,Privada,1,1.7000000000000002,0
RA-636,8.002,4.9043062200000005,7.51,5.25,5.553333333,10.0,6.3802279106,2P,Agata,12.0,Masculino,,6.875,EE Donizetti Aparecido Leite Professor,2024,Pública,0,-3.75,0
RA-637,8.5,9.0,7.5,5.8,7.0,5.0,7.039,1,,10.0,Feminino,Não,,,2022,Privada,1,0.0,1
RA-637,8.0,9.5,7.52,8.5,8.17,5.0,8.109533333,FASE 1,Topázio,11.0,Feminino,,8.333333333,,2023,Privada,1,2.7,0
RA-637,7.502,6.2272727275,7.51,7.75,7.776666667,10.0,7.6853212122,2P,Ametista,12.0,Feminino,,8.333333333,EE Donizetti Aparecido Leite Professor,2024,Pública,0,-0.75,0
RA-638,8.5,9.3,7.5,3.9,6.278,10.0,7.059,1,Topázio,9.0,Feminino,Não,,,2022,Privada,0,0.0,1
RA-638,9.0,9.4,7.52,6.5,7.946666667,5.0,7.754866667,FASE 1,Ametista,,Feminino,,8.333333333,,2023,Privada,1,2.6,0
RA-638,8.502,5.7272727275,7.51,5.0,5.936666667,10.0,6.7464878789,2P,Agata,11.0,Feminino,,8.125,EE Donizetti Aparecido Leite Professor,2024,Pública,0,-1.5,0
RA-639,8.5,7.4,7.5,5.5,6.611,5.0,6.613,1,,10.0,Feminino,Não,,,2022,Privada,1,0.0,1
RA-639,7.4,8.1,6.27,6.3,7.62,10.0,7.5853,FASE 2,Ametista,11.0,Feminino,,8.125,,2023,Privada,0,0.7999999999999998,0
RA-639,7.917,5.278195488666667,2.51,3.8333333333333335,6.1625,10.0,5.7693807644,3P,Quartzo,12.0,Feminino,,6.71875,EE Maria André Schunck Dona,2024,Pública,0,-2.4666666666666663,0
RA-64,7.1,8.1,8.1,7.5,8.25,5.0,7.368,5,Ametista,16.0,Masculino,Não,,,2022,Privada,1,0.0,1
RA-64,7.5,9.2,6.89,6.7,7.9625,5.0,7.452541667,FASE 6,Ametista,,Feminino,,7.34375,,2023,Privada,1,-0.7999999999999998,0
RA-64,10.002,8.980785296666667,8.135,8.166666666666666,8.283333333,10.0,8.743607059266667,7A,Topázio,18.0,Feminino,,8.4375,Colégio Arco Íris Evolução,2024,Privada,0,1.466666666666666,0
RA-640,9.0,8.4,7.5,4.8,6.778,5.0,6.73,1,,11.0,Feminino,Não,,,2022,Privada,1,0.0,1
RA-640,0.0,7.3,7.52,4.9,8.446666667,5.0,6.1105,FASE 1,Agata,12.0,Feminino,,7.291666667,,2023,Privada,1,0.10000000000000053,0
RA-641,9.0,9.3,7.5,6.5,6.778,10.0,7.776,1,,9.0,Feminino,Não,,,2022,Privada,0,0.0,1
RA-642,10.0,9.7,6.9,7.3,7.778,5.0,7.75,1,,10.0,Feminino,Não,,,2022,Privada,1,0.0,1
RA-642,9.5,9.2,6.27,6.5,9.173333333,10.0,8.416866667,FASE 2,Topázio,,Feminino,,8.75,,2023,Privada,0,-0.7999999999999998,0
RA-642,9.585,9.149206349333333,3.76,4.0,6.9975,10.0,7.082591269866667,3P,Ametista,12.0,Feminino,,7.1875,EE Maria André Schunck Dona,2024,Pública,0,-2.5,0
RA-643,9.0,8.0,7.5,6.2,6.722,5.0,6.763,1,,10.0,Masculino,Não,,,2022,Privada,1,0.0,1
RA-643,9.5,8.2,7.52,7.1,7.613333333,5.0,7.389033333,FASE 1,Ametista,,Masculino,,6.041666667,,2023,Privada,1,0.8999999999999995,0
RA-643,9.002,6.8660287085,7.51,4.5,5.826666667,5.0,6.402239075100001,2P,Agata,12.0,Masculino,,8.125,EE Donizetti Aparecido Leite Professor,2024,Pública,1,-2.5999999999999996,0
RA-644,9.5,8.0,7.5,8.8,8.278,5.0,7.83,1,,11.0,Feminino,Não,,,2022,Privada,1,0.0,1
RA-644,10.0,5.6,7.52,5.9,7.503333333,5.0,6.897033333,FASE 2,Agata,,Feminino,,8.541666667,,2023,Privada,1,-2.9000000000000004,0
RA-645,8.5,8.1,7.5,2.0,6.833,5.0,6.086,1,,10.0,Feminino,Não,,,2022,Privada,1,0.0,1
RA-645,9.0,8.5,6.27,7.3,8.116666667,5.0,7.613033333,FASE 1,Ametista,11.0,Feminino,,8.125,,2023,Privada,1,5.3,0
RA-645,7.418,8.3863636365,7.51,5.25,7.556666667,10.0,7.502239394,2P,Ametista,12.0,Feminino,,7.708333333,EE Donizetti Aparecido Leite Professor,2024,Pública,0,-2.05,0
RA-646,8.5,9.8,8.1,8.4,8.389,5.0,8.181,1,Ametista,13.0,Masculino,Sim,,,2022,Privada,1,0.0,1
RA-646,10.0,8.9,7.52,8.4,8.783333333,5.0,8.3547,FASE 2,Topázio,13.0,Masculino,,8.958333333,,2023,Privada,1,0.0,0
RA-646,10.002,9.266666666666667,7.51,6.166666666666667,7.7475,5.0,7.715491666666668,3P,Ametista,14.0,Masculino,,8.28125,EE Donizetti Aparecido Leite Professor,2024,Pública,1,-2.2333333333333334,0
RA-647,9.5,8.6,7.5,3.3,7.278,5.0,6.606,1,,10.0,Masculino,Não,,,2022,Privada,1,0.0,1
RA-647,7.3,8.7,6.27,5.2,8.446666667,5.0,7.100566667,FASE 1,Ametista,,Feminino,,7.708333333,,2023,Privada,1,1.9000000000000004,0
RA-648,9.0,7.5,6.9,5.3,7.5,5.0,6.736,1,Ametista,12.0,Masculino,Não,,,2022,Privada,1,0.0,1
RA-649,8.5,8.9,5.6,7.4,7.611,5.0,7.302,1,Ágata,12.0,Feminino,Não,,,2022,Privada,1,0.0,1
RA-649,9.0,9.3,3.77,6.5,8.836666667,5.0,7.579533333,FASE 2,Ametista,,Feminino,,8.75,,2023,Privada,1,-0.9000000000000004,0
RA-649,8.751,6.004481792666667,8.76,3.6666666666666665,7.333333333,10.0,6.985329691766667,3R,Agata,14.0,Feminino,,8.333333333,EE Paschoal Carlos Magno,2024,Pública,0,-2.8333333333333335,0
RA-65,8.3,7.7,7.5,9.3,7.875,5.0,7.712,5,,17.0,Feminino,Não,,,2022,Privada,1,0.0,1
RA-650,6.9,8.7,5.6,6.9,7.5,5.0,7.004,1,,11.0,Feminino,Não,,,2022,Privada,1,0.0,1
RA-651,8.5,9.3,7.5,7.8,8.333,5.0,7.866,1,,10.0,Feminino,Não,,,2022,Privada,1,0.0,1
RA-651,0.0,8.2,3.77,9.3,7.95,10.0,7.332,FASE 2,Ametista,,Feminino,,8.75,,2023,Privada,0,1.5000000000000009,0
RA-651,9.168,10.0,7.51,7.5,8.336666667,10.0,8.689300000100001,3K,Topázio,12.0,Feminino,,8.541666667,EE Mario Francisco de Amorim,2024,Pública,0,-1.8000000000000007,0
RA-652,8.0,9.6,7.5,7.8,7.5,10.0,8.151,1,,9.0,Feminino,Não,,,2022,Privada,0,0.0,1
RA-652,9.0,9.4,6.89,7.0,8.446666667,5.0,7.871033333,FASE 1,Ametista,,Feminino,,8.125,,2023,Privada,1,-0.7999999999999998,0
RA-652,8.002,6.931818182000001,7.51,5.5,7.663333333,10.0,7.361896969700001,2P,Ametista,11.0,Feminino,,7.916666667,EE Donizetti Aparecido Leite Professor,2024,Pública,0,-1.5,0
RA-653,9.5,9.6,7.5,9.3,7.5,5.0,8.101,1,,11.0,Feminino,Não,,,2022,Privada,1,0.0,1
RA-653,0.0,9.8,6.27,7.9,9.06,5.0,7.385666667,FASE 2,Ametista,12.0,Feminino,,9.166666667,,2023,Privada,1,-1.4000000000000004,0
RA-653,8.751,9.537254901999999,8.76,5.166666666666667,7.89,10.0,8.103217647033333,3R,Topázio,13.0,Feminino,,8.333333333,EE Donizetti Aparecido Leite Professor,2024,Pública,0,-2.7333333333333334,0
RA-654,8.5,8.6,7.5,6.8,7.556,5.0,7.308,1,,12.0,Feminino,Não,,,2022,Privada,1,0.0,1
RA-655,7.5,9.2,7.5,8.3,8.389,5.0,7.785,1,Ametista,12.0,Feminino,Sim,,,2022,Privada,1,0.0,1
RA-655,7.4,9.9,7.52,8.3,8.896666667,5.0,8.3198,FASE 2,Topázio,13.0,Feminino,,9.166666667,,2023,Privada,1,0.0,0
RA-655,7.501,10.0,8.76,6.833333333333333,7.166666667,10.0,8.238600000066668,3R,Topázio,14.0,Feminino,,8.125,EE Donizetti Aparecido Leite Professor,2024,Pública,0,-1.4666666666666677,0
RA-656,7.4,7.5,5.6,6.3,7.5,5.0,6.652,1,Topázio,11.0,Feminino,Não,,,2022,Privada,1,0.0,1
RA-656,0.0,8.9,7.52,7.3,7.173333333,5.0,6.780833333,FASE 2,Agata,12.0,Feminino,,8.541666667,,2023,Privada,1,1.0,0
RA-656,9.168,5.978431372666667,7.51,4.166666666666667,6.106666667,10.0,6.668152941266667,3R,Agata,13.0,Feminino,,7.5,EE Donizetti Aparecido Leite Professor,2024,Pública,0,-3.133333333333333,0
RA-657,9.5,9.8,7.5,9.0,7.5,5.0,8.093,1,,12.0,Feminino,Não,,,2022,Privada,1,0.0,1
RA-657,8.5,10.0,7.52,8.2,8.73,5.0,8.3532,FASE 2,Topázio,,Feminino,,8.75,,2023,Privada,1,-0.8000000000000007,0
RA-657,8.751,9.6,6.885,7.5,7.056666667,10.0,8.207433333400001,3R,Topázio,13.0,Feminino,,8.125,EE Donizetti Aparecido Leite Professor,2024,Pública,0,-0.6999999999999993,0
RA-658,10.0,9.3,7.5,5.6,7.917,5.0,7.407,1,,10.0,Feminino,Não,,,2022,Privada,1,0.0,1
RA-658,9.5,9.5,7.52,6.1,9.173333333,10.0,8.438533333,FASE 2,Topázio,10.0,Feminino,,7.916666667,,2023,Privada,0,0.5,0
RA-658,8.751,10.0,8.135,3.6666666666666665,6.738,10.0,7.507033333333333,3M,Ametista,12.0,Feminino,,7.375,EM Cecilia Cristina de Oliveira Rodrigues,2024,Privada,0,-2.433333333333333,0
RA-659,8.0,7.8,7.5,9.3,8.333,5.0,7.783,1,,10.0,Feminino,Não,,,2022,Privada,1,0.0,1
RA-66,7.5,5.6,7.5,4.5,5.917,5.0,5.665,5,,17.0,Feminino,Não,,,2022,Privada,1,0.0,1
RA-660,9.5,9.0,7.5,6.9,9.083,10.0,8.363,1,,9.0,Feminino,Sim,,,2022,Privada,0,0.0,1
RA-661,9.0,8.3,7.5,7.8,7.917,5.0,7.593,1,,11.0,Masculino,Não,,,2022,Privada,1,0.0,1
RA-661,0.0,7.7,6.89,6.5,7.836666667,10.0,6.846333333,FASE 2,Agata,,Masculino,,7.5,,2023,Privada,0,-1.2999999999999998,0
RA-662,9.0,8.8,7.5,6.8,6.083,5.0,7.044,1,,11.0,Feminino,Não,,,2022,Privada,1,0.0,1
RA-662,6.8,7.6,6.27,6.7,6.72,5.0,6.733566667,FASE 2,Agata,12.0,Feminino,,7.291666667,,2023,Privada,1,-0.09999999999999964,0
RA-662,7.917,7.6107226106666666,7.51,4.166666666666667,7.234,10.0,7.1074778554666675,3M,Ametista,13.0,Feminino,,7.625,EM Cecilia Cristina de Oliveira Rodrigues,2024,Privada,0,-2.533333333333333,0
RA-663,6.9,8.7,7.5,5.8,5.25,5.0,6.376,1,,10.0,Masculino,Não,,,2022,Privada,1,0.0,1
RA-663,6.9,7.4,7.52,7.0,7.393333333,5.0,6.969133333,FASE 1,Agata,11.0,Masculino,,6.666666667,,2023,Privada,1,1.2000000000000002,0
RA-663,8.502,7.0910973085,5.625,6.5,6.89,5.0,6.696419461700001,2L,Agata,12.0,Masculino,,6.875,EE Maria André Schunck Dona,2024,Pública,1,-0.5,0
RA-664,9.5,8.8,7.5,6.3,7.167,5.0,7.277,1,,10.0,Feminino,Não,,,2022,Privada,1,0.0,1
RA-664,9.0,9.6,7.52,8.0,8.116666667,5.0,8.0872,FASE 1,Topázio,11.0,Feminino,,7.916666667,,2023,Privada,1,1.7000000000000002,0
RA-664,9.002,6.7734553775,7.51,5.75,7.666666667,10.0,7.5017244089,2N,Ametista,12.0,Feminino,,8.125,EE Donizetti Aparecido Leite Professor,2024,Pública,0,-2.25,0
RA-665,9.0,7.4,7.5,6.8,7.25,5.0,6.996,1,,11.0,Feminino,Não,,,2022,Privada,1,0.0,1
RA-665,9.5,4.9,2.52,5.2,8.226666667,5.0,6.185658333,FASE 1,Agata,,Feminino,,8.28125,,2023,Privada,1,-1.5999999999999996,0
RA-665,8.334,5.068181818,5.63,4.75,5.443333333,5.0,5.698703030200001,2M,Quartzo,12.0,Feminino,,7.5,EE Donizetti Aparecido Leite Professor,2024,Pública,1,-0.4500000000000002,0
RA-666,9.5,9.1,7.5,7.8,8.833,5.0,7.929,1,,10.0,Masculino,Sim,,,2022,Privada,1,0.0,1
RA-666,9.5,9.1,7.52,7.1,9.62,10.0,8.720366667,FASE 2,Topázio,,Masculino,,8.541666667,,2023,Privada,0,-0.7000000000000002,0
RA-666,10.002,7.881527348,7.51,7.166666666666667,8.375,10.0,8.185838802933334,3L,Topázio,12.0,Masculino,,7.5,EE Maria André Schunck Dona,2024,Pública,0,0.06666666666666732,0
RA-667,8.5,5.6,7.5,4.5,5.833,5.0,5.844,1,,11.0,Masculino,Não,,,2022,Privada,1,0.0,1
RA-667,9.0,6.9,6.89,5.2,7.836666667,5.0,6.774866667,FASE 2,Agata,12.0,Masculino,,7.083333333,,2023,Privada,1,0.7000000000000002,0
RA-667,9.168,7.038986354666666,7.51,4.666666666666667,6.966,10.0,7.177130604266668,3M,Ametista,13.0,Masculino,,7.75,EM Cecilia Cristina de Oliveira Rodrigues,2024,Privada,0,-0.5333333333333332,0
RA-668,6.9,3.3,7.5,2.8,3.75,5.0,4.365,1,,11.0,Masculino,Não,,,2022,Privada,1,0.0,1
RA-668,6.3,6.3,7.52,3.4,7.616666667,5.0,6.017933333,FASE 2,Agata,12.0,Masculino,,6.875,,2023,Privada,1,0.6000000000000001,0
RA-669,9.0,9.7,7.5,6.0,7.833,5.0,7.475,1,,11.0,Masculino,Não,,,2022,Privada,1,0.0,1
RA-669,8.5,7.8,7.52,5.0,7.06,10.0,7.345033333,FASE 2,Ametista,11.0,Masculino,,7.708333333,,2023,Privada,0,-1.0,0
RA-669,7.5,4.851851851666666,7.51,5.333333333333333,6.883333333,10.0,6.6438703703,3K,Agata,12.0,Masculino,,7.291666667,EE Maria André Schunck Dona,2024,Pública,0,0.33333333333333304,0
RA-67,5.8,3.0,7.5,3.6,6.889,5.0,5.195,5,Ágata,16.0,Feminino,Não,,,2022,Privada,1,0.0,1
RA-670,8.0,8.8,7.5,6.9,8.167,5.0,7.451,1,,10.0,Feminino,Não,,,2022,Privada,1,0.0,1
RA-670,9.5,8.7,7.52,7.0,9.343333333,10.0,8.6067,FASE 2,Topázio,,Feminino,,8.958333333,,2023,Privada,0,0.09999999999999964,0
RA-670,9.585,9.441269841333334,7.51,8.666666666666666,8.166666667,10.0,8.8602539683,3U,Topázio,12.0,Feminino,,8.958333333,Colégio Arco Íris Evolução,2024,Privada,0,1.666666666666666,0
RA-671,8.5,8.2,8.1,8.8,7.417,5.0,7.617,,,9.0,Masculino,Não,,,2022,Privada,1,0.0,1
RA-671,7.9,8.3,3.14,7.8,5.68,5.0,6.5143,ALFA,Agata,,Masculino,,5.625,,2023,Privada,1,-1.0000000000000009,0
RA-672,8.5,8.5,8.1,8.8,6.75,5.0,7.48,,,9.0,Feminino,Não,,,2022,Privada,1,0.0,1
RA-672,7.9,9.5,2.52,6.4,6.43,5.0,6.5623,ALFA,Agata,10.0,Feminino,,5.625,,2023,Privada,1,-2.4000000000000004,0
RA-672,7.918,3.9525691700000003,6.26,0.0,4.496666667,5.0,4.2118138341,1H,Quartzo,11.0,Feminino,,6.041666667,EM Etelvina Delfim Simões,2024,Privada,1,-6.4,0
RA-673,8.5,9.2,8.1,9.2,8.583,10.0,8.65,,,8.0,Feminino,Sim,,,2022,Privada,0,0.0,1
RA-674,9.5,8.7,8.1,8.0,6.333,10.0,7.862,,,8.0,Masculino,Não,,,2022,Privada,0,0.0,1
RA-674,7.9,8.5,3.77,5.2,8.67,5.0,6.6328,ALFA,Agata,9.0,Masculino,,5.0,,2023,Privada,1,-2.8,0
RA-675,10.0,6.6,8.1,7.4,7.083,10.0,7.576,,,8.0,Masculino,Não,,,2022,Privada,0,0.0,1
RA-675,10.0,8.0,7.52,8.3,8.34,10.0,8.3577,ALFA,Topázio,,Masculino,,6.875,,2023,Privada,0,0.9000000000000004,0
RA-676,8.5,8.6,8.1,9.3,8.167,5.0,7.911,,,9.0,Masculino,Não,,,2022,Privada,1,0.0,1
RA-677,10.0,9.4,7.5,7.3,8.583,10.0,8.358,,,8.0,Feminino,Sim,,,2022,Privada,0,0.0,1
RA-677,10.0,8.2,10.0,8.7,9.84,5.0,8.5257,ALFA,Topázio,9.0,Feminino,,6.875,,2023,Privada,1,1.3999999999999995,0
RA-678,9.0,10.0,6.9,7.3,9.5,5.0,8.0,,,9.0,Masculino,Sim,,,2022,Privada,1,0.0,1
RA-678,8.0,8.8,6.27,7.3,8.336666667,5.0,7.570158333,FASE 1,Ametista,10.0,Masculino,,7.65625,,2023,Privada,1,0.0,0
RA-679,9.0,8.2,7.5,6.3,7.833,5.0,7.172,,Ametista,10.0,Masculino,Não,,,2022,Privada,1,0.0,1
RA-679,7.5,7.5,5.02,3.6,7.393333333,5.0,6.138366667,FASE 1,Agata,11.0,Masculino,,6.875,,2023,Privada,1,-2.6999999999999997,0
RA-68,8.3,6.0,7.5,4.0,7.944,5.0,6.438,5,Ametista,16.0,Masculino,Não,,,2022,Privada,1,0.0,1
RA-680,9.5,8.8,7.5,7.4,7.75,5.0,7.518,,Ametista,10.0,Feminino,Não,,,2022,Privada,1,0.0,1
RA-680,0.0,9.1,7.52,6.4,7.78,5.0,6.5855,FASE 1,Agata,,Feminino,,6.875,,2023,Privada,1,-1.0,0
RA-680,0.0,6.6428571430000005,5.635,3.0,6.606666667,5.0,4.9800714287000005,2A,Quartzo,12.0,Feminino,,6.666666667,EE Leonice de Aquino Oliveira,2024,Pública,1,-3.4000000000000004,0
RA-681,8.5,8.5,6.9,6.5,8.0,5.0,7.204,,,10.0,Masculino,Não,,,2022,Privada,1,0.0,1
RA-681,0.0,7.8,3.77,8.3,8.18,5.0,6.2955,ALFA,Agata,10.0,Masculino,,5.625,,2023,Privada,1,1.8000000000000007,0
RA-681,9.502,7.840909091,6.26,2.5,6.665,5.0,6.0398818182000005,1C,Agata,11.0,Masculino,,5.625,João Friaza Colégio,2024,Privada,1,-5.800000000000001,0
RA-682,9.5,9.1,7.5,7.0,8.083,5.0,7.625,,,11.0,Masculino,Não,,,2022,Privada,1,0.0,1
RA-683,7.9,5.0,7.5,4.0,8.083,5.0,6.011,,,10.0,Masculino,Não,,,2022,Privada,1,0.0,1
RA-684,9.5,7.5,8.1,9.3,7.917,10.0,8.26,,,7.0,Masculino,Não,,,2022,Privada,0,0.0,1
RA-684,9.0,8.1,7.52,6.5,5.84,10.0,7.4277,ALFA,Ametista,8.0,Masculino,,6.875,,2023,Privada,0,-2.8000000000000007,0
RA-684,10.002,9.090909091,7.51,4.25,8.0,10.0,7.769381818200001,1C,Ametista,9.0,Masculino,,7.5,Recanto Betânia Centro Educacional,2024,Privada,0,-2.25,0
RA-685,9.0,6.2,5.0,8.0,7.833,5.0,6.864,,,9.0,Masculino,Não,,,2022,Privada,1,0.0,1
RA-686,7.5,8.6,8.1,8.8,8.083,5.0,7.729,,,9.0,Feminino,Não,,,2022,Privada,1,0.0,1
RA-686,8.5,9.0,7.52,8.0,8.56,5.0,7.9642,FASE 1,Ametista,10.0,Feminino,,7.5,,2023,Privada,1,-0.8000000000000007,0
RA-686,8.002,8.7857142855,6.885,7.25,7.503333333,10.0,8.040259523700001,2C,Topázio,11.0,Feminino,,8.4375,EE Joaquim Mendes Feliz,2024,Pública,0,-0.75,0
RA-687,8.5,9.0,8.1,8.3,8.0,5.0,7.703,,,9.0,Masculino,Não,,,2022,Privada,1,0.0,1
RA-687,8.0,9.0,7.52,6.9,8.226666667,5.0,7.617533333,FASE 1,Ametista,10.0,Masculino,,7.5,,2023,Privada,1,-1.4000000000000004,0
RA-687,7.502,9.2355889725,7.51,7.25,8.003333333,10.0,8.2739844611,2D,Topázio,11.0,Masculino,,8.75,EE Paschoal Carlos Magno,2024,Pública,0,0.34999999999999964,0
RA-688,8.5,9.7,7.5,7.9,7.917,5.0,7.771,,,9.0,Masculino,Não,,,2022,Privada,1,0.0,1
RA-688,8.5,9.3,7.52,8.6,8.06,5.0,8.0442,FASE 1,Topázio,10.0,Masculino,,7.5,,2023,Privada,1,0.6999999999999993,0
RA-688,9.502,10.0,8.13,7.5,9.45,10.0,8.986533333300002,2B,Topázio,11.0,Masculino,,8.333333333,EE Dom Pedro Villas Boas de Souza,2024,Pública,0,-1.0999999999999996,0
RA-689,7.4,7.9,5.6,5.8,6.667,5.0,6.433,,,9.0,Feminino,Não,,,2022,Privada,1,0.0,1
RA-69,8.3,6.1,7.5,2.5,6.167,5.0,5.718,5,Ametista,16.0,Masculino,Não,,,2022,Privada,1,0.0,1
RA-690,9.5,9.5,7.5,7.0,7.417,5.0,7.541,,,9.0,Feminino,Não,,,2022,Privada,1,0.0,1
RA-690,9.0,9.8,6.89,9.1,10.01,5.0,8.6112,ALFA,Topázio,,Feminino,,7.5,,2023,Privada,1,2.0999999999999996,0
RA-690,7.918,8.409090909,7.51,6.25,7.835,5.0,7.3853681818000005,1E,Ametista,11.0,Feminino,,8.4375,EE Dom Pedro Villas Boas de Souza,2024,Pública,1,-2.8499999999999996,0
RA-691,10.0,9.2,8.1,9.4,7.917,10.0,8.68,,,8.0,Feminino,Não,,,2022,Privada,0,0.0,1
RA-692,9.5,8.9,8.1,6.9,7.917,5.0,7.569,,,9.0,Feminino,Não,,,2022,Privada,1,0.0,1
RA-692,7.4,7.7,7.52,4.6,7.39,5.0,6.588466667,FASE 1,Agata,10.0,Feminino,,6.666666667,,2023,Privada,1,-2.3000000000000007,0
RA-693,9.5,9.8,8.1,5.7,7.667,10.0,7.944,,,7.0,Feminino,Não,,,2022,Privada,0,0.0,1
RA-693,10.0,9.4,6.89,8.5,10.01,10.0,9.0112,ALFA,Topázio,,Feminino,,7.5,,2023,Privada,0,2.8,0
RA-693,10.002,9.5227272725,9.38,8.0,8.42,10.0,8.9079954545,1C,Topázio,9.0,Feminino,,7.8125,EE Dom Pedro Villas Boas de Souza,2024,Pública,0,-0.5,0
RA-694,10.0,9.0,8.1,8.1,7.917,10.0,8.378,,,8.0,Masculino,Não,,,2022,Privada,0,0.0,1
RA-695,9.0,3.1,7.5,2.5,2.5,10.0,4.28,,,8.0,Feminino,Não,,,2022,Privada,0,0.0,1
RA-696,8.5,9.0,7.5,6.6,8.167,5.0,7.441,,,9.0,Feminino,Não,,,2022,Privada,1,0.0,1
RA-696,0.0,9.4,5.02,6.7,8.503333333,10.0,7.172666667,FASE 1,Ametista,,Feminino,,7.5,,2023,Privada,0,0.10000000000000053,0
RA-696,7.418,7.845238095,7.51,5.25,8.0,10.0,7.482680952299999,2B,Ametista,10.0,Feminino,,7.708333333,EE Dom Pedro Villas Boas de Souza,2024,Pública,0,-1.4500000000000002,0
RA-697,7.0,9.3,7.5,8.4,8.083,5.0,7.675,,,11.0,Masculino,Não,,,2022,Privada,1,0.0,1
RA-698,9.0,9.8,2.5,8.1,8.083,5.0,7.44,,,9.0,Masculino,Não,,,2022,Privada,1,0.0,1
RA-698,8.5,9.9,2.52,5.7,8.113333333,10.0,7.553616667,FASE 1,Ametista,9.0,Masculino,,7.1875,,2023,Privada,0,-2.3999999999999995,0
RA-698,9.002,8.3214285715,6.88,4.5,7.273333333,10.0,7.3363190476,2A,Ametista,10.0,Masculino,,7.291666667,EE Dom Pedro Villas Boas de Souza,2024,Pública,0,-1.2000000000000002,0
RA-699,5.2,9.2,7.5,7.1,6.0,5.0,6.658,,,9.0,Masculino,Não,,,2022,Privada,1,0.0,1
RA-699,8.5,8.3,3.77,6.0,6.173333333,5.0,6.389991667,FASE 1,Agata,10.0,Masculino,,5.78125,,2023,Privada,1,-1.0999999999999996,0
RA-699,6.334,7.727272727000001,6.26,6.5,5.833333333,5.0,6.427771212000001,1A,Agata,11.0,Masculino,,6.5625,EE Dom Pedro Villas Boas de Souza,2024,Pública,1,0.5,0
RA-7,0.0,8.4,7.5,7.6,7.667,5.0,6.818,7,Ametista,18.0,Masculino,Não,,,2022,Privada,1,0.0,1
RA-7,,,,,,10.0,,FASE 8,,,Masculino,,,,2023,Privada,0,0.0,0
RA-7,,0.0,,,,10.0,,8E,,20.0,Masculino,,,Universidade Santo Amaro (UNISA),2024,Privada,0,0.0,0
RA-70,8.8,6.6,5.0,2.9,6.111,5.0,5.712,5,Ágata,16.0,Feminino,Não,,,2022,Privada,1,0.0,1
RA-70,9.2,9.2,5.0,4.3,7.545,5.0,6.869133333,FASE 5,Agata,17.0,Feminino,,7.5,,2023,Privada,1,1.4,0
RA-700,9.0,8.7,7.5,9.2,7.083,5.0,7.738,,,9.0,Feminino,Não,,,2022,Privada,1,0.0,1
RA-700,9.5,9.7,7.52,7.8,9.84,5.0,8.2852,ALFA,Topázio,9.0,Feminino,,6.25,,2023,Privada,1,-1.3999999999999995,0
RA-700,8.502,9.564393939,5.635,5.25,7.0,5.0,7.005745454500001,1G,Ametista,11.0,Feminino,,7.291666667,EM Maria Ignez Concelles Irma Ines,2024,Privada,1,-2.55,0
RA-701,9.0,9.3,7.5,8.7,7.417,5.0,7.755,,,10.0,Masculino,Não,,,2022,Privada,1,0.0,1
RA-701,9.5,9.9,3.77,7.2,7.68,5.0,7.3982,ALFA,Ametista,,Masculino,,6.25,,2023,Privada,1,-1.4999999999999991,0
RA-702,10.0,8.6,5.0,6.8,7.0,10.0,7.387,,,8.0,Feminino,Não,,,2022,Privada,0,0.0,1
RA-702,10.0,10.0,5.63,9.3,7.833333333,5.0,8.239866667,ALFA,Topázio,,Feminino,,7.5,,2023,Privada,1,2.500000000000001,0
RA-702,9.002,9.75,2.51,9.25,7.163333333,5.0,7.665116666600001,ALFA,Ametista,10.0,Feminino,,7.8125,EM Maria Ignez Concelles Irma Ines,2024,Privada,1,-0.05000000000000071,0
RA-703,7.5,7.4,5.0,5.1,6.833,5.0,6.099,,,10.0,Masculino,Não,,,2022,Privada,1,0.0,1
RA-703,9.5,8.4,3.14,4.6,6.16,5.0,6.2737,ALFA,Agata,11.0,Masculino,,6.875,,2023,Privada,1,-0.5,0
RA-704,9.0,8.6,5.0,7.2,6.583,5.0,6.741,,,10.0,Masculino,Não,,,2022,Privada,1,0.0,1
RA-704,10.0,9.9,3.14,6.1,6.265,5.0,6.8297,ALFA,Agata,,Masculino,,5.625,,2023,Privada,1,-1.1000000000000005,0
RA-704,7.502,8.646245059,5.635,6.5,6.616666667,5.0,6.8121156785000005,1H,Agata,12.0,Masculino,,6.458333333,EE João Ortiz Rodrigues,2024,Pública,1,0.40000000000000036,0
RA-705,9.5,6.2,7.5,7.1,6.333,5.0,6.634,,,10.0,Masculino,Não,,,2022,Privada,1,0.0,1
RA-705,0.0,8.3,6.89,8.8,8.165,5.0,6.982,ALFA,Agata,10.0,Masculino,,7.5,,2023,Privada,1,1.700000000000001,0
RA-705,9.002,6.4285714285,5.005,3.5,4.226666667,5.0,5.294247619100001,1H,Quartzo,12.0,Masculino,,5.625,EE João Ortiz Rodrigues,2024,Pública,1,-5.300000000000001,0
RA-706,9.5,6.7,7.5,9.1,8.417,5.0,7.659,,,10.0,Feminino,Sim,,,2022,Privada,1,0.0,1
RA-706,9.0,7.8,4.39,7.3,8.08,5.0,7.1527,ALFA,Ametista,,Feminino,,6.875,,2023,Privada,1,-1.7999999999999998,0
RA-706,0.0,7.1428571430000005,6.26,3.25,7.0,10.0,5.8701964286,2G,Quartzo,11.0,Feminino,,7.65625,EE João Ortiz Rodrigues,2024,Pública,0,-4.05,0
RA-707,10.0,8.1,6.9,8.5,8.083,5.0,7.679,,Ametista,10.0,Feminino,Não,,,2022,Privada,1,0.0,1
RA-707,0.0,9.8,3.77,6.5,7.946666667,5.0,6.518,FASE 1,Agata,,Feminino,,7.916666667,,2023,Privada,1,-2.0,0
RA-707,7.917,7.7236842105,4.375,6.5,6.415,5.0,6.4975618421000005,2G,Agata,12.0,Feminino,,6.40625,EE João Ortiz Rodrigues,2024,Pública,1,0.0,0
RA-708,8.0,8.4,7.5,7.3,7.583,5.0,7.282,,,9.0,Masculino,Não,,,2022,Privada,1,0.0,1
RA-708,0.0,9.8,7.52,9.2,8.28,5.0,7.5105,ALFA,Ametista,9.0,Masculino,,8.125,,2023,Privada,1,1.8999999999999995,0
RA-709,9.5,3.5,7.5,2.3,7.083,5.0,5.313,,,10.0,Feminino,Não,,,2022,Privada,1,0.0,1
RA-709,10.0,7.9,7.52,4.9,6.59,5.0,6.6927,ALFA,Agata,11.0,Feminino,,5.625,,2023,Privada,1,2.6000000000000005,0
RA-709,7.418,7.994071146,7.51,6.0,6.773333333,5.0,6.833780895800001,1H,Agata,12.0,Feminino,,6.875,EE João Ortiz Rodrigues,2024,Pública,1,1.0999999999999996,0
RA-71,7.9,2.0,7.5,1.2,5.833,5.0,4.332,5,Ágata,17.0,Feminino,Não,,,2022,Privada,1,0.0,1
RA-71,6.7,9.8,6.26,6.6,7.7125,5.0,7.3651,FASE 6,Ametista,,Feminino,,7.5,,2023,Privada,1,5.3999999999999995,0
RA-710,9.5,8.9,5.0,6.9,8.0,5.0,7.285,,Ametista,10.0,Masculino,Não,,,2022,Privada,1,0.0,1
RA-710,9.5,9.0,3.77,6.5,7.113333333,5.0,7.0582,FASE 1,Ametista,,Masculino,,7.083333333,,2023,Privada,1,-0.40000000000000036,0
RA-710,9.168,8.170995671,5.625,6.75,6.5375,5.0,7.0366241342,2G,Ametista,12.0,Masculino,,7.65625,EE João Ortiz Rodrigues,2024,Pública,1,0.25,0
RA-711,9.0,7.9,6.3,3.5,6.0,5.0,6.04,,,9.0,Masculino,Não,,,2022,Privada,1,0.0,1
RA-712,8.0,5.1,5.0,8.0,5.833,5.0,6.026,,Quartzo,11.0,Masculino,Não,,,2022,Privada,1,0.0,1
RA-712,9.5,5.6,3.14,6.7,6.836666667,5.0,6.331533333,FASE 1,Agata,12.0,Masculino,,7.5,,2023,Privada,1,-1.2999999999999998,0
RA-712,7.502,5.983436853,5.625,6.75,6.04,5.0,6.2236373706000006,2H,Agata,13.0,Masculino,,6.5625,EE João Ortiz Rodrigues,2024,Pública,1,0.04999999999999982,0
RA-713,10.0,8.7,7.5,7.8,7.25,5.0,7.42,,,9.0,Masculino,Não,,,2022,Privada,1,0.0,1
RA-713,8.0,9.6,3.77,7.5,8.166666667,5.0,7.408033333,FASE 1,Ametista,10.0,Masculino,,6.875,,2023,Privada,1,-0.2999999999999998,0
RA-713,8.002,7.525879916999999,7.51,6.75,6.79,10.0,7.467500983400001,2H,Ametista,11.0,Masculino,,7.03125,EE João Ortiz Rodrigues,2024,Pública,0,-0.75,0
RA-714,9.0,6.9,5.6,8.0,7.25,5.0,6.953,,Ágata,11.0,Masculino,Não,,,2022,Privada,1,0.0,1
RA-714,0.0,8.0,3.14,7.4,7.223333333,5.0,6.078666667,FASE 1,Agata,12.0,Masculino,,7.5,,2023,Privada,1,-0.5999999999999996,0
RA-714,0.0,6.873706004,6.255,4.0,6.9975,5.0,5.4653662008,2H,Quartzo,13.0,Masculino,,7.65625,EE João Ortiz Rodrigues,2024,Pública,1,-3.4000000000000004,0
RA-715,8.5,8.7,4.4,4.9,7.917,5.0,6.656,,,9.0,Feminino,Não,,,2022,Privada,1,0.0,1
RA-715,0.0,9.5,3.14,5.4,7.675,5.0,5.8915,ALFA,Quartzo,,Feminino,,5.625,,2023,Privada,1,0.5,0
RA-715,9.002,5.250626566499999,3.755,2.75,4.67,10.0,5.3098253133,2I,Quartzo,11.0,Feminino,,5.0,EM Maria Ignez Concelles Irma Ines,2024,Privada,0,-2.6500000000000004,0
RA-716,8.9,8.1,7.5,6.7,5.417,5.0,6.525,,,9.0,Masculino,Não,,,2022,Privada,1,0.0,1
RA-716,9.0,8.7,3.77,5.6,7.443333333,5.0,6.813366667,FASE 1,Agata,10.0,Masculino,,6.875,,2023,Privada,1,-1.1000000000000005,0
RA-716,9.002,5.5335968375,7.51,5.75,5.7875,5.0,6.2372943675000005,1J,Agata,11.0,Masculino,,6.71875,EE João Ortiz Rodrigues,2024,Pública,1,0.15000000000000036,0
RA-717,9.0,7.3,7.5,5.4,7.917,5.0,6.832,,,10.0,Feminino,Não,,,2022,Privada,1,0.0,1
RA-717,0.0,8.5,7.52,5.9,8.446666667,5.0,6.633833333,FASE 1,Agata,11.0,Feminino,,8.125,,2023,Privada,1,0.5,0
RA-718,8.0,8.9,6.3,9.2,7.417,10.0,8.093,,,8.0,Feminino,Não,,,2022,Privada,0,0.0,1
RA-718,9.5,9.1,3.77,7.8,8.39,10.0,8.166866667,FASE 1,Topázio,,Feminino,,7.916666667,,2023,Privada,0,-1.3999999999999995,0
RA-718,10.002,9.5138888885,5.635,9.5,7.946666667,10.0,8.705811111100001,2I,Topázio,10.0,Feminino,,7.5,EE Joaquim Mendes Feliz,2024,Pública,0,1.7000000000000002,0
RA-719,9.0,4.6,7.5,4.2,6.083,5.0,5.552,,,10.0,Feminino,Não,,,2022,Privada,1,0.0,1
RA-719,9.5,5.3,7.52,5.9,7.095,5.0,6.4137,ALFA,Agata,,Masculino,,5.625,,2023,Privada,1,1.7000000000000002,0
RA-719,10.002,7.3484848485,7.51,6.5,6.7425,5.0,7.1193969697,1J,Ametista,12.0,Masculino,,7.5,EE João Ortiz Rodrigues,2024,Pública,1,0.5999999999999996,0
RA-72,8.3,7.5,7.5,7.8,8.667,5.0,7.64,5,,17.0,Feminino,Sim,,,2022,Privada,1,0.0,1
RA-720,8.0,5.9,7.5,7.6,7.083,5.0,6.731,,,9.0,Feminino,Não,,,2022,Privada,1,0.0,1
RA-721,9.5,8.1,7.5,7.6,7.917,10.0,7.973,,,8.0,Feminino,Não,,,2022,Privada,0,0.0,1
RA-721,8.5,9.5,7.52,8.4,8.443333333,10.0,8.683366667,FASE 1,Topázio,9.0,Feminino,,8.125,,2023,Privada,0,0.8000000000000007,0
RA-721,9.002,9.544513457499999,8.135,8.25,8.755,10.0,8.8986026915,2G,Topázio,10.0,Feminino,,8.75,EE Dom Pedro Villas Boas de Souza,2024,Pública,0,-0.15000000000000036,0
RA-722,10.0,8.1,4.4,8.1,8.333,5.0,7.41,,,9.0,Feminino,Não,,,2022,Privada,1,0.0,1
RA-722,8.5,9.6,2.52,6.4,8.67,5.0,7.3387,FASE 1,Ametista,,Feminino,,8.125,,2023,Privada,1,-1.6999999999999993,0
RA-723,10.0,6.6,8.1,5.5,8.167,10.0,7.426,,,8.0,Feminino,Não,,,2022,Privada,0,0.0,1
RA-724,9.5,5.9,5.6,5.6,8.0,10.0,6.931,,,8.0,Feminino,Não,,,2022,Privada,0,0.0,1
RA-725,8.0,5.9,8.1,5.0,5.5,10.0,6.33,,,8.0,Masculino,Não,,,2022,Privada,0,0.0,1
RA-725,9.5,9.0,7.52,8.4,8.113333333,5.0,8.117366667,ALFA,Topázio,9.0,Masculino,,8.125,,2023,Privada,1,3.4000000000000004,0
RA-725,7.502,7.6710526315,7.51,7.25,6.773333333,5.0,7.0900771929,ALFA,Ametista,10.0,Masculino,,7.5,EM Maria Ignez Concelles Irma Ines,2024,Privada,1,-1.1500000000000004,0
RA-726,10.0,7.5,7.5,4.4,6.583,10.0,6.985,,,7.0,Feminino,Não,,,2022,Privada,0,0.0,1
RA-726,10.0,6.1,7.52,6.0,8.17,10.0,7.3687,ALFA,Ametista,8.0,Feminino,,5.625,,2023,Privada,0,1.5999999999999996,0
RA-727,9.0,7.7,8.1,8.4,6.75,10.0,7.736,,,8.0,Masculino,Não,,,2022,Privada,0,0.0,1
RA-727,9.5,8.8,2.52,8.0,9.34,5.0,7.6802,ALFA,Ametista,,Masculino,,7.5,,2023,Privada,1,-0.40000000000000036,0
RA-727,10.002,8.4848484845,6.26,8.5,8.056666667,10.0,8.447003030300001,1G,Topázio,10.0,Masculino,,8.125,EE Dom Pedro Villas Boas de Souza,2024,Pública,0,0.5,0
RA-728,9.5,7.3,8.1,9.1,8.167,10.0,8.244,,,8.0,Feminino,Não,,,2022,Privada,0,0.0,1
RA-729,10.0,8.7,8.1,8.1,7.25,10.0,8.155,,,8.0,Feminino,Não,,,2022,Privada,0,0.0,1
RA-729,8.0,9.1,3.77,8.6,7.01,5.0,7.26545,ALFA,Ametista,,Feminino,,6.5625,,2023,Privada,1,0.5,0
RA-729,8.002,8.4166666665,2.51,6.0,7.5,5.0,6.684533333300001,ALFA,Agata,10.0,Feminino,,7.5,EM Maria Ignez Concelles Irma Ines,2024,Privada,1,-2.5999999999999996,0
RA-73,7.1,3.0,7.5,3.3,7.278,5.0,5.271,5,,17.0,Feminino,Não,,,2022,Privada,1,0.0,1
RA-730,10.0,8.2,8.8,8.3,8.25,5.0,7.902,,,10.0,Feminino,Não,,,2022,Privada,1,0.0,1
RA-730,10.0,8.7,5.02,7.8,8.67,5.0,7.979325,FASE 1,Ametista,10.0,Feminino,,9.53125,,2023,Privada,1,-0.5000000000000009,0
RA-730,8.002,7.152777778,6.885,9.5,8.666666667,10.0,8.469255555700002,2I,Topázio,11.0,Feminino,,9.166666667,EE Joaquim Mendes Feliz,2024,Pública,0,1.7000000000000002,0
RA-731,9.0,8.5,6.9,7.3,7.083,5.0,7.151,,Ametista,10.0,Feminino,Não,,,2022,Privada,1,0.0,1
RA-731,8.5,7.6,3.14,6.8,7.45,5.0,6.7742,FASE 1,Agata,11.0,Feminino,,7.5,,2023,Privada,1,-0.5,0
RA-731,9.502,4.188311688500001,4.375,2.5,4.835,5.0,4.7704873377000006,2G,Quartzo,12.0,Feminino,,5.78125,EE João Ortiz Rodrigues,2024,Pública,1,-4.3,0
RA-732,9.0,7.9,8.8,7.2,7.5,5.0,7.347,,,9.0,Masculino,Não,,,2022,Privada,1,0.0,1
RA-733,9.5,8.5,5.6,5.1,6.917,5.0,6.684,,,9.0,Feminino,Não,,,2022,Privada,1,0.0,1
RA-733,10.0,8.7,7.52,6.2,8.893333333,10.0,8.3342,FASE 1,Topázio,9.0,Feminino,,8.333333333,,2023,Privada,0,1.1000000000000005,0
RA-733,10.002,10.0,7.51,9.25,9.085,5.0,8.808825,1J,Topázio,10.0,Feminino,,8.90625,EM Pedro Antonio de Almeida,2024,Privada,1,3.05,0
RA-734,9.5,7.2,5.6,7.3,7.417,5.0,6.952,,,10.0,Feminino,Não,,,2022,Privada,1,0.0,1
RA-734,8.5,8.0,7.52,6.9,7.446666667,5.0,7.305908333,FASE 1,Ametista,11.0,Feminino,,7.34375,,2023,Privada,1,-0.39999999999999947,0
RA-735,9.0,9.0,5.6,7.3,8.583,5.0,7.485,,,10.0,Feminino,Sim,,,2022,Privada,1,0.0,1
RA-735,0.0,9.0,7.52,8.1,8.393333333,5.0,7.184,FASE 1,Ametista,11.0,Feminino,,8.333333333,,2023,Privada,1,0.7999999999999998,0
RA-735,8.002,9.782608695499999,6.255,8.0,7.705,5.0,7.7888467391,2H,Ametista,12.0,Feminino,,7.65625,EE João Ortiz Rodrigues,2024,Pública,1,-0.09999999999999964,0
RA-736,9.0,8.5,5.6,5.4,7.0,5.0,6.707,,,10.0,Masculino,Não,,,2022,Privada,1,0.0,1
RA-736,8.5,9.5,6.27,6.7,8.11,5.0,7.600033333,FASE 1,Ametista,10.0,Masculino,,7.708333333,,2023,Privada,1,1.2999999999999998,0
RA-737,9.5,9.2,5.6,9.0,9.167,5.0,8.058,,,9.0,Feminino,Sim,,,2022,Privada,1,0.0,1
RA-737,9.5,7.8,7.52,7.5,7.783333333,10.0,8.048033333,FASE 1,Topázio,9.0,Feminino,,7.291666667,,2023,Privada,0,-1.5,0
RA-737,8.502,8.6542443065,6.885,9.25,8.0,10.0,8.4695488613,2H,Topázio,11.0,Feminino,,7.5,EE Dom Pedro Villas Boas de Souza,2024,Pública,0,1.75,0
RA-738,8.5,8.1,5.6,5.7,7.5,10.0,7.227,,,8.0,Feminino,Não,,,2022,Privada,0,0.0,1
RA-738,8.0,9.3,7.52,6.0,8.336666667,10.0,8.123283333,FASE 1,Topázio,,Feminino,,8.4375,,2023,Privada,0,0.2999999999999998,0
RA-738,10.002,7.292490119,6.885,7.25,7.39,5.0,7.2626980238000005,1H,Ametista,10.0,Feminino,,6.875,EM Maria Ignez Concelles Irma Ines,2024,Privada,1,1.25,0
RA-739,6.4,7.3,5.6,5.9,7.083,10.0,6.82,,,8.0,Masculino,Não,,,2022,Privada,0,0.0,1
RA-739,9.0,8.3,7.52,7.6,8.25,5.0,7.5972,ALFA,Ametista,9.0,Masculino,,6.25,,2023,Privada,1,1.6999999999999993,0
RA-74,9.6,3.3,7.5,2.0,5.833,5.0,4.989,5,,16.0,Masculino,Não,,,2022,Privada,1,0.0,1
RA-740,8.5,9.0,5.6,7.2,7.5,5.0,7.218,,,9.0,Feminino,Não,,,2022,Privada,1,0.0,1
RA-740,0.0,8.7,7.52,9.1,8.925,5.0,7.2845,ALFA,Ametista,10.0,Feminino,,6.875,,2023,Privada,1,1.8999999999999995,0
RA-740,9.002,9.555335968,7.51,8.0,8.223333333,5.0,8.1611005269,1H,Topázio,11.0,Feminino,,8.541666667,Escola João Paulo II,2024,Privada,1,-1.0999999999999996,0
RA-741,9.5,8.4,5.6,6.3,7.417,5.0,6.896,,,10.0,Feminino,Não,,,2022,Privada,1,0.0,1
RA-741,9.5,6.9,4.39,5.1,7.095,5.0,6.2707,ALFA,Agata,11.0,Feminino,,5.625,,2023,Privada,1,-1.2000000000000002,0
RA-741,8.418,5.2964426875,5.005,3.75,4.223333333,5.0,5.0795885374,1H,Quartzo,12.0,Feminino,,5.833333333,EE João Ortiz Rodrigues,2024,Pública,1,-1.3499999999999996,0
RA-742,8.5,8.7,5.0,7.3,7.5,5.0,7.097,,,9.0,Feminino,Não,,,2022,Privada,1,0.0,1
RA-742,0.0,7.6,7.52,7.5,10.01,5.0,7.024,ALFA,Ametista,10.0,Feminino,,7.5,,2023,Privada,1,0.20000000000000018,0
RA-743,10.0,7.9,5.6,4.8,7.5,5.0,6.672,,,9.0,Feminino,Não,,,2022,Privada,1,0.0,1
RA-743,0.0,9.1,3.77,7.1,9.01,5.0,6.659,ALFA,Agata,10.0,Feminino,,7.5,,2023,Privada,1,2.3,0
RA-743,9.002,9.2727272725,7.51,7.0,7.5,5.0,7.655745454500001,1C,Ametista,11.0,Feminino,,7.5,EE Dom Pedro Villas Boas de Souza,2024,Pública,1,-0.09999999999999964,0
RA-744,9.5,9.7,5.6,6.2,7.5,10.0,7.742,,,8.0,Feminino,Não,,,2022,Privada,0,0.0,1
RA-745,9.0,8.5,5.6,8.1,7.75,5.0,7.382,,,9.0,Masculino,Não,,,2022,Privada,1,0.0,1
RA-745,9.5,9.3,3.77,7.0,8.893333333,5.0,7.668366667,FASE 1,Ametista,,Masculino,,8.125,,2023,Privada,1,-1.0999999999999996,0
RA-745,9.002,10.0,6.26,8.5,8.17,10.0,8.6102,2I,Topázio,11.0,Masculino,,7.5,Colégio Arco Íris Evolução,2024,Privada,0,1.5,0
RA-746,8.0,9.1,5.6,7.2,7.417,10.0,7.656,,,8.0,Masculino,Não,,,2022,Privada,0,0.0,1
RA-746,0.0,8.0,3.77,7.2,7.113333333,10.0,6.517166667,FASE 1,Agata,,Masculino,,6.875,,2023,Privada,0,0.0,0
RA-746,8.502,7.4305555555,7.51,8.0,7.33,10.0,7.903311111100001,2I,Ametista,10.0,Masculino,,7.5,EM Maria Ignez Concelles Irma Ines,2024,Privada,0,0.7999999999999998,0
RA-747,10.0,7.6,7.5,8.8,7.917,5.0,7.676,,,11.0,Feminino,Não,,,2022,Privada,1,0.0,1
RA-747,10.0,8.0,3.14,3.1,6.94,5.0,6.026366667,FASE 1,Agata,11.0,Feminino,,6.041666667,,2023,Privada,1,-5.700000000000001,0
RA-747,10.002,8.095238095,5.005,2.25,5.335,5.0,5.8450809523,1K,Quartzo,12.0,Feminino,,7.083333333,EM Cecilia Cristina de Oliveira Rodrigues,2024,Privada,1,-0.8500000000000001,0
RA-748,10.0,9.0,7.5,9.1,8.25,5.0,8.084,,,9.0,Masculino,Não,,,2022,Privada,1,0.0,1
RA-748,9.5,9.7,7.52,9.1,10.01,5.0,8.7142,ALFA,Topázio,,Masculino,,7.5,,2023,Privada,1,0.0,0
RA-748,9.502,10.0,7.51,7.75,8.005,5.0,8.2272,1K,Topázio,11.0,Masculino,,8.75,EE Maria André Schunck Dona,2024,Pública,1,-1.3499999999999996,0
RA-749,9.5,7.7,7.5,8.8,7.25,5.0,7.484,,,9.0,Masculino,Não,,,2022,Privada,1,0.0,1
RA-749,10.0,9.0,7.52,7.3,8.425,5.0,7.7597,ALFA,Ametista,9.0,Masculino,,5.625,,2023,Privada,1,-1.5000000000000009,0
RA-749,9.502,9.7368421055,8.13,8.75,7.665,5.0,8.3373184211,ALFA,Topázio,10.0,Masculino,,8.4375,EM Amanda Consuelo da Cunha,2024,Privada,1,1.4500000000000002,0
RA-75,5.4,3.8,6.3,0.0,4.625,5.0,3.915,5,,16.0,Feminino,Não,,,2022,Privada,1,0.0,1
RA-750,9.5,8.9,4.4,6.8,5.167,5.0,6.344,,Ágata,10.0,Masculino,Não,,,2022,Privada,1,0.0,1
RA-750,9.5,7.7,3.14,3.4,6.32,5.0,5.6857,ALFA,Quartzo,,Masculino,,4.375,,2023,Privada,1,-3.4,0
RA-750,6.249,5.938735178,4.38,3.75,3.176666667,5.0,4.542230369,1B,Quartzo,12.0,Masculino,,4.0625,EE Mario Francisco de Amorim,2024,Pública,1,0.3500000000000001,0
RA-751,8.5,5.8,7.5,3.8,6.167,5.0,5.246,,,11.0,Masculino,Não,,,2022,Privada,1,0.0,1
RA-752,10.0,9.0,7.5,9.5,8.417,5.0,8.197,,,11.0,Feminino,Sim,,,2022,Privada,1,0.0,1
RA-752,9.5,9.9,7.52,6.4,9.23,5.0,8.073825,FASE 1,Topázio,11.0,Feminino,,7.65625,,2023,Privada,1,-3.0999999999999996,0
RA-752,9.502,7.525879916999999,7.51,5.75,5.613333333,5.0,6.57279265,2U,Agata,12.0,Feminino,,5.9375,EE Donizetti Aparecido Leite Professor,2024,Pública,1,-0.6500000000000004,0
RA-753,9.5,8.6,7.5,9.1,8.417,10.0,8.481,,,8.0,Feminino,Sim,,,2022,Privada,0,0.0,1
RA-753,9.0,9.9,7.52,9.0,9.925,5.0,8.6672,ALFA,Topázio,,Feminino,,7.5,,2023,Privada,1,-0.09999999999999964,0
RA-753,10.002,9.047619048,7.51,8.5,8.255,5.0,8.2450571429,1K,Topázio,10.0,Feminino,,8.333333333,EE Jardim Campestre,2024,Pública,1,-0.5,0
RA-754,10.0,5.8,4.4,7.9,6.917,5.0,6.602,,,9.0,Masculino,Não,,,2022,Privada,1,0.0,1
RA-754,9.5,6.1,2.52,5.6,6.67,5.0,6.0537,ALFA,Agata,,Masculino,,6.875,,2023,Privada,1,-2.3000000000000007,0
RA-754,8.502,6.25,5.625,6.25,4.75,5.0,5.6127,ALFA,Quartzo,11.0,Masculino,,2.5,EM Cecilia Cristina de Oliveira Rodrigues,2024,Privada,1,0.6500000000000004,0
RA-755,9.5,9.2,6.9,9.5,8.083,10.0,8.566,,,8.0,Masculino,Não,,,2022,Privada,0,0.0,1
RA-755,10.0,9.5,7.52,9.2,10.01,5.0,8.7442,ALFA,Topázio,9.0,Masculino,,7.5,,2023,Privada,1,-0.3000000000000007,0
RA-755,10.002,10.0,7.51,9.75,9.09,5.0,8.925450000000001,1M,Topázio,10.0,Masculino,,9.0625,EE Jardim Campestre,2024,Pública,1,0.5500000000000007,0
RA-756,10.0,7.9,7.5,5.7,7.25,5.0,6.976,,,9.0,Masculino,Não,,,2022,Privada,1,0.0,1
RA-756,10.0,8.7,7.52,6.1,6.59,5.0,7.0927,ALFA,Ametista,,Masculino,,5.625,,2023,Privada,1,0.39999999999999947,0
RA-756,10.002,8.75,7.51,5.5,7.24,5.0,7.361700000000001,ALFA,Ametista,11.0,Masculino,,8.125,EM Amanda Consuelo da Cunha,2024,Privada,1,-0.5999999999999996,0
RA-757,9.5,9.3,7.5,9.7,8.5,5.0,8.26,,,9.0,Feminino,Sim,,,2022,Privada,1,0.0,1
RA-757,9.0,9.6,7.52,9.3,10.01,5.0,8.6742,ALFA,Topázio,10.0,Feminino,,7.5,,2023,Privada,1,-0.3999999999999986,0
RA-757,9.502,9.285714286000001,7.51,7.0,8.34,5.0,7.938842857200001,1K,Ametista,11.0,Feminino,,8.125,EE Maria André Schunck Dona,2024,Pública,1,-2.3000000000000007,0
RA-758,9.0,9.1,7.5,8.1,8.333,5.0,7.911,,,9.0,Masculino,Não,,,2022,Privada,1,0.0,1
RA-759,9.0,8.6,7.5,7.5,7.833,5.0,7.563,,,10.0,Feminino,Não,,,2022,Privada,1,0.0,1
RA-76,10.0,9.1,8.1,8.7,9.292,10.0,9.105,5,Ametista,15.0,Feminino,Sim,,,2022,Privada,0,0.0,1
RA-76,10.0,,2.52,,,10.0,,FASE 7,,15.0,Feminino,,,,2023,Privada,0,0.0,0
RA-76,10.002,9.0,6.885,7.066666666666666,7.5,10.0,8.152033333333334,7E,Topázio,16.0,Feminino,,7.5,Colégio Poliedro - SP,2024,Privada,0,0.0,0
RA-760,9.0,9.2,7.5,8.8,8.917,5.0,8.172,,,11.0,Masculino,Sim,,,2022,Privada,1,0.0,1
RA-760,0.0,8.8,7.52,6.3,7.84,5.0,6.548333333,FASE 2,Agata,,Masculino,,7.083333333,,2023,Privada,1,-2.500000000000001,0
RA-760,9.168,7.090909091,7.51,5.0,6.158,10.0,6.942581818200001,3M,Agata,13.0,Masculino,,6.25,EM Cecilia Cristina de Oliveira Rodrigues,2024,Privada,0,-1.2999999999999998,0
RA-761,10.0,9.4,7.5,8.2,8.25,5.0,8.06,,,9.0,Masculino,Não,,,2022,Privada,1,0.0,1
RA-761,9.0,9.7,7.52,8.4,8.12,5.0,8.219533333,FASE 1,Topázio,10.0,Masculino,,8.333333333,,2023,Privada,1,0.20000000000000107,0
RA-761,8.502,8.8636363635,6.26,7.25,8.003333333,10.0,8.174593939300001,2M,Topázio,11.0,Masculino,,8.75,EE Donizetti Aparecido Leite Professor,2024,Pública,0,-1.1500000000000004,0
RA-762,10.0,9.7,7.5,6.7,7.083,2.5,7.28,,,12.0,Masculino,Não,,,2022,Privada,1,0.0,1
RA-762,10.0,9.1,3.14,5.8,7.67,5.0,7.09945,FASE 1,Ametista,13.0,Masculino,,7.8125,,2023,Privada,1,-0.9000000000000004,0
RA-762,10.002,6.4239130435,6.26,3.75,5.7525,5.0,5.9677326087,2K,Quartzo,14.0,Masculino,,6.5625,EM Cecilia Cristina de Oliveira Rodrigues,2024,Privada,1,-2.05,0
RA-763,9.5,9.7,7.5,6.5,7.167,5.0,7.402,,,10.0,Feminino,Não,,,2022,Privada,1,0.0,1
RA-763,0.0,9.2,3.14,7.9,9.0,5.0,6.7215,ALFA,Agata,10.0,Feminino,,6.875,,2023,Privada,1,1.4000000000000004,0
RA-763,9.002,8.8636363635,6.26,5.25,6.825,5.0,6.984760606,1N,Agata,11.0,Feminino,,7.708333333,EE Donizetti Aparecido Leite Professor,2024,Pública,1,-2.6500000000000004,0
RA-764,9.0,8.8,7.5,7.5,7.667,10.0,8.004,,,8.0,Masculino,Não,,,2022,Privada,0,0.0,1
RA-764,0.0,9.2,7.52,7.8,8.56,10.0,7.682125,FASE 1,Ametista,,Masculino,,8.28125,,2023,Privada,0,0.2999999999999998,0
RA-764,8.002,7.8804347825,7.51,6.0,8.336666667,10.0,7.838370289900001,2N,Ametista,10.0,Masculino,,8.4375,Colégio Franciscano Santa Clara,2024,Privada,0,-1.7999999999999998,0
RA-765,8.5,9.3,7.5,4.3,7.417,5.0,6.902,,,9.0,Masculino,Não,,,2022,Privada,1,0.0,1
RA-766,10.0,9.5,7.5,8.7,8.333,5.0,8.185,,Ametista,11.0,Feminino,Não,,,2022,Privada,1,0.0,1
RA-766,10.0,8.7,4.39,8.7,8.336666667,5.0,8.008408333,FASE 1,Topázio,11.0,Feminino,,9.21875,,2023,Privada,1,0.0,0
RA-767,9.5,9.0,7.5,7.0,7.583,5.0,7.511,,,10.0,Masculino,Não,,,2022,Privada,1,0.0,1
RA-767,10.0,8.3,7.52,6.3,7.446666667,5.0,7.3807,FASE 1,Ametista,11.0,Masculino,,7.291666667,,2023,Privada,1,-0.7000000000000002,0
RA-767,9.502,9.0476190475,7.51,8.25,8.085,5.0,8.131890476200002,1L,Topázio,12.0,Masculino,,8.541666667,EM Cecilia Cristina de Oliveira Rodrigues,2024,Privada,1,1.9500000000000002,0
RA-768,9.0,10.0,7.5,7.1,7.583,5.0,7.646,,,10.0,Feminino,Não,,,2022,Privada,1,0.0,1
RA-768,10.0,9.1,7.52,7.9,10.01,5.0,8.4042,ALFA,Topázio,,Feminino,,7.5,,2023,Privada,1,0.8000000000000007,0
RA-768,9.002,7.9841897235,6.26,5.5,7.495,5.0,7.0345379447,1N,Ametista,12.0,Feminino,,8.125,EE Donizetti Aparecido Leite Professor,2024,Pública,1,-2.4000000000000004,0
RA-769,10.0,7.5,7.5,7.9,8.5,5.0,7.598,,,9.0,Feminino,Sim,,,2022,Privada,1,0.0,1
RA-769,10.0,9.3,3.77,8.0,8.675,5.0,7.85345,ALFA,Ametista,10.0,Feminino,,7.8125,,2023,Privada,1,0.09999999999999964,0
RA-769,10.002,5.9523809525,7.51,6.0,8.33,5.0,7.099342857200002,1K,Ametista,11.0,Feminino,,7.916666667,EM Cecilia Cristina de Oliveira Rodrigues,2024,Privada,1,-2.0,0
RA-77,7.1,2.7,5.0,0.7,4.625,5.0,3.846,5,Quartzo,16.0,Masculino,Não,,,2022,Privada,1,0.0,1
RA-770,9.5,8.9,7.5,8.3,7.333,10.0,8.143,,,7.0,Masculino,Não,,,2022,Privada,0,0.0,1
RA-770,0.0,8.3,3.77,5.9,8.92,10.0,6.6785,ALFA,Agata,,Masculino,,6.875,,2023,Privada,0,-2.4000000000000004,0
RA-770,10.002,9.022556391,7.51,5.0,7.5,5.0,7.3057112782,ALFA,Ametista,9.0,Masculino,,7.5,EE Luiz Schunck,2024,Pública,1,-0.9000000000000004,0
RA-771,10.0,8.3,7.5,7.0,7.5,10.0,7.873,,,7.0,Feminino,Não,,,2022,Privada,0,0.0,1
RA-771,0.0,8.8,3.14,8.2,8.585,10.0,7.056,ALFA,Ametista,,Feminino,,6.25,,2023,Privada,0,1.1999999999999993,0
RA-771,8.502,6.619047619,3.135,6.5,6.08,5.0,6.066009523800001,ALFA,Agata,9.0,Feminino,,5.625,EM Cecilia Cristina de Oliveira Rodrigues,2024,Privada,1,-1.6999999999999993,0
RA-772,9.0,5.4,7.5,9.2,7.25,5.0,6.994,,,11.0,Masculino,Não,,,2022,Privada,1,0.0,1
RA-772,0.0,7.2,7.52,4.8,8.003333333,5.0,5.930166667,FASE 1,Quartzo,12.0,Masculino,,6.875,,2023,Privada,1,-4.3999999999999995,0
RA-773,10.0,6.8,5.0,8.1,7.083,5.0,6.922,,,9.0,Feminino,Não,,,2022,Privada,1,0.0,1
RA-773,10.0,7.5,2.52,7.9,7.67,5.0,6.9287,ALFA,Agata,9.0,Feminino,,5.625,,2023,Privada,1,-0.1999999999999993,0
RA-773,10.002,8.75,2.51,5.0,6.575,5.0,6.566200000000001,ALFA,Agata,10.0,Feminino,,7.5,EM Cecilia Cristina de Oliveira Rodrigues,2024,Privada,1,-2.9000000000000004,0
RA-774,10.0,7.8,7.5,6.1,7.417,10.0,7.587,,,8.0,Feminino,Não,,,2022,Privada,0,0.0,1
RA-774,0.0,9.5,3.14,6.9,6.34,5.0,5.852,ALFA,Quartzo,,Feminino,,5.0,,2023,Privada,1,0.8000000000000007,0
RA-774,10.002,6.3928571430000005,2.51,3.75,6.405,5.0,5.685771428600001,ALFA,Quartzo,10.0,Feminino,,6.25,EM Cecilia Cristina de Oliveira Rodrigues,2024,Privada,1,-3.1500000000000004,0
RA-775,7.9,5.7,4.4,5.7,6.417,5.0,5.79,,,10.0,Masculino,Não,,,2022,Privada,1,0.0,1
RA-776,0.0,4.3,4.4,1.7,6.333,5.0,3.898,,,9.0,Feminino,Não,,,2022,Privada,1,0.0,1
RA-776,0.0,7.0,7.52,3.5,7.223333333,5.0,5.567916667,FASE 1,Quartzo,,Feminino,,7.8125,,2023,Privada,1,1.8,0
RA-776,7.917,5.9523809525,5.63,0.0,6.5,5.0,5.178509523800001,1K,Quartzo,11.0,Feminino,,8.333333333,EM Cecilia Cristina de Oliveira Rodrigues,2024,Privada,1,-3.5,0
RA-777,8.0,7.7,7.5,5.3,7.0,10.0,7.096,,,8.0,Masculino,Não,,,2022,Privada,0,0.0,1
RA-777,0.0,9.3,7.52,6.3,8.84,10.0,7.468125,FASE 1,Ametista,,Feminino,,8.28125,,2023,Privada,0,1.0,0
RA-777,8.002,8.7757437075,7.51,4.5,7.723333333,10.0,7.563515408100001,2N,Ametista,10.0,Feminino,,8.125,EE Helio Luiz Dobrochinski Prof,2024,Pública,0,-1.7999999999999998,0
RA-778,10.0,6.7,7.5,7.1,8.833,5.0,7.432,,,9.0,Feminino,Sim,,,2022,Privada,1,0.0,1
RA-778,8.5,7.9,7.52,8.2,8.62,5.0,7.926825,FASE 1,Ametista,,Feminino,,8.90625,,2023,Privada,1,1.0999999999999996,0
RA-778,10.002,8.1235697945,7.51,7.0,7.7475,10.0,8.0754139589,2K,Topázio,11.0,Feminino,,7.5,Estuda em outra cidade,2024,Privada,0,-1.1999999999999993,0
RA-779,9.5,5.0,7.5,2.6,7.083,5.0,5.702,,,10.0,Masculino,Não,,,2022,Privada,1,0.0,1
RA-78,8.3,6.6,5.6,7.2,8.0,5.0,7.04,5,Ametista,17.0,Masculino,Não,,,2022,Privada,1,0.0,1
RA-78,0.0,7.7,6.26,6.7,8.0025,5.0,6.434625,FASE 6,Agata,,Feminino,,8.28125,,2023,Privada,1,-0.5,0
RA-78,8.751,8.028404344,8.755,7.5,7.39,10.0,8.1780308688,7A,Topázio,19.0,Feminino,,8.4375,Colégio Arco Íris Evolução,2024,Privada,0,0.7999999999999998,0
RA-780,8.0,7.6,7.5,6.9,7.167,5.0,6.955,,,9.0,Feminino,Não,,,2022,Privada,1,0.0,1
RA-780,9.5,8.8,3.14,8.3,8.675,5.0,7.7842,ALFA,Ametista,10.0,Feminino,,8.75,,2023,Privada,1,1.4000000000000004,0
RA-780,9.502,10.0,5.63,6.0,8.17,5.0,7.7430333333,1L,Ametista,11.0,Feminino,,8.958333333,EM Cecilia Cristina de Oliveira Rodrigues,2024,Privada,1,-2.3000000000000007,0
RA-781,10.0,8.9,7.5,8.3,7.75,5.0,7.786,,,9.0,Feminino,Não,,,2022,Privada,1,0.0,1
RA-781,7.5,9.8,7.52,7.9,9.116666667,5.0,8.209283333,FASE 1,Topázio,10.0,Feminino,,8.4375,,2023,Privada,1,-0.40000000000000036,0
RA-781,8.002,9.75,7.51,7.25,8.506666667,10.0,8.496283333400001,2N,Topázio,11.0,Feminino,,8.4375,EE Helio Luiz Dobrochinski Prof,2024,Pública,0,-0.6500000000000004,0
RA-782,9.5,8.4,7.5,6.0,7.0,10.0,7.485,,,8.0,Masculino,Não,,,2022,Privada,0,0.0,1
RA-782,8.5,9.8,2.52,7.5,9.345,5.0,7.6812,ALFA,Ametista,9.0,Masculino,,7.5,,2023,Privada,1,1.5,0
RA-782,9.502,7.8571428569999995,7.51,7.75,8.085,10.0,8.1896285714,1L,Topázio,10.0,Masculino,,7.5,EM Amanda Consuelo da Cunha,2024,Privada,0,0.25,0
RA-783,9.5,5.8,7.5,6.0,6.917,10.0,6.996,,,8.0,Masculino,Não,,,2022,Privada,0,0.0,1
RA-783,9.5,6.8,3.77,8.9,7.925,5.0,7.2922,ALFA,Ametista,,Masculino,,7.5,,2023,Privada,1,2.9000000000000004,0
RA-784,9.5,10.0,7.5,8.2,9.25,5.0,8.34,,,9.0,Masculino,Sim,,,2022,Privada,1,0.0,1
RA-784,10.0,9.5,7.52,7.3,8.783333333,5.0,8.171366667,FASE 1,Topázio,10.0,Feminino,,8.125,,2023,Privada,1,-0.8999999999999995,0
RA-784,8.002,9.7727272725,5.635,8.75,9.4,10.0,8.8857454545,2M,Topázio,11.0,Feminino,,9.375,Colégio Arco Íris Evolução,2024,Privada,0,1.4500000000000002,0
RA-785,9.0,8.6,7.5,8.4,7.667,5.0,7.642,,,9.0,Feminino,Não,,,2022,Privada,1,0.0,1
RA-785,9.0,8.5,7.52,8.8,8.67,5.0,8.137866667,FASE 1,Topázio,10.0,Feminino,,7.916666667,,2023,Privada,1,0.40000000000000036,0
RA-785,9.502,10.0,7.51,9.0,8.893333333,10.0,9.1548666666,2U,Topázio,11.0,Feminino,,8.75,EE Helio Luiz Dobrochinski Prof,2024,Pública,0,0.1999999999999993,0
RA-786,9.0,9.5,5.6,6.1,7.167,5.0,7.004,,Quartzo,11.0,Masculino,Não,,,2022,Privada,1,0.0,1
RA-787,8.5,9.5,7.5,3.4,7.25,10.0,7.205,,,8.0,Masculino,Não,,,2022,Privada,0,0.0,1
RA-787,9.0,9.8,7.52,5.9,8.34,5.0,7.5227,ALFA,Ametista,,Masculino,,5.625,,2023,Privada,1,2.5000000000000004,0
RA-787,9.002,9.75,7.51,7.25,7.325,5.0,7.73495,ALFA,Ametista,10.0,Masculino,,7.1875,EE Helio Luiz Dobrochinski Prof,2024,Pública,1,1.3499999999999996,0
RA-788,10.0,9.3,5.6,8.0,8.667,10.0,8.264,,,8.0,Masculino,Sim,,,2022,Privada,0,0.0,1
RA-788,7.9,9.8,2.52,6.9,8.283333333,10.0,7.806091667,FASE 1,Ametista,,Masculino,,7.65625,,2023,Privada,0,-1.0999999999999996,0
RA-788,8.418,9.519450801,6.26,5.75,7.783333333,10.0,7.9221068268,2N,Ametista,10.0,Masculino,,8.4375,Colégio Arco Íris Evolução,2024,Privada,0,-1.1500000000000004,0
RA-789,9.0,9.4,7.5,4.2,7.417,10.0,7.405,,,7.0,Feminino,Não,,,2022,Privada,0,0.0,1
RA-789,0.0,9.5,7.52,7.9,10.01,10.0,7.974,ALFA,Ametista,8.0,Feminino,,7.5,,2023,Privada,0,3.7,0
RA-789,9.002,9.047619048,7.51,5.25,8.085,10.0,8.0443904763,1L,Topázio,9.0,Feminino,,9.166666667,EE Helio Luiz Dobrochinski Prof,2024,Pública,0,-2.6500000000000004,0
RA-79,5.4,6.3,5.6,8.9,7.292,5.0,6.847,5,Ametista,16.0,Feminino,Não,,,2022,Privada,1,0.0,1
RA-79,5.8,6.2,5.0,7.6,7.59,5.0,6.635883333,FASE 6,Agata,,Feminino,,7.8125,,2023,Privada,1,-1.3000000000000007,0
RA-790,9.0,8.9,7.5,7.8,7.417,5.0,7.504,,,11.0,Feminino,Não,,,2022,Privada,1,0.0,1
RA-790,0.0,8.1,7.52,7.4,8.286666667,5.0,6.707666667,FASE 1,Agata,,Masculino,,7.083333333,,2023,Privada,1,-0.39999999999999947,0
RA-790,7.502,6.811594203,7.51,6.75,6.883333333,5.0,6.8089355072,2U,Agata,13.0,Masculino,,7.1875,EM Cecilia Cristina de Oliveira Rodrigues,2024,Privada,1,-0.6500000000000004,0
RA-791,9.5,8.7,7.5,6.5,8.5,5.0,7.507,,,11.0,Feminino,Sim,,,2022,Privada,1,0.0,1
RA-791,0.0,8.1,7.52,5.3,7.723333333,5.0,6.247916667,FASE 1,Agata,,Feminino,,7.8125,,2023,Privada,1,-1.2000000000000002,0
RA-792,9.5,8.0,7.5,6.2,7.167,5.0,7.025,,,9.0,Feminino,Não,,,2022,Privada,1,0.0,1
RA-792,9.0,7.7,7.52,7.2,9.085,5.0,7.6267,ALFA,Ametista,10.0,Feminino,,6.875,,2023,Privada,1,1.0,0
RA-792,8.502,5.2865612650000005,7.51,3.25,7.075,5.0,6.036012253,1N,Agata,11.0,Feminino,,8.125,EE Donizetti Aparecido Leite Professor,2024,Pública,1,-3.95,0
RA-793,9.5,7.6,7.5,6.0,7.333,5.0,6.894,,,10.0,Masculino,Não,,,2022,Privada,1,0.0,1
RA-794,9.5,8.9,7.5,4.1,7.333,10.0,7.335,,,8.0,Feminino,Não,,,2022,Privada,0,0.0,1
RA-794,9.0,9.2,7.52,6.2,10.01,5.0,7.9842,ALFA,Ametista,,Feminino,,7.5,,2023,Privada,1,2.1000000000000005,0
RA-794,9.502,6.9047619045,7.51,3.0,8.255,10.0,7.145652380900001,1K,Ametista,10.0,Feminino,,8.125,EE Helio Luiz Dobrochinski Prof,2024,Pública,0,-3.2,0
RA-795,9.0,9.7,7.5,7.3,7.333,10.0,8.064,,,8.0,Feminino,Não,,,2022,Privada,0,0.0,1
RA-795,9.0,9.6,7.52,8.2,10.01,5.0,8.4642,ALFA,Topázio,9.0,Feminino,,7.5,,2023,Privada,1,0.8999999999999995,0
RA-795,9.502,9.761904762,6.26,9.5,8.085,5.0,8.441414285700002,1L,Topázio,10.0,Feminino,,8.958333333,EE Helio Luiz Dobrochinski Prof,2024,Pública,1,1.3000000000000007,0
RA-796,9.5,9.3,7.5,5.4,7.667,5.0,7.232,,,10.0,Feminino,Não,,,2022,Privada,1,0.0,1
RA-796,9.0,9.8,6.27,5.5,8.336666667,5.0,7.462866667,FASE 1,Ametista,11.0,Feminino,,7.083333333,,2023,Privada,1,0.09999999999999964,0
RA-796,8.502,8.2212885155,7.51,5.25,7.326666667,5.0,7.052457703200001,2P,Ametista,12.0,Feminino,,7.916666667,EE Donizetti Aparecido Leite Professor,2024,Pública,1,-0.25,0
RA-797,9.0,8.5,7.5,7.3,7.5,5.0,7.217,,,10.0,Masculino,Não,,,2022,Privada,1,0.0,1
RA-797,8.5,8.6,7.52,7.5,7.233333333,5.0,7.373033333,FASE 1,Ametista,11.0,Masculino,,6.041666667,,2023,Privada,1,0.20000000000000018,0
RA-797,9.168,4.840909091,7.51,7.25,6.723333333,5.0,6.597315151500001,2P,Agata,12.0,Masculino,,6.666666667,EE Donizetti Aparecido Leite Professor,2024,Pública,1,-0.25,0
RA-798,8.0,8.3,7.5,6.3,7.667,5.0,7.049,,,10.0,Masculino,Não,,,2022,Privada,1,0.0,1
RA-798,9.0,8.1,7.52,6.1,6.95,5.0,7.018033333,FASE 1,Ametista,,Masculino,,6.458333333,,2023,Privada,1,-0.20000000000000018,0
RA-798,6.834,3.5064935065,7.51,4.75,2.943333333,5.0,4.6743653679,2R,Quartzo,12.0,Masculino,,5.0,EE Maria André Schunck Dona,2024,Pública,1,-1.3499999999999996,0
RA-799,8.0,9.6,7.5,7.8,7.917,5.0,7.676,,,10.0,Feminino,Não,,,2022,Privada,1,0.0,1
RA-799,9.5,9.6,5.64,8.3,8.17,5.0,8.061533333,FASE 1,Topázio,,Feminino,,8.333333333,,2023,Privada,1,0.5000000000000009,0
RA-799,7.918,9.090909091,7.51,5.25,7.5,10.0,7.702648484900001,2R,Ametista,11.0,Feminino,,7.916666667,EE Maria André Schunck Dona,2024,Pública,0,-3.0500000000000007,0
RA-8,7.1,4.6,6.3,1.6,6.278,5.0,4.786,7,Quartzo,20.0,Feminino,Não,,,2022,Privada,1,0.0,1
RA-80,9.2,8.3,5.0,7.1,7.625,5.0,7.29,5,Ametista,16.0,Feminino,Não,,,2022,Privada,1,0.0,1
RA-80,8.3,8.4,6.89,6.3,7.465,5.0,7.252275,FASE 6,Ametista,,Feminino,,7.96875,,2023,Privada,1,-0.7999999999999998,0
RA-80,8.751,7.8961292116666675,8.13,7.0,7.946666667,10.0,8.131659175733333,7A,Topázio,18.0,Feminino,,8.75,Colégio Arco Íris Evolução,2024,Privada,0,0.7000000000000002,0
RA-800,8.0,5.4,7.5,6.1,7.5,10.0,6.818,,,8.0,Masculino,Não,,,2022,Privada,0,0.0,1
RA-801,7.0,6.6,7.5,6.8,7.5,5.0,6.644,,,9.0,Masculino,Não,,,2022,Privada,1,0.0,1
RA-801,0.0,7.5,7.52,7.6,7.12,10.0,6.8735,FASE 1,Agata,,Masculino,,6.875,,2023,Privada,0,0.7999999999999998,0
RA-801,9.002,5.75,7.51,8.0,5.745,5.0,6.6752,1R,Agata,10.0,Masculino,,6.25,EE Luiz Schunck,2024,Pública,1,0.40000000000000036,0
RA-802,9.0,9.0,7.5,8.3,8.333,5.0,7.831,,,9.0,Masculino,Não,,,2022,Privada,1,0.0,1
RA-802,8.0,9.3,7.52,9.4,7.506666667,5.0,8.126866667,FASE 1,Topázio,10.0,Masculino,,8.333333333,,2023,Privada,1,1.0999999999999996,0
RA-802,7.502,7.012987013,7.51,8.75,6.723333333,10.0,7.8317974024999994,2R,Ametista,11.0,Masculino,,8.333333333,EE Maria André Schunck Dona,2024,Pública,0,-0.6500000000000004,0
RA-803,10.0,7.2,7.5,6.3,7.417,5.0,6.98,,,10.0,Feminino,Não,,,2022,Privada,1,0.0,1
RA-804,10.0,8.4,6.3,4.8,7.667,5.0,6.848,,,10.0,Masculino,Não,,,2022,Privada,1,0.0,1
RA-804,10.0,8.6,6.27,6.9,7.173333333,5.0,7.2352,FASE 1,Ametista,11.0,Masculino,,5.833333333,,2023,Privada,1,2.1000000000000005,0
RA-805,9.5,9.0,7.5,8.8,7.333,10.0,8.279,,,8.0,Masculino,Não,,,2022,Privada,0,0.0,1
RA-805,0.0,9.1,7.52,6.8,7.175,5.0,6.492,ALFA,Agata,9.0,Masculino,,6.25,,2023,Privada,1,-2.000000000000001,0
RA-805,8.502,9.523809524,4.38,6.0,6.7075,5.0,6.9375869048,1R,Agata,10.0,Masculino,,7.03125,EE Luiz Schunck,2024,Pública,1,-0.7999999999999998,0
RA-806,9.5,7.3,7.5,6.6,7.917,10.0,7.561,,,8.0,Masculino,Não,,,2022,Privada,0,0.0,1
RA-806,8.5,8.3,6.27,7.8,7.095,5.0,7.2937,ALFA,Ametista,9.0,Masculino,,6.875,,2023,Privada,1,1.2000000000000002,0
RA-806,8.502,6.9047619045,7.51,6.75,6.875,5.0,6.972777380900001,1R,Agata,10.0,Masculino,,7.65625,EE Luiz Schunck,2024,Pública,1,-1.0499999999999998,0
RA-807,9.5,8.7,6.3,9.0,7.5,10.0,8.121,,,8.0,Masculino,Não,,,2022,Privada,0,0.0,1
RA-807,9.5,9.1,7.52,8.0,8.08,5.0,7.8632,ALFA,Ametista,9.0,Masculino,,6.25,,2023,Privada,1,-1.0,0
RA-807,9.002,7.8571428569999995,7.51,7.0,7.125,10.0,7.797628571400001,1R,Ametista,10.0,Masculino,,7.5,EE Luiz Schunck,2024,Pública,0,-1.0,0
RA-808,10.0,9.1,6.3,9.3,8.0,10.0,8.361,,,8.0,Masculino,Não,,,2022,Privada,0,0.0,1
RA-808,10.0,10.0,2.52,8.7,9.755,5.0,8.1932,ALFA,Topázio,9.0,Masculino,,7.5,,2023,Privada,1,-0.6000000000000014,0
RA-808,9.002,10.0,7.51,8.75,7.88,10.0,8.7897,1R,Topázio,10.0,Masculino,,8.125,EE Luiz Schunck,2024,Pública,0,0.05000000000000071,0
RA-809,10.0,6.6,6.3,6.3,7.417,10.0,7.259,,,7.0,Masculino,Não,,,2022,Privada,0,0.0,1
RA-81,9.2,9.2,5.0,6.0,7.458,10.0,7.675,5,Ametista,14.0,Feminino,Não,,,2022,Privada,0,0.0,1
RA-81,9.6,8.8,2.52,6.3,7.2125,10.0,7.45425,FASE 5,Ametista,15.0,Feminino,,7.8125,,2023,Privada,0,0.2999999999999998,0
RA-81,9.168,9.333333333333334,6.26,7.5,7.798,10.0,8.256566666666668,6L,Topázio,16.0,Feminino,,7.875,Colégio Arco Íris Evolução,2024,Privada,0,1.2000000000000002,0
RA-810,8.5,9.1,5.0,9.6,7.25,10.0,7.887,,,8.0,Masculino,Não,,,2022,Privada,0,0.0,1
RA-810,8.0,8.5,7.52,6.9,7.836666667,10.0,7.782866667,FASE 1,Ametista,9.0,Masculino,,5.833333333,,2023,Privada,0,-2.6999999999999993,0
RA-810,7.502,9.4736842105,5.635,9.0,7.7525,5.0,7.704770175400001,1P,Ametista,10.0,Masculino,,6.458333333,EE Helio Luiz Dobrochinski Prof,2024,Pública,1,2.0999999999999996,0
RA-811,8.9,5.7,5.6,7.3,7.667,5.0,6.575,,,9.0,Feminino,Não,,,2022,Privada,1,0.0,1
RA-812,9.0,8.1,5.6,7.4,7.333,10.0,7.497,,,8.0,Masculino,Não,,,2022,Privada,0,0.0,1
RA-812,9.5,9.1,7.52,5.8,8.33,10.0,8.0357,ALFA,Topázio,8.0,Masculino,,6.875,,2023,Privada,0,-1.6000000000000005,0
RA-813,9.5,6.5,6.9,6.0,7.417,10.0,7.093,,,8.0,Masculino,Não,,,2022,Privada,0,0.0,1
RA-813,9.5,8.4,7.52,3.9,8.06,10.0,7.5867,FASE 1,Ametista,,Masculino,,8.125,,2023,Privada,0,-2.1,0
RA-814,8.9,9.0,6.9,7.5,8.417,5.0,7.592,,,9.0,Masculino,Sim,,,2022,Privada,1,0.0,1
RA-814,9.5,9.6,6.89,8.2,9.226666667,5.0,8.367866667,FASE 1,Topázio,10.0,Masculino,,8.333333333,,2023,Privada,1,0.6999999999999993,0
RA-814,7.418,9.090909091,7.51,7.5,7.053333333,10.0,7.971648484800001,2P,Ametista,11.0,Masculino,,7.5,EE Donizetti Aparecido Leite Professor,2024,Pública,0,-0.6999999999999993,0
RA-815,10.0,7.9,5.6,6.5,7.0,5.0,6.81,,,9.0,Masculino,Não,,,2022,Privada,1,0.0,1
RA-815,0.0,8.6,5.02,6.5,7.063333333,5.0,6.122166667,FASE 1,Agata,,Masculino,,6.875,,2023,Privada,1,0.0,0
RA-816,10.0,9.3,7.5,9.6,9.417,5.0,8.513,,,9.0,Feminino,Sim,,,2022,Privada,1,0.0,1
RA-816,7.5,9.8,7.52,8.9,9.283333333,5.0,8.5572,FASE 1,Topázio,,Feminino,,9.583333333,,2023,Privada,1,-0.6999999999999993,0
RA-816,7.002,9.7727272725,7.51,9.25,8.786666667,10.0,8.929745454599999,2P,Topázio,11.0,Feminino,,9.166666667,Colégio Arco Íris Evolução,2024,Privada,0,0.34999999999999964,0
RA-817,10.0,8.7,6.3,7.1,7.417,10.0,7.819,,,8.0,Feminino,Não,,,2022,Privada,0,0.0,1
RA-817,9.5,8.8,6.89,5.4,7.89,10.0,7.8597,FASE 1,Ametista,,Feminino,,8.125,,2023,Privada,0,-1.6999999999999993,0
RA-818,9.5,7.3,7.5,6.2,7.5,10.0,7.483,,,7.0,Masculino,Não,,,2022,Privada,0,0.0,1
RA-818,10.0,8.4,7.52,6.2,7.613333333,10.0,7.997366667,FASE 1,Ametista,,Masculino,,8.125,,2023,Privada,0,0.0,0
RA-819,10.0,7.9,7.5,7.3,7.333,10.0,7.741,,,8.0,Masculino,Não,,,2022,Privada,0,0.0,1
RA-819,0.0,8.3,7.52,9.5,8.893333333,10.0,7.944833333,FASE 1,Ametista,9.0,Masculino,,8.541666667,,2023,Privada,0,2.2,0
RA-819,10.002,7.784679089,7.51,9.0,8.503333333,10.0,8.652552484400001,2U,Topázio,10.0,Masculino,,8.4375,Estuda em outra cidade,2024,Privada,0,-0.5,0
RA-82,8.8,6.8,7.5,5.5,6.417,5.0,6.596,5,,17.0,Feminino,Não,,,2022,Privada,1,0.0,1
RA-820,9.5,10.0,6.9,6.0,7.583,5.0,7.417,,,9.0,Masculino,Não,,,2022,Privada,1,0.0,1
RA-820,7.9,7.4,7.52,8.9,8.28,5.0,7.85605,FASE 1,Ametista,10.0,Masculino,,9.0625,,2023,Privada,1,2.9000000000000004,0
RA-820,10.002,6.573529412,7.51,6.25,6.386666667,10.0,7.426572549100001,2I,Ametista,11.0,Masculino,,8.333333333,EE Dom Pedro Villas Boas de Souza,2024,Pública,0,-2.6500000000000004,0
RA-821,9.0,7.0,7.5,4.6,6.917,5.0,6.342,,,10.0,Masculino,Não,,,2022,Privada,1,0.0,1
RA-821,8.502,5.9166666665,7.51,4.25,6.713333333,10.0,6.643866666600001,2A,Agata,11.0,Masculino,,6.666666667,EE Mario Francisco de Amorim,2024,Pública,0,-0.34999999999999964,0
RA-822,8.0,8.4,7.5,6.1,7.083,5.0,6.922,,,10.0,Masculino,Não,,,2022,Privada,1,0.0,1
RA-822,8.5,8.4,2.52,7.1,5.925,5.0,6.4497,ALFA,Agata,,Masculino,,5.625,,2023,Privada,1,1.0,0
RA-822,0.0,4.6245059285,5.01,6.75,6.61,5.0,5.2645678524,1H,Quartzo,12.0,Masculino,,6.666666667,EE João Ortiz Rodrigues,2024,Pública,1,-0.34999999999999964,0
RA-823,10.0,6.0,7.5,2.8,7.167,5.0,5.989,,,10.0,Feminino,Não,,,2022,Privada,1,0.0,1
RA-824,10.0,4.4,6.9,6.0,7.333,10.0,6.799,,,8.0,Masculino,Não,,,2022,Privada,0,0.0,1
RA-825,7.5,8.2,6.9,7.6,7.917,5.0,7.25,,,9.0,Feminino,Não,,,2022,Privada,1,0.0,1
RA-826,9.5,9.6,7.5,5.4,7.5,10.0,7.776,,,8.0,Masculino,Não,,,2022,Privada,0,0.0,1
RA-826,10.0,10.0,3.77,7.3,8.34,5.0,7.77645,ALFA,Ametista,,Masculino,,7.8125,,2023,Privada,1,1.8999999999999995,0
RA-826,10.002,10.0,6.26,6.75,8.59,5.0,7.9442,1L,Ametista,10.0,Masculino,,7.5,EM Cecilia Cristina de Oliveira Rodrigues,2024,Privada,1,-0.5499999999999998,0
RA-827,9.5,7.0,7.5,7.6,8.667,5.0,7.412,,,10.0,Feminino,Sim,,,2022,Privada,1,0.0,1
RA-827,7.9,8.1,3.14,8.1,8.73,5.0,7.419925,FASE 1,Ametista,,Feminino,,8.28125,,2023,Privada,1,0.5,0
RA-827,10.002,9.782608695499999,5.01,7.25,7.875,10.0,8.2483467391,2K,Topázio,12.0,Feminino,,7.65625,EE Maria André Schunck Dona,2024,Pública,0,-0.8499999999999996,0
RA-828,9.5,7.1,7.5,6.9,7.833,5.0,7.139,,,9.0,Feminino,Não,,,2022,Privada,1,0.0,1
RA-829,9.0,8.6,7.5,7.8,7.5,10.0,8.003,,,8.0,Feminino,Não,,,2022,Privada,0,0.0,1
RA-829,9.0,9.4,3.14,8.4,9.23,10.0,8.532075,FASE 1,Topázio,9.0,Feminino,,9.21875,,2023,Privada,0,0.6000000000000005,0
RA-829,9.502,9.75,9.38,8.0,9.215,10.0,9.171825000000002,2K,Topázio,10.0,Feminino,,8.90625,Colégio Arco Íris Evolução,2024,Privada,0,-0.40000000000000036,0
RA-83,7.9,6.8,7.5,6.8,5.958,5.0,6.671,5,,17.0,Feminino,Não,,,2022,Privada,1,0.0,1
RA-830,10.0,8.6,7.5,6.0,7.5,5.0,7.234,,,9.0,Feminino,Não,,,2022,Privada,1,0.0,1
RA-830,0.0,8.9,3.14,8.3,9.505,5.0,6.78,ALFA,Agata,9.0,Feminino,,6.25,,2023,Privada,1,2.3000000000000007,0
RA-830,9.002,7.619047619,5.63,6.75,7.335,5.0,7.1373428571,1L,Ametista,11.0,Feminino,,8.333333333,EM Cecilia Cristina de Oliveira Rodrigues,2024,Privada,1,-1.5500000000000007,0
RA-831,9.5,9.2,7.5,7.2,7.167,5.0,7.41,,,9.0,Masculino,Não,,,2022,Privada,1,0.0,1
RA-831,8.0,9.4,3.77,8.3,8.59,5.0,7.71645,ALFA,Ametista,9.0,Masculino,,7.8125,,2023,Privada,1,1.1000000000000005,0
RA-831,10.002,9.523809524,6.26,7.75,8.17,5.0,8.0066285715,1K,Topázio,10.0,Masculino,,7.916666667,EM Cecilia Cristina de Oliveira Rodrigues,2024,Privada,1,-0.5500000000000007,0
RA-832,10.0,9.2,7.5,8.8,8.833,5.0,8.179,,,9.0,Masculino,Sim,,,2022,Privada,1,0.0,1
RA-832,10.0,9.5,7.52,8.5,8.283333333,5.0,8.2697,FASE 1,Topázio,10.0,Masculino,,7.708333333,,2023,Privada,1,-0.3000000000000007,0
RA-832,9.002,8.695652174,7.51,8.0,7.5,10.0,8.2403304348,2U,Topázio,11.0,Masculino,,7.5,EE Helio Luiz Dobrochinski Prof,2024,Pública,0,-0.5,0
RA-833,10.0,9.5,7.5,7.8,7.583,5.0,7.791,,,9.0,Masculino,Não,,,2022,Privada,1,0.0,1
RA-833,10.0,9.5,3.77,7.4,8.56,5.0,7.81295,FASE 1,Ametista,,Masculino,,8.4375,,2023,Privada,1,-0.39999999999999947,0
RA-833,9.002,9.3271221535,7.51,8.0,7.946666667,10.0,8.5184577641,2U,Topázio,11.0,Masculino,,8.125,EM Cecilia Cristina de Oliveira Rodrigues,2024,Privada,0,0.5999999999999996,0
RA-834,9.0,9.0,7.5,9.0,9.083,5.0,8.136,,,9.0,Masculino,Sim,,,2022,Privada,1,0.0,1
RA-834,9.0,9.9,6.27,9.2,9.283333333,5.0,8.662616667,FASE 1,Topázio,,Masculino,,9.6875,,2023,Privada,1,0.1999999999999993,0
RA-834,8.002,9.109730849,6.26,8.75,8.723333333,10.0,8.513646169700001,2L,Topázio,11.0,Masculino,,7.708333333,EE Maria André Schunck Dona,2024,Pública,0,-0.4499999999999993,0
RA-835,6.9,7.3,7.5,7.5,6.667,10.0,7.263,,,8.0,Masculino,Não,,,2022,Privada,0,0.0,1
RA-835,8.0,8.5,7.52,8.7,7.835,10.0,8.2467,ALFA,Topázio,8.0,Masculino,,6.875,,2023,Privada,0,1.1999999999999993,0
RA-836,8.5,8.3,7.5,9.2,7.583,5.0,7.665,,,9.0,Masculino,Não,,,2022,Privada,1,0.0,1
RA-836,9.5,9.6,6.27,6.7,8.085,5.0,7.6417,ALFA,Ametista,,Masculino,,6.875,,2023,Privada,1,-2.499999999999999,0
RA-836,9.502,6.439393939,7.51,2.75,6.25,5.0,6.0234537878,1J,Agata,11.0,Masculino,,7.34375,EE João Ortiz Rodrigues,2024,Pública,1,-3.95,0
RA-837,8.5,9.0,7.5,8.8,7.5,10.0,8.207,,,8.0,Masculino,Não,,,2022,Privada,0,0.0,1
RA-837,9.0,9.3,7.52,7.0,7.836666667,10.0,8.2712,FASE 1,Topázio,,Masculino,,7.916666667,,2023,Privada,0,-1.8000000000000007,0
RA-837,7.502,9.782608695499999,6.885,6.75,7.5825,10.0,7.9648467391,2G,Ametista,10.0,Masculino,,7.03125,EM Maria Ignez Concelles Irma Ines,2024,Privada,0,-0.25,0
RA-838,10.0,7.4,7.5,6.3,9.417,5.0,7.461,,,9.0,Masculino,Sim,,,2022,Privada,1,0.0,1
RA-839,0.0,5.1,7.5,5.4,6.583,5.0,5.198,,,9.0,Feminino,Não,,,2022,Privada,1,0.0,1
RA-84,7.1,8.8,5.0,5.8,6.75,5.0,6.682,5,Ametista,17.0,Feminino,Não,,,2022,Privada,1,0.0,1
RA-84,0.0,8.8,2.52,6.0,7.6725,5.0,6.034416667,FASE 6,Agata,,Feminino,,7.8125,,2023,Privada,1,0.20000000000000018,0
RA-840,9.0,8.2,7.5,7.8,7.5,10.0,7.875,,,8.0,Masculino,Não,,,2022,Privada,0,0.0,1
RA-840,9.5,9.0,4.38,8.2,8.59,5.0,7.7862,ALFA,Ametista,,Masculino,,7.5,,2023,Privada,1,0.39999999999999947,0
RA-840,9.502,9.337121212,7.51,8.0,7.946666667,10.0,8.5912909091,1G,Topázio,10.0,Masculino,,8.333333333,EM Maria Ignez Concelles Irma Ines,2024,Privada,0,-0.1999999999999993,0
RA-841,8.5,8.5,7.5,7.2,7.5,5.0,7.3,,,11.0,Masculino,Não,,,2022,Privada,1,0.0,1
RA-841,0.0,7.2,7.52,6.9,9.84,5.0,6.78,ALFA,Agata,11.0,Masculino,,7.5,,2023,Privada,1,-0.2999999999999998,0
RA-841,10.002,6.3272311215000006,7.51,3.25,5.83,5.0,6.035771224300001,2H,Agata,12.0,Masculino,,7.03125,EE João Ortiz Rodrigues,2024,Pública,1,-3.6500000000000004,0
RA-842,7.5,8.3,7.5,9.1,8.25,10.0,7.952,,,8.0,Feminino,Não,,,2022,Privada,0,0.0,1
RA-842,9.0,8.5,3.77,7.9,8.01,5.0,7.2117,ALFA,Ametista,9.0,Feminino,,5.625,,2023,Privada,1,-1.1999999999999993,0
RA-842,8.502,7.549407115,6.26,7.5,6.996666667,5.0,7.072914756400001,1G,Ametista,10.0,Feminino,,6.875,EM Etelvina Delfim Simões,2024,Privada,1,-0.40000000000000036,0
RA-843,8.5,9.0,7.5,9.2,8.417,10.0,8.538,,,8.0,Feminino,Sim,,,2022,Privada,0,0.0,1
RA-844,0.0,5.0,8.1,5.9,8.333,10.0,6.253,,,8.0,Masculino,Não,,,2022,Privada,0,0.0,1
RA-845,10.0,8.8,7.5,8.7,8.417,10.0,8.491,,,8.0,Feminino,Sim,,,2022,Privada,0,0.0,1
RA-846,9.0,7.2,7.5,5.9,7.917,10.0,7.412,,,7.0,Feminino,Não,,,2022,Privada,0,0.0,1
RA-846,9.5,8.2,3.77,6.0,8.67,10.0,7.4637,ALFA,Ametista,8.0,Feminino,,5.625,,2023,Privada,0,0.09999999999999964,0
RA-847,7.9,8.2,4.4,7.7,7.417,5.0,6.839,,,9.0,Masculino,Não,,,2022,Privada,1,0.0,1
RA-847,7.9,9.1,2.52,7.6,5.84,5.0,6.5418,ALFA,Agata,10.0,Masculino,,5.0,,2023,Privada,1,-0.10000000000000053,0
RA-847,9.002,4.5454545455,5.01,1.0,6.245,5.0,5.009290909100001,1D,Quartzo,11.0,Masculino,,7.5,EE Paschoal Carlos Magno,2024,Pública,1,-6.6,0
RA-848,9.5,7.0,7.5,9.0,7.833,5.0,7.488,,,9.0,Masculino,Não,,,2022,Privada,1,0.0,1
RA-849,8.5,8.3,7.5,9.1,7.417,5.0,7.369,,,9.0,Masculino,Não,,,2022,Privada,1,0.0,1
RA-85,6.7,7.3,5.0,4.3,5.833,10.0,6.243,5,,15.0,Masculino,Não,,,2022,Privada,0,0.0,1
RA-85,8.8,8.9,6.27,5.7,7.8425,5.0,7.08435,FASE 5,Ametista,16.0,Masculino,,5.9375,,2023,Privada,1,1.4000000000000004,0
RA-85,8.334,8.668046928999999,3.755,7.666666666666667,6.993333333,5.0,6.999509385733333,5N,Agata,17.0,Masculino,,6.25,EE Maria André Schunck Dona,2024,Pública,1,1.9666666666666668,0
RA-850,10.0,7.3,7.5,8.5,7.167,10.0,7.641,,,8.0,Masculino,Não,,,2022,Privada,0,0.0,1
RA-850,0.0,7.9,6.26,7.3,6.265,5.0,6.06525,ALFA,Agata,9.0,Masculino,,6.5625,,2023,Privada,1,-1.2000000000000002,0
RA-850,10.002,9.2727272725,6.255,7.75,7.92,5.0,7.864245454500001,1C,Ametista,10.0,Masculino,,7.5,EE Chácara Florida II,2024,Pública,1,0.4500000000000002,0
RA-851,9.0,7.9,7.5,8.3,6.583,10.0,7.515,,,8.0,Masculino,Não,,,2022,Privada,0,0.0,1
RA-851,8.4,7.5,2.52,6.6,6.01,5.0,6.1683,ALFA,Agata,,Masculino,,5.625,,2023,Privada,1,-1.700000000000001,0
RA-851,9.002,7.3221343875,5.63,6.0,5.106666667,5.0,6.2114602109,1B,Agata,10.0,Masculino,,5.625,EM Eurides José Amorim,2024,Privada,1,-0.5999999999999996,0
RA-852,9.0,6.8,5.0,2.1,5.5,10.0,5.666,,,7.0,Feminino,Não,,,2022,Privada,0,0.0,1
RA-853,10.0,9.6,7.5,8.5,8.5,10.0,8.616,,,8.0,Feminino,Sim,,,2022,Privada,0,0.0,1
RA-853,10.0,9.5,3.77,7.4,9.84,5.0,7.8402,ALFA,Ametista,9.0,Feminino,,6.25,,2023,Privada,1,-1.0999999999999996,0
RA-853,8.502,9.5833333335,6.26,6.25,7.553333333,10.0,7.986866666600001,1G,Ametista,10.0,Feminino,,8.333333333,EM Maria Ignez Concelles Irma Ines,2024,Privada,0,-1.1500000000000004,0
RA-854,8.0,9.0,7.5,9.3,7.167,10.0,8.098,,,8.0,Feminino,Não,,,2022,Privada,0,0.0,1
RA-854,0.0,9.5,3.77,6.0,8.01,10.0,6.6415,ALFA,Agata,,Feminino,,5.625,,2023,Privada,0,-3.3000000000000007,0
RA-854,9.502,10.0,6.26,7.0,6.333333333,10.0,7.826199999900001,1G,Ametista,9.0,Feminino,,5.833333333,EM Maria Ignez Concelles Irma Ines,2024,Privada,0,1.0,0
RA-855,10.0,9.6,7.5,9.7,9.0,5.0,8.453,,,9.0,Feminino,Sim,,,2022,Privada,1,0.0,1
RA-855,9.5,10.0,7.52,6.8,8.67,10.0,8.62995,FASE 1,Topázio,9.0,Feminino,,8.4375,,2023,Privada,0,-2.8999999999999995,0
RA-855,9.002,10.0,7.51,8.5,7.386666667,10.0,8.578533333400001,2I,Topázio,10.0,Feminino,,7.5,EE Dom Pedro Villas Boas de Souza,2024,Pública,0,1.7000000000000002,0
RA-856,10.0,9.1,7.5,8.4,8.0,10.0,8.398,,,7.0,Masculino,Não,,,2022,Privada,0,0.0,1
RA-856,0.0,9.6,7.52,7.3,8.255,10.0,7.3355,ALFA,Ametista,,Masculino,,5.625,,2023,Privada,0,-1.1000000000000005,0
RA-857,8.5,8.9,7.5,9.5,9.083,5.0,8.154,,,9.0,Feminino,Sim,,,2022,Privada,1,0.0,1
RA-857,8.5,9.0,7.52,8.5,9.01,5.0,8.1442,ALFA,Topázio,9.0,Feminino,,7.5,,2023,Privada,1,-1.0,0
RA-858,10.0,7.1,5.6,7.7,7.333,10.0,7.523,,,7.0,Masculino,Não,,,2022,Privada,0,0.0,1
RA-858,0.0,8.1,3.77,9.3,7.946666667,10.0,7.248833333,ALFA,Ametista,,Masculino,,8.125,,2023,Privada,0,1.6000000000000005,0
RA-858,9.002,6.833333333500001,2.51,8.25,7.5,5.0,6.917866666700001,ALFA,Agata,9.0,Masculino,,7.5,EE Dom Pedro Villas Boas de Souza,2024,Pública,1,-1.0500000000000007,0
RA-859,8.5,8.7,7.5,8.9,8.25,10.0,8.325,,,7.0,Feminino,Não,,,2022,Privada,0,0.0,1
RA-859,8.0,9.2,7.52,7.3,10.01,10.0,8.6042,ALFA,Topázio,8.0,Feminino,,7.5,,2023,Privada,0,-1.6000000000000005,0
RA-859,8.002,9.337121212,7.51,8.0,8.336666667,10.0,8.5817909091,1G,Topázio,9.0,Feminino,,8.958333333,EM Maria Ignez Concelles Irma Ines,2024,Privada,0,0.7000000000000002,0
RA-86,7.5,9.6,5.6,6.7,8.458,5.0,7.566,5,Topázio,16.0,Masculino,Sim,,,2022,Privada,1,0.0,1
RA-86,8.3,,6.89,,,10.0,,FASE 7,,,Masculino,,,,2023,Privada,0,0.0,0
RA-86,6.667,9.704333333,6.57,5.483333333333333,7.5,10.0,7.611233333266666,7E,Ametista,18.0,Masculino,,7.5,FIAP School - SP,2024,Privada,0,0.0,0
RA-860,9.5,8.5,7.5,8.1,7.75,10.0,8.136,,,7.0,Masculino,Não,,,2022,Privada,0,0.0,1
RA-860,7.0,9.8,6.89,7.4,8.34,10.0,8.2372,ALFA,Topázio,,Masculino,,7.5,,2023,Privada,0,-0.6999999999999993,0
RA-860,9.002,9.7916666665,7.51,8.5,7.946666667,10.0,8.7738666667,1G,Topázio,9.0,Masculino,,8.75,EM Maria Ignez Concelles Irma Ines,2024,Privada,0,1.0999999999999996,0
RA-861,9.5,10.0,8.13,9.6,8.92,10.0,9.31095,ALFA,Topázio,8.0,Feminino,,8.4375,,2023,Privada,0,0.0,1
RA-861,9.502,10.0,7.51,10.0,9.73,5.0,8.959700000000002,ALFA,Topázio,9.0,Feminino,,8.125,EE Dom Pedro Villas Boas de Souza,2024,Pública,1,0.40000000000000036,0
RA-862,8.5,9.1,8.14,8.9,8.585,5.0,8.2212,ALFA,Topázio,9.0,Masculino,,7.5,,2023,Privada,1,0.0,1
RA-862,9.002,8.6136363635,7.51,7.5,6.27,5.0,7.346677272700001,ALFA,Ametista,10.0,Masculino,,7.1875,EE Dom Pedro Villas Boas de Souza,2024,Pública,1,-1.4000000000000004,0
RA-863,0.0,7.6,3.14,6.3,6.26,10.0,5.92975,ALFA,Quartzo,7.0,Masculino,,5.9375,,2023,Privada,0,0.0,1
RA-863,8.502,3.159090909,2.51,5.5,4.333333333,5.0,4.6684348484000004,ALFA,Quartzo,8.0,Masculino,,4.6875,EE Dom Pedro Villas Boas de Souza,2024,Pública,1,-0.7999999999999998,0
RA-864,0.0,7.6,8.14,6.3,8.5,10.0,7.034,ALFA,Ametista,,Feminino,,7.5,,2023,Privada,0,0.0,1
RA-865,8.5,8.7,7.52,7.4,7.915,10.0,8.1552,ALFA,Topázio,8.0,Masculino,,7.5,,2023,Privada,0,0.0,1
RA-866,0.0,8.3,8.76,8.6,8.415,10.0,7.679,ALFA,Ametista,,Feminino,,7.5,,2023,Privada,0,0.0,1
RA-867,9.0,8.6,8.76,8.9,8.415,10.0,8.6992,ALFA,Topázio,8.0,Masculino,,7.5,,2023,Privada,0,0.0,1
RA-867,9.002,7.409090909,7.51,8.5,7.5,5.0,7.583018181800001,ALFA,Ametista,9.0,Masculino,,7.5,EE Dom Pedro Villas Boas de Souza,2024,Pública,1,-0.40000000000000036,0
RA-868,10.0,9.5,8.76,7.1,8.67,10.0,8.63895,ALFA,Topázio,,Masculino,,7.1875,,2023,Privada,0,0.0,1
RA-868,8.002,9.75,3.76,7.0,7.213333333,5.0,7.156366666600001,ALFA,Ametista,8.0,Masculino,,6.875,EE Chácara Florida II,2024,Pública,1,-0.09999999999999964,0
RA-869,9.0,10.0,8.76,9.6,8.75,10.0,9.2587,ALFA,Topázio,8.0,Feminino,,8.125,,2023,Privada,0,0.0,1
RA-87,8.3,9.6,7.5,8.8,8.5,10.0,8.712,5,,15.0,Masculino,Sim,,,2022,Privada,0,0.0,1
RA-87,7.5,10.0,5.63,9.3,8.385,10.0,8.6625,FASE 6,Topázio,16.0,Masculino,,8.125,,2023,Privada,0,0.5,0
RA-87,8.751,9.649122807,9.375,9.166666666666666,9.623333333,10.0,9.437924561333332,7A,Topázio,17.0,Masculino,,9.375,Colégio Arco Íris Evolução,2024,Privada,0,-0.13333333333333464,0
RA-870,0.0,8.5,8.76,1.5,5.165,5.0,4.909,ALFA,Quartzo,9.0,Feminino,,5.0,,2023,Privada,1,0.0,1
RA-871,9.0,9.5,3.76,6.9,6.84,5.0,6.8617,ALFA,Agata,9.0,Masculino,,4.375,,2023,Privada,1,0.0,1
RA-871,8.502,9.328063240999999,4.38,7.25,5.783333333,10.0,7.2917293147999995,1B,Ametista,10.0,Masculino,,5.3125,EE Chácara Florida II,2024,Pública,0,0.34999999999999964,0
RA-872,0.0,6.7,2.52,4.3,8.5,5.0,5.267,ALFA,Quartzo,10.0,Feminino,,6.25,,2023,Privada,1,0.0,1
RA-873,8.5,9.7,7.52,7.0,8.67,5.0,7.8012,ALFA,Ametista,,Feminino,,6.25,,2023,Privada,1,0.0,1
RA-873,8.002,10.0,6.88,6.75,7.77,5.0,7.61095,1B,Ametista,12.0,Feminino,,7.1875,EE Olivia de Faria Nogueira,2024,Pública,1,-0.25,0
RA-874,0.0,8.2,7.52,4.8,6.67,5.0,5.811,ALFA,Quartzo,9.0,Masculino,,6.25,,2023,Privada,1,0.0,1
RA-874,9.502,4.696969697,6.26,7.75,7.915,5.0,7.0235939394,1E,Ametista,10.0,Masculino,,8.75,EE Chácara Florida II,2024,Pública,1,2.95,0
RA-875,9.5,9.5,7.52,7.3,9.845,5.0,8.2712,ALFA,Topázio,9.0,Masculino,,7.5,,2023,Privada,1,0.0,1
RA-876,10.0,9.4,7.52,7.5,8.835,10.0,8.6492,ALFA,Topázio,,Masculino,,7.5,,2023,Privada,0,0.0,1
RA-876,8.502,9.0476190475,7.51,3.75,8.09,10.0,7.612057142800001,1K,Ametista,9.0,Masculino,,8.333333333,EM Etelvina Delfim Simões,2024,Privada,0,-3.75,0
RA-877,9.5,9.5,7.52,6.9,7.5,5.0,7.4722,ALFA,Ametista,9.0,Masculino,,5.0,,2023,Privada,1,0.0,1
RA-878,0.0,9.5,2.52,8.1,7.34,5.0,6.24,ALFA,Agata,10.0,Masculino,,5.0,,2023,Privada,1,0.0,1
RA-878,9.002,6.1363636360000005,4.38,6.75,6.996666667,5.0,6.5335560606000005,1B,Agata,11.0,Masculino,,7.1875,EE Chácara Florida II,2024,Pública,1,-1.3499999999999996,0
RA-879,0.0,9.8,2.52,8.2,8.915,5.0,6.8225,ALFA,Agata,,Feminino,,6.875,,2023,Privada,1,0.0,1
RA-879,9.502,9.090909091,6.26,8.5,8.67,5.0,8.1096318182,1A,Topázio,10.0,Feminino,,7.8125,EM Etelvina Delfim Simões,2024,Privada,1,0.3000000000000007,0
RA-88,7.1,9.2,5.6,6.5,9.208,5.0,7.498,5,,17.0,Masculino,Sim,,,2022,Privada,1,0.0,1
RA-88,,,,,,10.0,,FASE 8,,18.0,Masculino,,,,2023,Privada,0,0.0,0
RA-88,,0.0,,,,10.0,,8E,,19.0,Masculino,,,Faculdade FIAP,2024,Privada,0,0.0,0
RA-880,0.0,9.4,2.52,6.3,8.585,10.0,6.724,ALFA,Agata,7.0,Feminino,,6.25,,2023,Privada,0,0.0,1
RA-880,9.502,8.445652174,2.51,6.5,7.22,5.0,6.853080434800001,ALFA,Agata,8.0,Feminino,,7.1875,EE Chácara Florida II,2024,Pública,1,0.20000000000000018,0
RA-881,10.0,8.9,7.52,7.3,6.25,10.0,7.7322,ALFA,Ametista,8.0,Masculino,,5.0,,2023,Privada,0,0.0,1
RA-882,9.0,8.6,2.52,4.7,4.16,10.0,6.0092,ALFA,Agata,8.0,Feminino,,3.75,,2023,Privada,0,0.0,1
RA-883,9.5,9.7,6.89,8.4,8.17,10.0,8.5082,ALFA,Topázio,,Feminino,,6.25,,2023,Privada,0,0.0,1
RA-884,9.0,9.7,4.39,8.8,8.66,10.0,8.4587,ALFA,Topázio,,Feminino,,6.875,,2023,Privada,0,0.0,1
RA-884,10.002,8.818181818,6.26,8.75,8.223333333,5.0,8.0345030302,ALFA,Topázio,8.0,Feminino,,7.5,EM Pedro Antonio de Almeida,2024,Privada,1,-0.05000000000000071,0
RA-885,9.0,9.8,7.52,8.7,8.665,10.0,8.8252,ALFA,Topázio,7.0,Masculino,,7.5,,2023,Privada,0,0.0,1
RA-885,8.502,10.0,7.51,8.5,8.28,5.0,8.2072,ALFA,Topázio,9.0,Masculino,,7.5,EE Dom Pedro Villas Boas de Souza,2024,Pública,1,-0.1999999999999993,0
RA-886,8.5,9.4,7.52,8.1,9.0,10.0,8.6422,ALFA,Topázio,,Feminino,,7.5,,2023,Privada,0,0.0,1
RA-886,9.502,10.0,8.13,8.75,8.28,5.0,8.419200000000002,ALFA,Topázio,8.0,Feminino,,7.5,EM Etelvina Delfim Simões,2024,Privada,1,0.6500000000000004,0
RA-887,8.9,8.9,7.52,8.4,9.09,10.0,8.6718,ALFA,Topázio,8.0,Masculino,,7.5,,2023,Privada,0,0.0,1
RA-888,9.0,10.0,7.52,8.8,8.83,10.0,8.9182,ALFA,Topázio,,Masculino,,7.5,,2023,Privada,0,0.0,1
RA-888,9.002,10.0,6.88,8.5,8.28,5.0,8.1942,ALFA,Topázio,8.0,Masculino,,7.5,EE Dom Pedro Villas Boas de Souza,2024,Pública,1,-0.3000000000000007,0
RA-889,8.5,9.5,6.89,9.1,9.0,10.0,8.8092,ALFA,Topázio,,Masculino,,7.5,,2023,Privada,0,0.0,1
RA-889,8.502,9.2954545455,6.26,9.75,8.28,5.0,8.191290909100001,ALFA,Topázio,9.0,Masculino,,7.5,EM Maria Ignez Concelles Irma Ines,2024,Privada,1,0.6500000000000004,0
RA-89,9.6,7.8,7.5,5.9,8.0,5.0,7.323,5,,16.0,Masculino,Não,,,2022,Privada,1,0.0,1
RA-89,8.3,8.1,5.0,5.1,7.465,5.0,6.700775,FASE 6,Agata,17.0,Masculino,,7.34375,,2023,Privada,1,-0.8000000000000007,0
RA-890,0.0,9.1,2.52,8.3,8.16,10.0,6.989,ALFA,Agata,8.0,Masculino,,6.25,,2023,Privada,0,0.0,1
RA-891,9.5,9.5,6.89,7.5,7.995,5.0,7.8882,ALFA,Ametista,,Feminino,,7.5,,2023,Privada,1,0.0,1
RA-891,10.002,9.0454545455,6.26,8.75,8.003333333,5.0,8.035957575700001,ALFA,Topázio,10.0,Feminino,,7.5,EE Chácara Florida II,2024,Pública,1,1.25,0
RA-892,8.0,9.6,6.89,8.3,10.01,10.0,8.8112,ALFA,Topázio,8.0,Masculino,,7.5,,2023,Privada,0,0.0,1
RA-892,8.002,10.0,7.51,8.75,7.92,10.0,8.697700000000001,1C,Topázio,9.0,Masculino,,8.125,EE Dom Pedro Villas Boas de Souza,2024,Pública,0,0.4499999999999993,0
RA-893,9.5,10.0,7.52,9.3,10.01,5.0,8.8042,ALFA,Topázio,,Masculino,,7.5,,2023,Privada,1,0.0,1
RA-893,9.002,10.0,7.51,9.25,7.886666667,10.0,8.8910333334,1B,Topázio,10.0,Masculino,,8.125,EE Chácara Florida II,2024,Pública,0,-0.05000000000000071,0
RA-894,9.5,9.9,7.52,9.4,10.01,5.0,8.8142,ALFA,Topázio,9.0,Feminino,,7.5,,2023,Privada,1,0.0,1
RA-894,10.002,10.0,7.51,9.5,8.42,5.0,8.67895,1C,Topázio,10.0,Feminino,,8.4375,EE Dom Pedro Villas Boas de Souza,2024,Pública,1,0.09999999999999964,0
RA-895,9.5,9.5,7.52,6.8,9.5,10.0,8.5397,ALFA,Topázio,8.0,Feminino,,6.875,,2023,Privada,0,0.0,1
RA-895,9.502,9.5454545455,6.26,9.5,8.113333333,5.0,8.2579575757,ALFA,Topázio,9.0,Feminino,,7.5,EE Dom Pedro Villas Boas de Souza,2024,Pública,1,2.7,0
RA-896,9.5,10.0,6.89,8.5,10.01,10.0,9.0912,ALFA,Topázio,7.0,Masculino,,7.5,,2023,Privada,0,0.0,1
RA-896,8.502,9.7727272725,7.51,6.5,8.085,10.0,8.2852454545,1C,Topázio,8.0,Masculino,,8.125,EE Dom Pedro Villas Boas de Souza,2024,Pública,0,-2.0,0
RA-897,0.0,8.1,7.52,6.5,3.32,5.0,5.48225,ALFA,Quartzo,,Masculino,,6.5625,,2023,Privada,1,0.0,1
RA-897,7.002,2.7525252525,2.51,6.0,6.66,5.0,5.2212050505,ALFA,Quartzo,10.0,Masculino,,6.875,EE Francisco de Paula Teixeira,2024,Pública,1,-0.5,0
RA-898,9.0,9.8,3.77,9.4,10.01,5.0,8.4217,ALFA,Topázio,,Masculino,,8.125,,2023,Privada,1,0.0,1
RA-898,6.418,10.0,7.51,7.5,8.616666667,5.0,7.8661333334000005,1B,Ametista,10.0,Masculino,,7.5,EE Dom Pedro Villas Boas de Souza,2024,Pública,1,-1.9000000000000004,0
RA-899,10.0,9.8,3.77,9.5,9.34,10.0,8.8452,ALFA,Topázio,8.0,Masculino,,7.5,,2023,Privada,0,0.0,1
RA-899,10.002,9.1007905135,5.635,8.25,7.893333333,10.0,8.425024769300002,1B,Topázio,9.0,Masculino,,8.125,EE Chácara Florida II,2024,Pública,0,-1.25,0
RA-9,8.8,9.5,7.5,6.7,9.5,5.0,8.109,7,Ametista,18.0,Feminino,Sim,,,2022,Privada,1,0.0,1
RA-90,10.0,9.7,9.4,8.5,9.75,10.0,9.442,5,Topázio,13.0,Feminino,Sim,,,2022,Privada,0,0.0,1
RA-90,10.0,9.6,7.52,7.7,8.1725,10.0,8.699408333,FASE 5,Topázio,14.0,Feminino,,8.59375,,2023,Privada,0,-0.7999999999999998,0
RA-90,10.002,9.0,6.885,8.066666666666666,7.5,10.0,8.352033333333335,7E,Topázio,15.0,Feminino,,7.5,Colégio Poliedro - SP,2024,Privada,0,0.36666666666666625,0
RA-900,9.0,9.8,9.38,7.8,8.67,10.0,8.8947,ALFA,Topázio,8.0,Feminino,,8.125,,2023,Privada,0,0.0,1
RA-900,9.002,9.318181818,8.13,8.5,8.563333333,10.0,8.802003030200002,1B,Topázio,9.0,Feminino,,8.125,EE Dom Pedro Villas Boas de Souza,2024,Pública,0,0.7000000000000002,0
RA-901,8.5,8.7,3.77,7.5,8.595,5.0,7.3112,ALFA,Ametista,10.0,Masculino,,6.25,,2023,Privada,1,0.0,1
RA-902,10.0,9.3,2.52,3.9,6.5,2.5,5.97345,ALFA,Quartzo,12.0,Masculino,,5.3125,,2023,Privada,1,0.0,1
RA-903,10.0,9.6,5.02,7.8,9.01,10.0,8.5242,ALFA,Topázio,,Feminino,,7.5,,2023,Privada,0,0.0,1
RA-903,10.002,9.7727272725,7.505,5.0,7.946666667,10.0,8.0758287879,1B,Topázio,9.0,Feminino,,7.8125,EE Dom Pedro Villas Boas de Souza,2024,Pública,0,-2.8,0
RA-904,9.0,9.3,7.52,6.4,7.836666667,10.0,8.140783333,ALFA,Topázio,,Feminino,,7.8125,,2023,Privada,0,0.0,1
RA-904,9.502,8.75,7.51,6.0,8.67,5.0,7.6352,ALFA,Ametista,8.0,Feminino,,7.5,EE Chácara Florida II,2024,Pública,1,-0.40000000000000036,0
RA-905,9.5,9.4,7.52,8.3,7.056666667,5.0,7.831033333,ALFA,Ametista,9.0,Masculino,,6.875,,2023,Privada,1,0.0,1
RA-905,9.002,7.7794117645,7.51,3.0,6.99,5.0,6.3925823529,ALFA,Agata,10.0,Masculino,,6.875,EM Pedro Antonio de Almeida,2024,Privada,1,-5.300000000000001,0
RA-906,7.5,9.2,7.52,8.6,6.95,10.0,8.1922,ALFA,Topázio,,Masculino,,7.5,,2023,Privada,0,0.0,1
RA-907,9.5,9.6,7.52,9.3,8.336666667,10.0,8.962033333,ALFA,Topázio,8.0,Feminino,,8.125,,2023,Privada,0,0.0,1
RA-907,9.002,8.9444444445,7.51,8.75,7.5,5.0,7.9400888889,ALFA,Ametista,9.0,Feminino,,7.5,EE Dom Pedro Villas Boas de Souza,2024,Pública,1,-0.5500000000000007,0
RA-908,9.0,9.0,7.52,7.9,8.223333333,10.0,8.479366667,ALFA,Topázio,,Feminino,,8.125,,2023,Privada,0,0.0,1
RA-908,8.502,8.14171123,7.51,4.75,6.83,5.0,6.764292246,ALFA,Agata,9.0,Feminino,,7.1875,EE Joaquim Mendes Feliz,2024,Pública,1,-3.1500000000000004,0
RA-909,10.0,9.9,7.52,9.2,8.056666667,5.0,8.486033333,ALFA,Topázio,10.0,Feminino,,8.125,,2023,Privada,1,0.0,1
RA-909,10.002,8.1666666665,7.51,8.25,7.5,5.0,7.722033333300001,ALFA,Ametista,11.0,Feminino,,6.875,EE Dom Pedro Villas Boas de Souza,2024,Pública,1,-0.9499999999999993,0
RA-91,9.2,5.7,5.6,6.6,7.125,5.0,6.645,5,Ametista,16.0,Feminino,Não,,,2022,Privada,1,0.0,1
RA-91,10.0,7.4,6.89,7.4,7.4675,5.0,7.42395,FASE 6,Ametista,,Feminino,,7.8125,,2023,Privada,1,0.8000000000000007,0
RA-91,10.002,7.476190476333334,5.635,7.333333333333333,8.068,5.0,7.426704761933335,6L,Ametista,18.0,Feminino,,7.875,Colégio Arco Íris Evolução,2024,Privada,1,-0.06666666666666732,0
RA-910,0.0,8.8,7.52,8.9,8.17,10.0,7.801,ALFA,Ametista,8.0,Masculino,,8.75,,2023,Privada,0,0.0,1
RA-910,8.502,8.674242424500001,7.51,7.5,7.443333333,10.0,8.1163818182,1G,Topázio,9.0,Masculino,,7.916666667,EM Etelvina Delfim Simões,2024,Privada,0,-1.4000000000000004,0
RA-911,9.0,6.7,2.52,3.4,7.01,5.0,5.59545,ALFA,Quartzo,11.0,Masculino,,5.3125,,2023,Privada,1,0.0,1
RA-911,8.002,4.772727273,7.51,4.5,4.726666667,5.0,5.4552454547,1G,Quartzo,12.0,Masculino,,6.041666667,EE Leonice de Aquino Oliveira,2024,Pública,1,1.1,0
RA-912,7.0,9.4,7.52,6.3,7.175,5.0,7.0797,ALFA,Ametista,9.0,Feminino,,5.625,,2023,Privada,1,0.0,1
RA-912,9.002,9.4736842105,7.51,7.25,6.943333333,5.0,7.697103508700001,ALFA,Ametista,10.0,Feminino,,8.125,EM Maria Ignez Concelles Irma Ines,2024,Privada,1,0.9500000000000002,0
RA-913,8.0,8.5,6.89,7.9,9.245,5.0,7.7432,ALFA,Ametista,,Feminino,,6.25,,2023,Privada,1,0.0,1
RA-914,10.0,9.2,7.52,8.7,8.67,10.0,8.6912,ALFA,Topázio,8.0,Feminino,,6.25,,2023,Privada,0,0.0,1
RA-915,10.0,8.4,7.52,8.4,8.67,10.0,8.5962,ALFA,Topázio,,Feminino,,7.5,,2023,Privada,0,0.0,1
RA-916,9.5,9.7,2.52,6.6,9.005,5.0,7.3882,ALFA,Ametista,9.0,Feminino,,6.25,,2023,Privada,1,0.0,1
RA-916,8.502,7.3320158105,2.51,2.75,6.16,5.0,5.5058531621,ALFA,Quartzo,10.0,Feminino,,6.5625,EM Maria Ignez Concelles Irma Ines,2024,Privada,1,-3.8499999999999996,0
RA-917,0.0,7.2,2.52,7.0,6.35,10.0,5.987,ALFA,Quartzo,7.0,Feminino,,6.25,,2023,Privada,0,0.0,1
RA-918,10.0,8.7,2.52,7.7,7.01,10.0,7.4967,ALFA,Ametista,7.0,Feminino,,5.625,,2023,Privada,0,0.0,1
RA-918,7.918,8.697368421,2.51,2.75,6.156666667,5.0,5.657357017600001,ALFA,Quartzo,8.0,Feminino,,5.9375,EM Maria Ignez Concelles Irma Ines,2024,Privada,1,-4.95,0
RA-919,0.0,8.4,7.52,5.3,8.09,5.0,6.225,ALFA,Agata,9.0,Masculino,,6.25,,2023,Privada,1,0.0,1
RA-919,7.002,4.692513369,6.255,5.25,6.49,5.0,5.799702673800001,ALFA,Quartzo,10.0,Masculino,,6.875,EM Maria Ignez Concelles Irma Ines,2024,Privada,1,-0.04999999999999982,0
RA-92,9.2,7.1,5.0,7.4,6.667,5.0,6.957,5,Topázio,16.0,Feminino,Não,,,2022,Privada,1,0.0,1
RA-92,9.6,9.4,5.63,6.7,7.045,5.0,7.375916667,FASE 6,Ametista,,Feminino,,7.1875,,2023,Privada,1,-0.7000000000000002,0
RA-92,10.002,8.769145085,7.51,7.5,6.33,10.0,8.052279017,7A,Topázio,18.0,Feminino,,7.8125,Colégio Arco Íris Evolução,2024,Privada,0,0.7999999999999998,0
RA-920,9.0,6.3,7.52,6.1,6.35,10.0,6.9647,ALFA,Agata,8.0,Feminino,,5.625,,2023,Privada,0,0.0,1
RA-920,9.502,7.6710526315,7.51,8.25,8.226666667,5.0,7.7494938597,ALFA,Ametista,9.0,Feminino,,7.1875,EM Maria Ignez Concelles Irma Ines,2024,Privada,1,2.1500000000000004,0
RA-921,9.0,9.7,7.52,6.3,6.68,10.0,7.7407,ALFA,Ametista,7.0,Feminino,,5.625,,2023,Privada,0,0.0,1
RA-921,8.502,8.6631016045,7.51,6.0,7.5,5.0,7.2838203209,ALFA,Ametista,8.0,Feminino,,7.5,EE Dom Pedro Villas Boas de Souza,2024,Pública,1,-0.2999999999999998,0
RA-922,8.5,9.7,3.14,8.4,10.01,10.0,8.5262,ALFA,Topázio,,Feminino,,7.5,,2023,Privada,0,0.0,1
RA-922,9.002,9.5227272725,7.51,7.75,8.17,10.0,8.5209954545,1C,Topázio,9.0,Feminino,,7.8125,EE Francisco de Paula Teixeira,2024,Pública,0,-0.6500000000000004,0
RA-923,9.5,9.9,7.52,7.3,10.01,10.0,8.8842,ALFA,Topázio,,Feminino,,7.5,,2023,Privada,0,0.0,1
RA-923,8.002,7.9545454545,7.51,5.5,8.17,10.0,7.688609090900001,1D,Ametista,9.0,Feminino,,8.125,EE Dom Pedro Villas Boas de Souza,2024,Pública,0,-1.7999999999999998,0
RA-924,9.0,5.6,7.52,5.0,5.93,10.0,6.5207,ALFA,Agata,,Masculino,,5.625,,2023,Privada,0,0.0,1
RA-924,7.002,4.598930481,7.51,7.0,7.415,5.0,6.4727360962,ALFA,Agata,9.0,Masculino,,7.1875,EE Dom Pedro Villas Boas de Souza,2024,Pública,1,2.0,0
RA-925,9.0,8.9,7.52,5.4,5.595,10.0,7.1837,ALFA,Ametista,,Masculino,,5.625,,2023,Privada,0,0.0,1
RA-925,8.002,7.005347594,7.51,4.75,7.33,5.0,6.587019518800001,ALFA,Agata,8.0,Masculino,,7.1875,EE Dom Pedro Villas Boas de Souza,2024,Pública,1,-0.6500000000000004,0
RA-926,9.0,10.0,3.77,6.8,9.51,5.0,7.7792,ALFA,Ametista,9.0,Feminino,,7.5,,2023,Privada,1,0.0,1
RA-926,9.002,9.7727272725,7.51,7.0,7.22,5.0,7.7830787878,1G,Ametista,10.0,Feminino,,8.333333333,EM Maria Ignez Concelles Irma Ines,2024,Privada,1,0.20000000000000018,0
RA-927,9.0,9.7,3.77,6.4,9.255,5.0,7.5982,ALFA,Ametista,,Feminino,,7.5,,2023,Privada,1,0.0,1
RA-927,8.002,9.318181818,7.51,6.5,7.22,10.0,7.9921696969000005,1G,Ametista,10.0,Feminino,,8.333333333,EM Maria Ignez Concelles Irma Ines,2024,Privada,0,0.09999999999999964,0
RA-928,8.5,10.0,7.52,9.8,9.67,10.0,9.3712,ALFA,Topázio,8.0,Feminino,,8.75,,2023,Privada,0,0.0,1
RA-928,8.002,10.0,7.51,8.75,8.59,10.0,8.8733666667,1K,Topázio,9.0,Feminino,,8.541666667,EM Amanda Consuelo da Cunha,2024,Privada,0,-1.0500000000000007,0
RA-929,8.5,9.8,7.52,8.8,9.67,10.0,9.1312,ALFA,Topázio,8.0,Feminino,,8.75,,2023,Privada,0,0.0,1
RA-929,9.002,9.4736842105,7.51,6.75,7.58,5.0,7.7244368421,ALFA,Ametista,9.0,Feminino,,8.125,EM Amanda Consuelo da Cunha,2024,Privada,1,-2.0500000000000007,0
RA-93,8.3,9.7,8.1,8.5,9.083,10.0,8.941,5,Ametista,15.0,Feminino,Sim,,,2022,Privada,0,0.0,1
RA-93,7.9,,3.14,,,10.0,,FASE 7,,16.0,Feminino,,,,2023,Privada,0,0.0,0
RA-93,9.168,9.931666667,6.2575,7.483333333333333,7.5,10.0,8.275550000066668,7E,Topázio,17.0,Feminino,,7.5,Colégio Albert Einstein - SP,2024,Privada,0,0.0,0
RA-930,9.0,8.8,7.52,9.0,9.0,10.0,8.8872,ALFA,Topázio,8.0,Masculino,,8.75,,2023,Privada,0,0.0,1
RA-930,8.502,9.7368421055,7.51,8.0,7.5,5.0,7.9298184211,ALFA,Ametista,9.0,Masculino,,7.8125,EE Jardim Campestre,2024,Pública,1,-1.0,0
RA-931,8.5,8.2,2.52,7.8,7.6,10.0,7.3747,ALFA,Ametista,,Masculino,,5.625,,2023,Privada,0,0.0,1
RA-931,7.918,8.5833333335,2.51,8.5,6.83,5.0,7.075466666700001,ALFA,Ametista,9.0,Masculino,,7.5,EM Amanda Consuelo da Cunha,2024,Privada,1,0.7000000000000002,0
RA-932,9.5,7.9,7.52,7.5,9.0,10.0,8.3847,ALFA,Topázio,7.0,Feminino,,8.125,,2023,Privada,0,0.0,1
RA-933,9.0,8.4,7.52,7.7,9.67,10.0,8.6712,ALFA,Topázio,8.0,Feminino,,8.75,,2023,Privada,0,0.0,1
RA-934,9.0,9.6,7.52,8.7,9.67,10.0,9.1737,ALFA,Topázio,8.0,Feminino,,9.375,,2023,Privada,0,0.0,1
RA-934,9.502,9.75,7.51,8.5,7.75,5.0,8.338700000000001,ALFA,Topázio,9.0,Feminino,,9.375,EM Amanda Consuelo da Cunha,2024,Privada,1,-0.1999999999999993,0
RA-935,0.0,9.8,7.52,9.4,9.67,5.0,7.9535,ALFA,Ametista,9.0,Masculino,,9.375,,2023,Privada,1,0.0,1
RA-935,9.502,10.0,7.51,8.5,7.83,5.0,8.3422,ALFA,Topázio,10.0,Masculino,,8.75,EE Jardim Campestre,2024,Pública,1,-0.9000000000000004,0
RA-936,9.0,10.0,7.52,6.5,8.915,10.0,8.5477,ALFA,Topázio,,Feminino,,8.125,,2023,Privada,0,0.0,1
RA-937,9.5,9.6,7.52,9.2,9.67,10.0,9.3237,ALFA,Topázio,,Feminino,,9.375,,2023,Privada,0,0.0,1
RA-937,10.002,10.0,9.38,7.5,7.83,5.0,8.3792,ALFA,Topázio,9.0,Feminino,,8.75,EE Helio Luiz Dobrochinski Prof,2024,Pública,1,-1.6999999999999993,0
RA-938,8.5,8.4,7.52,4.2,7.5,5.0,6.7372,ALFA,Agata,,Masculino,,6.25,,2023,Privada,1,0.0,1
RA-938,9.502,9.544513457499999,7.51,7.75,7.665,5.0,8.0056026915,ALFA,Topázio,10.0,Masculino,,8.125,EM Amanda Consuelo da Cunha,2024,Privada,1,3.55,0
RA-939,9.0,10.0,7.52,5.4,10.01,5.0,7.9742,ALFA,Ametista,,Feminino,,7.5,,2023,Privada,1,0.0,1
RA-939,9.002,8.8833992095,5.63,5.0,7.495,5.0,7.051379841899999,1N,Ametista,12.0,Feminino,,8.125,EE Donizetti Aparecido Leite Professor,2024,Pública,1,-0.40000000000000036,0
RA-94,8.3,9.6,8.1,7.7,9.583,10.0,8.921,5,Ametista,15.0,Feminino,Sim,,,2022,Privada,0,0.0,1
RA-94,7.5,9.6,2.52,7.2,7.795,5.0,7.289333333,FASE 5,Ametista,,Feminino,,8.75,,2023,Privada,1,-0.5,0
RA-94,10.002,9.666666666666666,6.26,8.0,8.2,10.0,8.637033333333335,6L,Topázio,17.0,Feminino,,8.375,Colégio Arco Íris Evolução,2024,Privada,0,0.7999999999999998,0
RA-940,9.0,8.4,2.52,6.3,7.02,5.0,6.6112,ALFA,Agata,,Masculino,,6.25,,2023,Privada,1,0.0,1
RA-941,8.0,10.0,7.52,5.0,8.175,10.0,7.6872,ALFA,Ametista,,Feminino,,5.0,,2023,Privada,0,0.0,1
RA-941,8.002,9.25,5.01,8.75,7.665,5.0,7.746700000000001,ALFA,Ametista,9.0,Feminino,,8.125,EM Amanda Consuelo da Cunha,2024,Privada,1,3.75,0
RA-942,9.5,8.9,2.52,7.1,7.0,5.0,6.8547,ALFA,Agata,10.0,Feminino,,5.625,,2023,Privada,1,0.0,1
RA-943,9.5,9.4,7.52,8.0,9.925,10.0,8.9172,ALFA,Topázio,,Feminino,,7.5,,2023,Privada,0,0.0,1
RA-943,10.002,10.0,7.51,8.0,8.59,10.0,8.965033333300001,1L,Topázio,9.0,Feminino,,8.958333333,EM Amanda Consuelo da Cunha,2024,Privada,0,0.0,0
RA-944,9.0,7.6,7.52,7.5,6.67,5.0,7.0687,ALFA,Ametista,9.0,Feminino,,5.625,,2023,Privada,1,0.0,1
RA-944,9.002,7.25,7.51,9.0,7.75,5.0,7.8262,ALFA,Ametista,10.0,Feminino,,8.75,EM Cecilia Cristina de Oliveira Rodrigues,2024,Privada,1,1.5,0
RA-945,8.5,9.2,7.52,7.9,6.84,10.0,8.0777,ALFA,Topázio,,Masculino,,6.875,,2023,Privada,0,0.0,1
RA-945,9.002,9.511904762,2.51,8.75,6.83,5.0,7.4195809524000005,ALFA,Ametista,9.0,Masculino,,7.5,EM Cecilia Cristina de Oliveira Rodrigues,2024,Privada,1,0.8499999999999996,0
RA-946,9.5,9.4,7.52,9.3,7.0,10.0,8.5822,ALFA,Topázio,,Masculino,,7.5,,2023,Privada,0,0.0,1
RA-946,9.502,8.7976190475,2.51,4.5,7.835,5.0,6.677723809500001,ALFA,Agata,8.0,Masculino,,7.5,EE Helio Luiz Dobrochinski Prof,2024,Pública,1,-4.800000000000001,0
RA-947,9.0,7.9,7.52,3.3,5.08,10.0,6.3457,ALFA,Agata,,Masculino,,4.375,,2023,Privada,0,0.0,1
RA-947,9.002,7.619047619,7.51,4.5,4.58,5.0,6.053509523800001,ALFA,Agata,9.0,Masculino,,5.625,EE Helio Luiz Dobrochinski Prof,2024,Pública,1,1.2000000000000002,0
RA-948,9.0,7.6,7.52,0.0,8.34,10.0,6.5277,ALFA,Agata,8.0,Feminino,,6.875,,2023,Privada,0,0.0,1
RA-949,9.5,8.1,7.52,8.9,6.5,10.0,8.0172,ALFA,Topázio,,Feminino,,6.25,,2023,Privada,0,0.0,1
RA-949,9.002,8.7857142855,7.51,6.5,6.495,5.0,7.1323428571,ALFA,Ametista,9.0,Feminino,,6.25,EE Luiz Schunck,2024,Pública,1,-2.4000000000000004,0
RA-95,8.3,6.6,7.5,4.8,6.292,5.0,6.308,5,,17.0,Feminino,Não,,,2022,Privada,1,0.0,1
RA-950,9.0,10.0,7.52,9.3,8.17,10.0,8.8862,ALFA,Topázio,8.0,Feminino,,7.5,,2023,Privada,0,0.0,1
RA-950,9.502,9.023809524,7.51,7.0,8.0,5.0,7.693461904800001,ALFA,Ametista,9.0,Feminino,,6.875,EE Helio Luiz Dobrochinski Prof,2024,Pública,1,-2.3000000000000007,0
RA-951,9.5,9.7,7.52,8.4,9.09,10.0,8.8902,ALFA,Topázio,7.0,Feminino,,7.5,,2023,Privada,0,0.0,1
RA-951,10.002,9.0357142855,2.51,4.0,7.325,5.0,6.4483428571,ALFA,Agata,8.0,Feminino,,6.25,João Friaza Colégio,2024,Privada,1,-4.4,0
RA-952,9.5,9.2,3.77,9.0,8.425,10.0,8.37095,ALFA,Topázio,8.0,Masculino,,7.1875,,2023,Privada,0,0.0,1
RA-952,9.502,9.545454545,6.26,8.5,9.175,10.0,8.853624242300002,1N,Topázio,9.0,Masculino,,8.333333333,EE Helio Luiz Dobrochinski Prof,2024,Pública,0,-0.5,0
RA-953,7.4,8.8,3.14,8.3,7.09,10.0,7.54005,ALFA,Ametista,,Feminino,,6.5625,,2023,Privada,0,0.0,1
RA-953,9.002,6.85770751,6.26,8.5,7.755,10.0,7.961241502000001,1N,Ametista,9.0,Feminino,,8.125,EE Helio Luiz Dobrochinski Prof,2024,Pública,0,0.1999999999999993,0
RA-954,0.0,8.3,3.14,7.7,8.005,10.0,6.82375,ALFA,Agata,8.0,Feminino,,7.1875,,2023,Privada,0,0.0,1
RA-954,9.502,8.8833992095,6.26,7.75,7.835,10.0,8.2823798419,1N,Topázio,9.0,Feminino,,8.125,EM Cecilia Cristina de Oliveira Rodrigues,2024,Privada,0,0.04999999999999982,0
RA-955,9.0,8.8,3.14,7.8,7.09,5.0,7.1297,ALFA,Ametista,10.0,Feminino,,6.875,,2023,Privada,1,0.0,1
RA-955,0.0,6.904761905,7.51,5.75,8.255,5.0,6.245452381,1K,Agata,11.0,Feminino,,8.125,EE Maria André Schunck Dona,2024,Pública,1,-2.05,0
RA-956,8.0,7.5,7.52,7.8,9.345,5.0,7.7312,ALFA,Ametista,11.0,Masculino,,7.5,,2023,Privada,1,0.0,1
RA-956,9.502,6.017786561,6.885,3.25,7.085,5.0,6.1175906455,1N,Agata,12.0,Masculino,,7.083333333,Estuda em outra cidade,2024,Privada,1,-4.55,0
RA-957,10.0,9.3,7.52,9.1,9.925,10.0,9.1672,ALFA,Topázio,,Feminino,,7.5,,2023,Privada,0,0.0,1
RA-958,10.0,9.8,7.52,9.3,9.84,10.0,9.2902,ALFA,Topázio,,Feminino,,7.5,,2023,Privada,0,0.0,1
RA-958,10.002,10.0,6.26,10.0,9.76,10.0,9.531325,1M,Topázio,9.0,Feminino,,9.53125,EE Jardim Campestre,2024,Pública,0,0.6999999999999993,0
RA-959,10.0,9.6,7.52,7.7,8.84,10.0,8.6677,ALFA,Topázio,8.0,Masculino,,6.875,,2023,Privada,0,0.0,1
RA-959,10.002,9.7368421055,7.51,9.5,7.5,5.0,8.379818421100001,ALFA,Topázio,9.0,Masculino,,7.8125,EE Jardim Campestre,2024,Pública,1,1.7999999999999998,0
RA-96,9.2,7.8,6.9,6.7,8.5,5.0,7.54,5,,16.0,Masculino,Sim,,,2022,Privada,1,0.0,1
RA-96,9.6,8.9,7.52,6.4,7.84,5.0,7.610791667,FASE 6,Ametista,17.0,Masculino,,7.65625,,2023,Privada,1,-0.2999999999999998,0
RA-96,,0.0,,,,10.0,,8F,,18.0,Masculino,,,Concluiu o 3º EM,2024,Privada,0,0.0,0
RA-960,8.5,10.0,7.52,6.3,5.85,5.0,7.0847,ALFA,Ametista,10.0,Masculino,,5.625,,2023,Privada,1,0.0,1
RA-960,0.0,8.095238095,7.51,3.0,5.33,5.0,5.286047619,1K,Quartzo,11.0,Masculino,,7.5,EM Cecilia Cristina de Oliveira Rodrigues,2024,Privada,1,-3.3,0
RA-961,0.0,8.7,2.52,6.2,8.665,5.0,5.99625,ALFA,Quartzo,9.0,Masculino,,5.3125,,2023,Privada,1,0.0,1
RA-961,9.002,8.8923395445,6.26,5.5,5.155,5.0,6.529417908900001,1M,Agata,10.0,Masculino,,5.9375,EM Alfredo Schunk,2024,Privada,1,-0.7000000000000002,0
RA-962,9.0,9.2,7.52,8.7,10.01,5.0,8.4742,ALFA,Topázio,,Feminino,,7.5,,2023,Privada,1,0.0,1
RA-963,9.5,9.8,7.52,8.5,10.01,5.0,8.6142,ALFA,Topázio,,Feminino,,7.5,,2023,Privada,1,0.0,1
RA-963,7.502,9.761904762,7.51,7.5,8.045,10.0,8.375080952400001,1R,Topázio,10.0,Feminino,,8.125,EE Helio Luiz Dobrochinski Prof,2024,Pública,0,-1.0,0
RA-964,8.5,9.4,7.52,7.2,8.5,5.0,7.7997,ALFA,Ametista,9.0,Masculino,,6.875,,2023,Privada,1,0.0,1
RA-964,9.502,8.333333332999999,7.51,7.25,7.1675,5.0,7.548241666600001,1R,Ametista,10.0,Masculino,,7.96875,EM Juvenal Coutinho,2024,Privada,1,0.04999999999999982,0
RA-965,8.5,8.2,6.27,4.7,7.18,5.0,6.4832,ALFA,Agata,9.0,Feminino,,5.0,,2023,Privada,1,0.0,1
RA-965,9.002,6.4772727275,7.51,2.25,6.83,5.0,6.1376545455,ALFA,Agata,10.0,Feminino,,8.75,EE Luiz Schunck,2024,Pública,1,-2.45,0
RA-966,10.0,10.0,7.52,5.0,7.675,5.0,7.44345,ALFA,Ametista,,Masculino,,6.5625,,2023,Privada,1,0.0,1
RA-966,9.502,8.568181818,7.51,9.0,7.335,5.0,7.9943363636,ALFA,Ametista,10.0,Masculino,,8.125,EE Helio Luiz Dobrochinski Prof,2024,Pública,1,4.0,0
RA-967,9.5,8.0,7.52,6.5,7.35,5.0,7.1347,ALFA,Ametista,,Masculino,,5.625,,2023,Privada,1,0.0,1
RA-967,9.502,3.5714285715,7.51,4.75,4.995,5.0,5.442610714300001,1R,Quartzo,11.0,Masculino,,5.78125,EE Luiz Schunck,2024,Pública,1,-1.75,0
RA-968,9.0,9.7,7.52,8.3,10.01,5.0,8.4942,ALFA,Topázio,,Feminino,,7.5,,2023,Privada,1,0.0,1
RA-968,9.002,8.8095238095,7.51,7.75,7.6675,5.0,7.8403547619000005,1R,Ametista,10.0,Feminino,,8.4375,EE Luiz Schunck,2024,Pública,1,-0.5500000000000007,0
RA-969,8.5,9.7,7.52,5.5,7.51,10.0,7.7692,ALFA,Ametista,8.0,Masculino,,6.25,,2023,Privada,0,0.0,1
RA-969,9.002,7.8636363634999995,7.51,7.25,7.335,5.0,7.453427272700001,ALFA,Ametista,9.0,Masculino,,8.125,EE Helio Luiz Dobrochinski Prof,2024,Pública,1,1.75,0
RA-97,7.5,8.8,5.0,6.9,6.292,10.0,7.468,5,Ametista,15.0,Feminino,Não,,,2022,Privada,0,0.0,1
RA-970,8.5,8.1,7.52,9.4,9.84,10.0,8.9977,ALFA,Topázio,,Feminino,,9.375,,2023,Privada,0,0.0,1
RA-971,7.8,6.4,3.77,6.9,8.17,10.0,7.0169,ALFA,Ametista,,Masculino,,5.625,,2023,Privada,0,0.0,1
RA-971,7.418,7.909090909,7.51,6.75,6.085,5.0,6.8916181818,ALFA,Agata,9.0,Masculino,,7.5,EE Luiz Schunck,2024,Pública,1,-0.15000000000000036,0
RA-972,9.0,9.1,3.77,6.0,7.84,10.0,7.5427,ALFA,Ametista,8.0,Masculino,,6.875,,2023,Privada,0,0.0,1
RA-972,9.502,8.3863636365,7.51,6.75,7.17,5.0,7.537472727300001,ALFA,Ametista,9.0,Masculino,,8.75,EM Etelvina Delfim Simões,2024,Privada,1,0.75,0
RA-973,0.0,8.6,3.77,5.2,7.415,5.0,5.82875,ALFA,Quartzo,,Masculino,,7.1875,,2023,Privada,1,0.0,1
RA-973,10.002,9.318181818,7.51,3.75,6.585,5.0,6.9318363636,ALFA,Agata,10.0,Masculino,,7.5,EM Cecilia Cristina de Oliveira Rodrigues,2024,Privada,1,-1.4500000000000002,0
RA-974,9.0,9.1,3.77,8.8,9.34,10.0,8.4752,ALFA,Topázio,,Masculino,,7.5,,2023,Privada,0,0.0,1
RA-974,9.502,9.282608695499999,7.51,6.5,7.5,5.0,7.6077217391,ALFA,Ametista,8.0,Masculino,,7.5,EE Helio Luiz Dobrochinski Prof,2024,Pública,1,-2.3000000000000007,0
RA-975,7.9,9.2,7.52,6.5,7.67,10.0,7.7803,ALFA,Ametista,,Feminino,,5.625,,2023,Privada,0,0.0,1
RA-975,8.502,7.708333333500001,5.01,8.0,7.33,5.0,7.1463666667000005,ALFA,Ametista,8.0,Feminino,,6.875,EE Luiz Schunck,2024,Pública,1,1.5,0
RA-976,9.5,9.2,6.27,8.6,8.34,10.0,8.39895,ALFA,Topázio,,Masculino,,5.9375,,2023,Privada,0,0.0,1
RA-977,8.5,7.4,5.02,5.8,8.085,10.0,7.1717,ALFA,Ametista,7.0,Feminino,,5.625,,2023,Privada,0,0.0,1
RA-977,10.002,7.291666666499999,6.26,7.0,7.58,5.0,7.188033333300001,ALFA,Ametista,8.0,Feminino,,6.875,EE Luiz Schunck,2024,Pública,1,1.2000000000000002,0
RA-978,9.0,9.8,3.77,8.6,9.34,10.0,8.3877,ALFA,Topázio,,Feminino,,5.625,,2023,Privada,0,0.0,1
RA-978,9.502,9.5,6.26,6.5,7.5,5.0,7.4637,ALFA,Ametista,8.0,Feminino,,6.875,EE Luiz Schunck,2024,Pública,1,-2.0999999999999996,0
RA-979,9.5,9.6,6.27,6.0,9.51,10.0,8.1617,ALFA,Topázio,8.0,Masculino,,5.625,,2023,Privada,0,0.0,1
RA-979,9.502,9.5227272725,7.51,8.25,7.335,5.0,8.0352454545,ALFA,Topázio,9.0,Masculino,,8.125,EM Etelvina Delfim Simões,2024,Privada,1,2.25,0
RA-98,8.8,10.0,9.4,8.5,9.667,10.0,9.354,5,Topázio,15.0,Feminino,Sim,,,2022,Privada,0,0.0,1
RA-98,7.9,,2.52,,,10.0,,FASE 7,,15.0,Feminino,,,,2023,Privada,0,0.0,0
RA-98,9.585,9.546,7.1975,8.9,7.5,10.0,8.617450000000002,7E,Topázio,16.0,Feminino,,7.5,FIAP School - SP,2024,Privada,0,0.0,0
RA-980,0.0,9.8,5.02,6.3,9.34,10.0,7.1425,ALFA,Ametista,8.0,Feminino,,5.625,,2023,Privada,0,0.0,1
RA-980,9.002,9.058441558,7.51,6.25,7.4175,10.0,7.946388311600001,1P,Ametista,9.0,Feminino,,7.5,EE Luiz Schunck,2024,Pública,0,-0.04999999999999982,0
RA-981,9.5,9.1,2.52,5.8,9.01,10.0,7.5367,ALFA,Ametista,7.0,Feminino,,5.625,,2023,Privada,0,0.0,1
RA-981,9.002,7.010869565,6.26,6.0,6.99,5.0,6.6513739130000005,ALFA,Agata,8.0,Feminino,,6.25,EE Helio Luiz Dobrochinski Prof,2024,Pública,1,0.20000000000000018,0
RA-982,0.0,9.1,2.52,8.6,8.835,10.0,7.1215,ALFA,Ametista,7.0,Masculino,,5.625,,2023,Privada,0,0.0,1
RA-982,10.002,8.365800865499999,7.51,8.25,6.79,10.0,8.119860173100001,1P,Topázio,8.0,Masculino,,6.875,EE Luiz Schunck,2024,Pública,0,-0.34999999999999964,0
RA-983,8.5,9.9,2.52,8.8,9.415,10.0,8.3502,ALFA,Topázio,8.0,Masculino,,6.25,,2023,Privada,0,0.0,1
RA-984,8.0,9.8,7.52,8.3,9.84,10.0,8.8177,ALFA,Topázio,8.0,Feminino,,6.875,,2023,Privada,0,0.0,1
RA-984,9.502,9.761904762,7.51,7.0,8.045,10.0,8.475080952400003,1R,Topázio,9.0,Feminino,,8.125,EE Luiz Schunck,2024,Pública,0,-1.3000000000000007,0
RA-985,9.0,9.3,2.52,6.8,8.5,10.0,7.6247,ALFA,Ametista,8.0,Masculino,,5.625,,2023,Privada,0,0.0,1
RA-985,8.502,10.0,6.26,7.5,7.585,10.0,8.2432,1P,Topázio,9.0,Masculino,,7.5,EE Helio Luiz Dobrochinski Prof,2024,Pública,0,0.7000000000000002,0
RA-986,9.5,9.1,2.52,8.3,8.83,10.0,8.0107,ALFA,Topázio,8.0,Feminino,,5.625,,2023,Privada,0,0.0,1
RA-986,10.002,9.2965367965,6.26,8.5,6.8325,10.0,8.2603406926,1P,Topázio,9.0,Feminino,,7.083333333,EE Luiz Schunck,2024,Pública,0,0.1999999999999993,0
RA-987,0.0,9.8,6.27,7.3,9.76,10.0,7.6765,ALFA,Ametista,8.0,Masculino,,6.875,,2023,Privada,0,0.0,1
RA-987,9.002,9.0692640695,7.51,7.5,7.835,10.0,8.3028861472,1P,Topázio,9.0,Masculino,,7.708333333,EE Luiz Schunck,2024,Pública,0,0.20000000000000018,0
RA-988,7.9,8.1,7.52,8.5,9.84,5.0,7.9568,ALFA,Ametista,,Feminino,,6.25,,2023,Privada,1,0.0,1
RA-988,9.502,10.0,7.51,7.75,7.96,5.0,8.1765333333,1P,Topázio,10.0,Feminino,,8.333333333,EE Helio Luiz Dobrochinski Prof,2024,Pública,1,-0.75,0
RA-989,9.5,8.1,2.52,8.3,10.01,5.0,7.7242,ALFA,Ametista,9.0,Masculino,,7.5,,2023,Privada,1,0.0,1
RA-989,9.502,7.8571428569999995,6.26,6.0,6.54,10.0,7.3743785714,1R,Ametista,10.0,Masculino,,7.1875,EE Luiz Schunck,2024,Pública,0,-2.3000000000000007,0
RA-99,8.8,6.3,7.5,5.0,5.833,5.0,6.158,5,Ágata,16.0,Masculino,Não,,,2022,Privada,1,0.0,1
RA-99,7.9,8.3,5.63,4.5,7.4225,5.0,6.68045,FASE 6,Agata,17.0,Masculino,,7.8125,,2023,Privada,1,-0.5,0
RA-990,0.0,8.5,7.52,7.8,10.01,5.0,7.254,ALFA,Ametista,,Masculino,,7.5,,2023,Privada,1,0.0,1
RA-990,9.502,7.5,7.51,8.0,8.336666667,5.0,7.812283333400001,1A,Ametista,10.0,Masculino,,8.4375,EE Chácara Florida II,2024,Pública,1,0.20000000000000018,0
RA-991,10.0,9.1,3.14,7.7,9.585,5.0,7.7687,ALFA,Ametista,9.0,Feminino,,6.875,,2023,Privada,1,0.0,1
RA-991,9.002,8.181818182,6.26,6.5,6.723333333,5.0,7.057230303000001,1A,Ametista,10.0,Feminino,,7.5,EM Etelvina Delfim Simões,2024,Privada,1,-1.2000000000000002,0
RA-992,9.5,8.2,3.14,8.0,8.84,5.0,7.2722,ALFA,Ametista,10.0,Masculino,,5.0,,2023,Privada,1,0.0,1
RA-993,9.5,9.8,3.77,8.6,10.01,10.0,8.7592,ALFA,Topázio,8.0,Feminino,,7.5,,2023,Privada,0,0.0,1
RA-994,9.5,9.4,3.77,6.0,7.265,10.0,7.4127,ALFA,Ametista,8.0,Feminino,,5.625,,2023,Privada,0,0.0,1
RA-994,9.002,9.532608695499999,6.88,8.25,7.33,5.0,7.7982217391,ALFA,Ametista,9.0,Feminino,,6.875,EE Levi Pereira Martins Professor,2024,Pública,1,2.25,0
RA-995,9.5,7.9,3.77,5.1,7.18,5.0,6.4782,ALFA,Agata,,Feminino,,6.25,,2023,Privada,1,0.0,1
RA-995,10.002,5.3896103895,5.635,2.0,4.25,5.0,5.110372077899999,1E,Quartzo,12.0,Feminino,,7.1875,EE Mario Francisco de Amorim,2024,Pública,1,-3.0999999999999996,0
RA-996,10.0,9.2,3.77,8.6,10.01,5.0,8.1892,ALFA,Topázio,9.0,Masculino,,7.5,,2023,Privada,1,0.0,1
RA-997,7.5,8.7,3.77,7.1,8.595,10.0,7.5687,ALFA,Ametista,8.0,Masculino,,5.625,,2023,Privada,0,0.0,1
RA-998,9.5,9.3,3.77,7.9,9.84,5.0,7.9752,ALFA,Ametista,11.0,Feminino,,7.5,,2023,Privada,1,0.0,1
RA-999,9.0,9.4,3.77,8.3,9.84,5.0,8.0352,ALFA,Topázio,,Masculino,,7.5,,2023,Privada,1,0.0,1
